[2025/08/10 20:34:06 688] lgi        332  lgi params:  appid =5e7d9f3e, work_dir = .  
[2025/08/10 20:34:06 689] lgi        346  auth_time_str=  2025/08/10 20:34:06  
[2025/08/10 20:34:06 690] lgi        352  auth_appid=  5e7d9f3e  
[2025/08/10 20:34:06 690] lgi        363  token:  nil  
[2025/08/10 20:34:06 690] lgi        436  msc cver : 5.0.38.1195  
[2025/08/10 20:34:06 690] lgi        479  ns_enable=  1  
[2025/08/10 20:34:06 691] lgi        491  prot_ver=1  
[2025/08/10 20:34:06 691] lgi        502  prot_type=tcp  
[2025/08/10 20:34:06 691] lgi        653  SYS_MSG_UNLOAD  go bg!  
[2025/08/10 20:34:07 069] lgi        657  SYS_MSG_SHUTDOWN  
Time  2025/08/10 20:34:06 946 
============================================================
[2025/08/10 20:34:06 946] lgi        644  SYS_MSG_LOAD  
[2025/08/10 20:34:06 949] lgi        666  SYS_MSG_REGCB  msp_status_cb  func(60013820) 
[2025/08/10 20:34:06 949] lgi        292  LGI_MSG_INIT  
[2025/08/10 20:34:06 949] lgi        299  lgi  lgi_  268436457  1588040621  
[2025/08/10 20:34:06 949] lgi        332  lgi params:  appid =5e7d9f3e, work_dir = .  
[2025/08/10 20:34:06 949] lgi        346  auth_time_str=  2025/08/10 20:34:06  
[2025/08/10 20:34:06 950] lgi        352  auth_appid=  5e7d9f3e  
[2025/08/10 20:34:06 950] lgi        363  token:  nil  
[2025/08/10 20:34:06 950] lgi        436  msc cver : 5.0.38.1195  
[2025/08/10 20:34:06 950] lgi        479  ns_enable=  1  
[2025/08/10 20:34:06 950] lgi        491  prot_ver=1  
[2025/08/10 20:34:06 950] lgi        502  prot_type=tcp  
[2025/08/10 20:34:06 951] lgi        653  SYS_MSG_UNLOAD  go bg!  
[2025/08/10 20:34:07 075] lgi        657  SYS_MSG_SHUTDOWN  
============================================================
Time  2025/08/10 20:34:07 192 
============================================================
[2025/08/10 20:34:07 192] lgi        644  SYS_MSG_LOAD  
[2025/08/10 20:34:07 198] lgi        666  SYS_MSG_REGCB  msp_status_cb  func(5c053250) 
[2025/08/10 20:34:07 198] lgi        292  LGI_MSG_INIT  
[2025/08/10 20:34:07 199] lgi        299  lgi  lgi_  268436457  1588040621  
[2025/08/10 20:34:07 199] lgi        332  lgi params:  appid =5e7d9f3e, work_dir = .  
[2025/08/10 20:34:07 199] lgi        346  auth_time_str=  2025/08/10 20:34:07  
[2025/08/10 20:34:07 199] lgi        352  auth_appid=  5e7d9f3e  
[2025/08/10 20:34:07 199] lgi        363  token:  nil  
[2025/08/10 20:34:07 199] lgi        436  msc cver : 5.0.38.1195  
[2025/08/10 20:34:07 200] lgi        479  ns_enable=  1  
[2025/08/10 20:34:07 200] lgi        491  prot_ver=1  
[2025/08/10 20:34:07 200] lgi        502  prot_type=tcp  
[2025/08/10 20:34:07 201] lgi        653  SYS_MSG_UNLOAD  go bg!  
[2025/08/10 20:34:07 618] lgi        657  SYS_MSG_SHUTDOWN  
============================================================
Time  2025/08/10 20:34:07 703 
============================================================
[2025/08/10 20:34:07 703] lgi        644  SYS_MSG_LOAD  
[2025/08/10 20:34:07 706] lgi        666  SYS_MSG_REGCB  msp_status_cb  func(60013820) 
[2025/08/10 20:34:07 706] lgi        292  LGI_MSG_INIT  
[2025/08/10 20:34:07 706] lgi        299  lgi  lgi_  268436457  1588040621  
[2025/08/10 20:34:07 707] lgi        332  lgi params:  appid =5e7d9f3e, work_dir = .  
[2025/08/10 20:34:07 707] lgi        346  auth_time_str=  2025/08/10 20:34:07  
[2025/08/10 20:34:07 707] lgi        352  auth_appid=  5e7d9f3e  
[2025/08/10 20:34:07 707] lgi        363  token:  nil  
[2025/08/10 20:34:07 707] lgi        436  msc cver : 5.0.38.1195  
[2025/08/10 20:34:07 707] lgi        479  ns_enable=  1  
[2025/08/10 20:34:07 707] lgi        491  prot_ver=1  
[2025/08/10 20:34:07 707] lgi        502  prot_type=tcp  
[2025/08/10 20:34:07 708] lgi        653  SYS_MSG_UNLOAD  go bg!  
[2025/08/10 20:34:07 860] lgi        657  SYS_MSG_SHUTDOWN  
[2025/08/10 20:34:08 333] lgi        657  SYS_MSG_SHUTDOWN  
============================================================
Time  2025/08/10 20:34:08 415 
============================================================
[2025/08/10 20:34:08 415] lgi        644  SYS_MSG_LOAD  
[2025/08/10 20:34:08 419] lgi        666  SYS_MSG_REGCB  msp_status_cb  func(70013820) 
[2025/08/10 20:34:08 419] lgi        292  LGI_MSG_INIT  
[2025/08/10 20:34:08 419] lgi        299  lgi  lgi_  268436457  1588040621  
[2025/08/10 20:34:08 420] lgi        332  lgi params:  appid =5e7d9f3e, work_dir = .  
[2025/08/10 20:34:08 420] lgi        346  auth_time_str=  2025/08/10 20:34:08  
[2025/08/10 20:34:08 420] lgi        352  auth_appid=  5e7d9f3e  
[2025/08/10 20:34:08 420] lgi        363  token:  nil  
[2025/08/10 20:34:08 420] lgi        436  msc cver : 5.0.38.1195  
[2025/08/10 20:34:08 420] lgi        479  ns_enable=  1  
[2025/08/10 20:34:08 420] lgi        491  prot_ver=1  
[2025/08/10 20:34:08 420] lgi        502  prot_type=tcp  
[2025/08/10 20:34:08 421] lgi        653  SYS_MSG_UNLOAD  go bg!  
============================================================
Time  2025/08/10 20:34:08 964 
============================================================
[2025/08/10 20:34:08 964] lgi        644  SYS_MSG_LOAD  
[2025/08/10 20:34:08 967] lgi        666  SYS_MSG_REGCB  msp_status_cb  func(60053250) 
[2025/08/10 20:34:08 968] lgi        292  LGI_MSG_INIT  
[2025/08/10 20:34:08 968] lgi        299  lgi  lgi_  268436457  1588040621  
[2025/08/10 20:34:08 968] lgi        332  lgi params:  appid =5e7d9f3e, work_dir = .  
[2025/08/10 20:34:08 968] lgi        346  auth_time_str=  2025/08/10 20:34:08  
[2025/08/10 20:34:08 969] lgi        352  auth_appid=  5e7d9f3e  
[2025/08/10 20:34:08 969] lgi        363  token:  nil  
[2025/08/10 20:34:08 969] lgi        436  msc cver : 5.0.38.1195  
[2025/08/10 20:34:08 969] lgi        479  ns_enable=  1  
[2025/08/10 20:34:08 969] lgi        491  prot_ver=1  
[2025/08/10 20:34:08 969] lgi        502  prot_type=tcp  
[2025/08/10 20:34:08 970] lgi        653  SYS_MSG_UNLOAD  go bg!  
[2025/08/10 20:34:09 045] lgi        657  SYS_MSG_SHUTDOWN  
============================================================
Time  2025/08/10 20:34:09 379 
============================================================
[2025/08/10 20:34:09 379] lgi        644  SYS_MSG_LOAD  
[2025/08/10 20:34:09 384] lgi        666  SYS_MSG_REGCB  msp_status_cb  func(740137e0) 
[2025/08/10 20:34:09 384] lgi        292  LGI_MSG_INIT  
[2025/08/10 20:34:09 385] lgi        299  lgi  lgi_  268436457  1588040621  
[2025/08/10 20:34:09 385] lgi        332  lgi params:  appid =5e7d9f3e, work_dir = .  
[2025/08/10 20:34:09 386] lgi        346  auth_time_str=  2025/08/10 20:34:09  
[2025/08/10 20:34:09 386] lgi        352  auth_appid=  5e7d9f3e  
[2025/08/10 20:34:09 386] lgi        363  token:  nil  
[2025/08/10 20:34:09 386] lgi        436  msc cver : 5.0.38.1195  
[2025/08/10 20:34:09 386] lgi        479  ns_enable=  1  
[2025/08/10 20:34:09 386] lgi        491  prot_ver=1  
[2025/08/10 20:34:09 386] lgi        502  prot_type=tcp  
[2025/08/10 20:34:09 387] lgi        653  SYS_MSG_UNLOAD  go bg!  
============================================================
Time  2025/08/10 20:34:09 662 
============================================================
[2025/08/10 20:34:09 663] lgi        644  SYS_MSG_LOAD  
[2025/08/10 20:34:09 665] lgi        666  SYS_MSG_REGCB  msp_status_cb  func(60013820) 
[2025/08/10 20:34:09 666] lgi        292  LGI_MSG_INIT  
[2025/08/10 20:34:09 666] lgi        299  lgi  lgi_  268436457  1588040621  
[2025/08/10 20:34:09 666] lgi        332  lgi params:  appid =5e7d9f3e, work_dir = .  
[2025/08/10 20:34:09 666] lgi        346  auth_time_str=  2025/08/10 20:34:09  
[2025/08/10 20:34:09 666] lgi        352  auth_appid=  5e7d9f3e  
[2025/08/10 20:34:09 666] lgi        363  token:  nil  
[2025/08/10 20:34:09 667] lgi        436  msc cver : 5.0.38.1195  
[2025/08/10 20:34:09 667] lgi        479  ns_enable=  1  
[2025/08/10 20:34:09 667] lgi        491  prot_ver=1  
[2025/08/10 20:34:09 667] lgi        502  prot_type=tcp  
[2025/08/10 20:34:09 668] lgi        653  SYS_MSG_UNLOAD  go bg!  
[2025/08/10 20:34:09 685] lgi        657  SYS_MSG_SHUTDOWN  
[2025/08/10 20:34:09 965] lgi        657  SYS_MSG_SHUTDOWN  
[2025/08/10 20:34:10 020] lgi        657  SYS_MSG_SHUTDOWN  
============================================================
Time  2025/08/10 20:34:10 055 
============================================================
[2025/08/10 20:34:10 055] lgi        644  SYS_MSG_LOAD  
[2025/08/10 20:34:10 060] lgi        666  SYS_MSG_REGCB  msp_status_cb  func(80053250) 
[2025/08/10 20:34:10 060] lgi        292  LGI_MSG_INIT  
[2025/08/10 20:34:10 060] lgi        299  lgi  lgi_  268436457  1588040621  
[2025/08/10 20:34:10 061] lgi        332  lgi params:  appid =5e7d9f3e, work_dir = .  
[2025/08/10 20:34:10 061] lgi        346  auth_time_str=  2025/08/10 20:34:10  
[2025/08/10 20:34:10 061] lgi        352  auth_appid=  5e7d9f3e  
[2025/08/10 20:34:10 061] lgi        363  token:  nil  
[2025/08/10 20:34:10 061] lgi        436  msc cver : 5.0.38.1195  
[2025/08/10 20:34:10 061] lgi        479  ns_enable=  1  
[2025/08/10 20:34:10 061] lgi        491  prot_ver=1  
[2025/08/10 20:34:10 062] lgi        502  prot_type=tcp  
[2025/08/10 20:34:10 062] lgi        653  SYS_MSG_UNLOAD  go bg!  
[2025/08/10 20:34:10 663] lgi        657  SYS_MSG_SHUTDOWN  
============================================================
Time  2025/08/10 20:34:10 823 
============================================================
[2025/08/10 20:34:10 823] lgi        644  SYS_MSG_LOAD  
[2025/08/10 20:34:10 825] lgi        666  SYS_MSG_REGCB  msp_status_cb  func(8c053250) 
[2025/08/10 20:34:10 826] lgi        292  LGI_MSG_INIT  
[2025/08/10 20:34:10 826] lgi        299  lgi  lgi_  268436457  1588040621  
[2025/08/10 20:34:10 826] lgi        332  lgi params:  appid =5e7d9f3e, work_dir = .  
[2025/08/10 20:34:10 826] lgi        346  auth_time_str=  2025/08/10 20:34:10  
[2025/08/10 20:34:10 826] lgi        352  auth_appid=  5e7d9f3e  
[2025/08/10 20:34:10 826] lgi        363  token:  nil  
[2025/08/10 20:34:10 826] lgi        436  msc cver : 5.0.38.1195  
[2025/08/10 20:34:10 827] lgi        479  ns_enable=  1  
[2025/08/10 20:34:10 827] lgi        491  prot_ver=1  
[2025/08/10 20:34:10 827] lgi        502  prot_type=tcp  
[2025/08/10 20:34:10 827] lgi        653  SYS_MSG_UNLOAD  go bg!  
[2025/08/10 20:34:11 063] lgi        657  SYS_MSG_SHUTDOWN  
============================================================
Time  2025/08/10 20:34:11 376 
============================================================
[2025/08/10 20:34:11 376] lgi        644  SYS_MSG_LOAD  
[2025/08/10 20:34:11 378] lgi        666  SYS_MSG_REGCB  msp_status_cb  func(54053250) 
[2025/08/10 20:34:11 378] lgi        292  LGI_MSG_INIT  
[2025/08/10 20:34:11 379] lgi        299  lgi  lgi_  268436457  1588040621  
[2025/08/10 20:34:11 379] lgi        332  lgi params:  appid =5e7d9f3e, work_dir = .  
[2025/08/10 20:34:11 379] lgi        346  auth_time_str=  2025/08/10 20:34:11  
[2025/08/10 20:34:11 379] lgi        352  auth_appid=  5e7d9f3e  
[2025/08/10 20:34:11 379] lgi        363  token:  nil  
[2025/08/10 20:34:11 379] lgi        436  msc cver : 5.0.38.1195  
[2025/08/10 20:34:11 379] lgi        479  ns_enable=  1  
[2025/08/10 20:34:11 379] lgi        491  prot_ver=1  
[2025/08/10 20:34:11 379] lgi        502  prot_type=tcp  
[2025/08/10 20:34:11 380] lgi        653  SYS_MSG_UNLOAD  go bg!  
[2025/08/10 20:34:11 988] lgi        657  SYS_MSG_SHUTDOWN  
============================================================
Time  2025/08/10 20:34:12 908 
============================================================
[2025/08/10 20:34:12 908] lgi        644  SYS_MSG_LOAD  
[2025/08/10 20:34:12 913] lgi        666  SYS_MSG_REGCB  msp_status_cb  func(70053250) 
[2025/08/10 20:34:12 914] lgi        292  LGI_MSG_INIT  
[2025/08/10 20:34:12 914] lgi        299  lgi  lgi_  268436457  1588040621  
[2025/08/10 20:34:12 914] lgi        332  lgi params:  appid =5e7d9f3e, work_dir = .  
[2025/08/10 20:34:12 915] lgi        346  auth_time_str=  2025/08/10 20:34:12  
[2025/08/10 20:34:12 915] lgi        352  auth_appid=  5e7d9f3e  
[2025/08/10 20:34:12 915] lgi        363  token:  nil  
[2025/08/10 20:34:12 915] lgi        436  msc cver : 5.0.38.1195  
[2025/08/10 20:34:12 915] lgi        479  ns_enable=  1  
[2025/08/10 20:34:12 916] lgi        491  prot_ver=1  
[2025/08/10 20:34:12 916] lgi        502  prot_type=tcp  
[2025/08/10 20:34:12 917] lgi        653  SYS_MSG_UNLOAD  go bg!  
============================================================
Time  2025/08/10 20:34:13 054 
============================================================
[2025/08/10 20:34:13 054] lgi        644  SYS_MSG_LOAD  
[2025/08/10 20:34:13 059] lgi        666  SYS_MSG_REGCB  msp_status_cb  func(70013850) 
[2025/08/10 20:34:13 059] lgi        292  LGI_MSG_INIT  
[2025/08/10 20:34:13 060] lgi        299  lgi  lgi_  268436457  1588040621  
[2025/08/10 20:34:13 060] lgi        332  lgi params:  appid =5e7d9f3e, work_dir = .  
[2025/08/10 20:34:13 060] lgi        346  auth_time_str=  2025/08/10 20:34:13  
[2025/08/10 20:34:13 060] lgi        352  auth_appid=  5e7d9f3e  
[2025/08/10 20:34:13 060] lgi        363  token:  nil  
[2025/08/10 20:34:13 061] lgi        436  msc cver : 5.0.38.1195  
[2025/08/10 20:34:13 061] lgi        479  ns_enable=  1  
[2025/08/10 20:34:13 061] lgi        491  prot_ver=1  
[2025/08/10 20:34:13 061] lgi        502  prot_type=tcp  
[2025/08/10 20:34:13 061] lgi        653  SYS_MSG_UNLOAD  go bg!  
============================================================
Time  2025/08/10 20:34:13 245 
============================================================
[2025/08/10 20:34:13 245] lgi        644  SYS_MSG_LOAD  
[2025/08/10 20:34:13 247] lgi        666  SYS_MSG_REGCB  msp_status_cb  func(6c053250) 
[2025/08/10 20:34:13 248] lgi        292  LGI_MSG_INIT  
[2025/08/10 20:34:13 248] lgi        299  lgi  lgi_  268436457  1588040621  
[2025/08/10 20:34:13 248] lgi        332  lgi params:  appid =5e7d9f3e, work_dir = .  
[2025/08/10 20:34:13 248] lgi        346  auth_time_str=  2025/08/10 20:34:13  
[2025/08/10 20:34:13 248] lgi        352  auth_appid=  5e7d9f3e  
[2025/08/10 20:34:13 249] lgi        363  token:  nil  
[2025/08/10 20:34:13 249] lgi        436  msc cver : 5.0.38.1195  
[2025/08/10 20:34:13 249] lgi        479  ns_enable=  1  
[2025/08/10 20:34:13 249] lgi        491  prot_ver=1  
[2025/08/10 20:34:13 249] lgi        502  prot_type=tcp  
[2025/08/10 20:34:13 249] lgi        653  SYS_MSG_UNLOAD  go bg!  
[2025/08/10 20:34:13 351] lgi        657  SYS_MSG_SHUTDOWN  
============================================================
Time  2025/08/10 20:34:13 477 
============================================================
[2025/08/10 20:34:13 477] lgi        644  SYS_MSG_LOAD  
[2025/08/10 20:34:13 481] lgi        666  SYS_MSG_REGCB  msp_status_cb  func(7c013820) 
[2025/08/10 20:34:13 481] lgi        292  LGI_MSG_INIT  
[2025/08/10 20:34:13 482] lgi        299  lgi  lgi_  268436457  1588040621  
[2025/08/10 20:34:13 482] lgi        332  lgi params:  appid =5e7d9f3e, work_dir = .  
[2025/08/10 20:34:13 482] lgi        346  auth_time_str=  2025/08/10 20:34:13  
[2025/08/10 20:34:13 482] lgi        352  auth_appid=  5e7d9f3e  
[2025/08/10 20:34:13 482] lgi        363  token:  nil  
[2025/08/10 20:34:13 483] lgi        436  msc cver : 5.0.38.1195  
[2025/08/10 20:34:13 483] lgi        479  ns_enable=  1  
[2025/08/10 20:34:13 483] lgi        491  prot_ver=1  
[2025/08/10 20:34:13 483] lgi        502  prot_type=tcp  
[2025/08/10 20:34:13 484] lgi        653  SYS_MSG_UNLOAD  go bg!  
[2025/08/10 20:34:13 549] lgi        657  SYS_MSG_SHUTDOWN  
[2025/08/10 20:34:13 572] lgi        657  SYS_MSG_SHUTDOWN  
============================================================
Time  2025/08/10 20:34:13 994 
============================================================
[2025/08/10 20:34:13 994] lgi        644  SYS_MSG_LOAD  
[2025/08/10 20:34:13 999] lgi        666  SYS_MSG_REGCB  msp_status_cb  func(840137e0) 
[2025/08/10 20:34:13 999] lgi        292  LGI_MSG_INIT  
[2025/08/10 20:34:14 000] lgi        299  lgi  lgi_  268436457  1588040621  
[2025/08/10 20:34:14 000] lgi        332  lgi params:  appid =5e7d9f3e, work_dir = .  
[2025/08/10 20:34:14 000] lgi        346  auth_time_str=  2025/08/10 20:34:13  
[2025/08/10 20:34:14 001] lgi        352  auth_appid=  5e7d9f3e  
[2025/08/10 20:34:14 001] lgi        363  token:  nil  
[2025/08/10 20:34:14 001] lgi        436  msc cver : 5.0.38.1195  
[2025/08/10 20:34:14 001] lgi        479  ns_enable=  1  
[2025/08/10 20:34:14 001] lgi        491  prot_ver=1  
[2025/08/10 20:34:14 001] lgi        502  prot_type=tcp  
[2025/08/10 20:34:14 002] lgi        653  SYS_MSG_UNLOAD  go bg!  
============================================================
Time  2025/08/10 20:34:14 310 
============================================================
[2025/08/10 20:34:14 310] lgi        644  SYS_MSG_LOAD  
[2025/08/10 20:34:14 316] lgi        666  SYS_MSG_REGCB  msp_status_cb  func(64053250) 
[2025/08/10 20:34:14 317] lgi        292  LGI_MSG_INIT  
[2025/08/10 20:34:14 317] lgi        299  lgi  lgi_  268436457  1588040621  
[2025/08/10 20:34:14 318] lgi        332  lgi params:  appid =5e7d9f3e, work_dir = .  
[2025/08/10 20:34:14 318] lgi        346  auth_time_str=  2025/08/10 20:34:14  
[2025/08/10 20:34:14 318] lgi        352  auth_appid=  5e7d9f3e  
[2025/08/10 20:34:14 318] lgi        363  token:  nil  
[2025/08/10 20:34:14 319] lgi        436  msc cver : 5.0.38.1195  
[2025/08/10 20:34:14 319] lgi        479  ns_enable=  1  
[2025/08/10 20:34:14 319] lgi        491  prot_ver=1  
[2025/08/10 20:34:14 319] lgi        502  prot_type=tcp  
[2025/08/10 20:34:14 320] lgi        653  SYS_MSG_UNLOAD  go bg!  
[2025/08/10 20:34:14 355] lgi        657  SYS_MSG_SHUTDOWN  
[2025/08/10 20:34:14 416] lgi        657  SYS_MSG_SHUTDOWN  
[2025/08/10 20:34:14 670] lgi        657  SYS_MSG_SHUTDOWN  
============================================================
Time  2025/08/10 20:34:14 912 
============================================================
[2025/08/10 20:34:14 912] lgi        644  SYS_MSG_LOAD  
[2025/08/10 20:34:14 917] lgi        666  SYS_MSG_REGCB  msp_status_cb  func(98053250) 
[2025/08/10 20:34:14 917] lgi        292  LGI_MSG_INIT  
[2025/08/10 20:34:14 918] lgi        299  lgi  lgi_  268436457  1588040621  
[2025/08/10 20:34:14 918] lgi        332  lgi params:  appid =5e7d9f3e, work_dir = .  
[2025/08/10 20:34:14 918] lgi        346  auth_time_str=  2025/08/10 20:34:14  
[2025/08/10 20:34:14 918] lgi        352  auth_appid=  5e7d9f3e  
[2025/08/10 20:34:14 918] lgi        363  token:  nil  
[2025/08/10 20:34:14 919] lgi        436  msc cver : 5.0.38.1195  
[2025/08/10 20:34:14 919] lgi        479  ns_enable=  1  
[2025/08/10 20:34:14 919] lgi        491  prot_ver=1  
[2025/08/10 20:34:14 919] lgi        502  prot_type=tcp  
[2025/08/10 20:34:14 920] lgi        653  SYS_MSG_UNLOAD  go bg!  
[2025/08/10 20:34:15 608] lgi        657  SYS_MSG_SHUTDOWN  
============================================================
Time  2025/08/10 20:34:15 926 
============================================================
[2025/08/10 20:34:15 926] lgi        644  SYS_MSG_LOAD  
[2025/08/10 20:34:15 928] lgi        666  SYS_MSG_REGCB  msp_status_cb  func(84013820) 
[2025/08/10 20:34:15 928] lgi        292  LGI_MSG_INIT  
[2025/08/10 20:34:15 928] lgi        299  lgi  lgi_  268436457  1588040621  
[2025/08/10 20:34:15 928] lgi        332  lgi params:  appid =5e7d9f3e, work_dir = .  
[2025/08/10 20:34:15 928] lgi        346  auth_time_str=  2025/08/10 20:34:15  
[2025/08/10 20:34:15 928] lgi        352  auth_appid=  5e7d9f3e  
[2025/08/10 20:34:15 929] lgi        363  token:  nil  
[2025/08/10 20:34:15 929] lgi        436  msc cver : 5.0.38.1195  
[2025/08/10 20:34:15 929] lgi        479  ns_enable=  1  
[2025/08/10 20:34:15 929] lgi        491  prot_ver=1  
[2025/08/10 20:34:15 929] lgi        502  prot_type=tcp  
[2025/08/10 20:34:15 929] lgi        653  SYS_MSG_UNLOAD  go bg!  
============================================================
Time  2025/08/10 20:34:16 509 
============================================================
[2025/08/10 20:34:16 509] lgi        644  SYS_MSG_LOAD  
[2025/08/10 20:34:16 512] lgi        666  SYS_MSG_REGCB  msp_status_cb  func(84013820) 
[2025/08/10 20:34:16 513] lgi        292  LGI_MSG_INIT  
[2025/08/10 20:34:16 513] lgi        299  lgi  lgi_  268436457  1588040621  
[2025/08/10 20:34:16 513] lgi        332  lgi params:  appid =5e7d9f3e, work_dir = .  
[2025/08/10 20:34:16 513] lgi        346  auth_time_str=  2025/08/10 20:34:16  
[2025/08/10 20:34:16 513] lgi        352  auth_appid=  5e7d9f3e  
[2025/08/10 20:34:16 513] lgi        363  token:  nil  
[2025/08/10 20:34:16 513] lgi        436  msc cver : 5.0.38.1195  
[2025/08/10 20:34:16 514] lgi        479  ns_enable=  1  
[2025/08/10 20:34:16 514] lgi        491  prot_ver=1  
[2025/08/10 20:34:16 514] lgi        502  prot_type=tcp  
[2025/08/10 20:34:16 514] lgi        653  SYS_MSG_UNLOAD  go bg!  
[2025/08/10 20:34:16 530] lgi        657  SYS_MSG_SHUTDOWN  
============================================================
Time  2025/08/10 20:34:16 674 
============================================================
[2025/08/10 20:34:16 674] lgi        644  SYS_MSG_LOAD  
[2025/08/10 20:34:16 677] lgi        666  SYS_MSG_REGCB  msp_status_cb  func(5c053250) 
[2025/08/10 20:34:16 677] lgi        292  LGI_MSG_INIT  
[2025/08/10 20:34:16 677] lgi        299  lgi  lgi_  268436457  1588040621  
[2025/08/10 20:34:16 678] lgi        332  lgi params:  appid =5e7d9f3e, work_dir = .  
[2025/08/10 20:34:16 678] lgi        346  auth_time_str=  2025/08/10 20:34:16  
[2025/08/10 20:34:16 678] lgi        352  auth_appid=  5e7d9f3e  
[2025/08/10 20:34:16 678] lgi        363  token:  nil  
[2025/08/10 20:34:16 678] lgi        436  msc cver : 5.0.38.1195  
[2025/08/10 20:34:16 678] lgi        479  ns_enable=  1  
[2025/08/10 20:34:16 678] lgi        491  prot_ver=1  
[2025/08/10 20:34:16 678] lgi        502  prot_type=tcp  
[2025/08/10 20:34:16 679] lgi        653  SYS_MSG_UNLOAD  go bg!  
[2025/08/10 20:34:17 007] lgi        657  SYS_MSG_SHUTDOWN  
============================================================
Time  2025/08/10 20:34:17 017 
============================================================
[2025/08/10 20:34:17 018] lgi        644  SYS_MSG_LOAD  
[2025/08/10 20:34:17 022] lgi        666  SYS_MSG_REGCB  msp_status_cb  func(80053250) 
[2025/08/10 20:34:17 022] lgi        292  LGI_MSG_INIT  
[2025/08/10 20:34:17 023] lgi        299  lgi  lgi_  268436457  1588040621  
[2025/08/10 20:34:17 023] lgi        332  lgi params:  appid =5e7d9f3e, work_dir = .  
[2025/08/10 20:34:17 023] lgi        346  auth_time_str=  2025/08/10 20:34:17  
[2025/08/10 20:34:17 023] lgi        352  auth_appid=  5e7d9f3e  
[2025/08/10 20:34:17 024] lgi        363  token:  nil  
[2025/08/10 20:34:17 024] lgi        436  msc cver : 5.0.38.1195  
[2025/08/10 20:34:17 024] lgi        479  ns_enable=  1  
[2025/08/10 20:34:17 024] lgi        491  prot_ver=1  
[2025/08/10 20:34:17 024] lgi        502  prot_type=tcp  
[2025/08/10 20:34:17 026] lgi        653  SYS_MSG_UNLOAD  go bg!  
[2025/08/10 20:34:17 148] lgi        657  SYS_MSG_SHUTDOWN  
============================================================
Time  2025/08/10 20:34:17 432 
============================================================
[2025/08/10 20:34:17 432] lgi        644  SYS_MSG_LOAD  
[2025/08/10 20:34:17 437] lgi        666  SYS_MSG_REGCB  msp_status_cb  func(90013820) 
[2025/08/10 20:34:17 438] lgi        292  LGI_MSG_INIT  
[2025/08/10 20:34:17 438] lgi        299  lgi  lgi_  268436457  1588040621  
[2025/08/10 20:34:17 438] lgi        332  lgi params:  appid =5e7d9f3e, work_dir = .  
[2025/08/10 20:34:17 439] lgi        346  auth_time_str=  2025/08/10 20:34:17  
[2025/08/10 20:34:17 439] lgi        352  auth_appid=  5e7d9f3e  
[2025/08/10 20:34:17 439] lgi        363  token:  nil  
[2025/08/10 20:34:17 439] lgi        436  msc cver : 5.0.38.1195  
[2025/08/10 20:34:17 439] lgi        479  ns_enable=  1  
[2025/08/10 20:34:17 439] lgi        491  prot_ver=1  
[2025/08/10 20:34:17 439] lgi        502  prot_type=tcp  
[2025/08/10 20:34:17 440] lgi        653  SYS_MSG_UNLOAD  go bg!  
[2025/08/10 20:34:17 685] lgi        657  SYS_MSG_SHUTDOWN  
[2025/08/10 20:34:17 710] lgi        657  SYS_MSG_SHUTDOWN  
============================================================
Time  2025/08/10 20:35:00 836 
============================================================
[2025/08/10 20:35:00 836] lgi        644  SYS_MSG_LOAD  
[2025/08/10 20:35:00 840] lgi        666  SYS_MSG_REGCB  msp_status_cb  func(6c053280) 
[2025/08/10 20:35:00 841] lgi        292  LGI_MSG_INIT  
[2025/08/10 20:35:00 841] lgi        299  lgi  lgi_  268436457  1588040621  
[2025/08/10 20:35:00 841] lgi        332  lgi params:  appid =5e7d9f3e, work_dir = .  
[2025/08/10 20:35:00 842] lgi        346  auth_time_str=  2025/08/10 20:35:00  
[2025/08/10 20:35:00 842] lgi        352  auth_appid=  5e7d9f3e  
[2025/08/10 20:35:00 842] lgi        363  token:  nil  
[2025/08/10 20:35:00 842] lgi        436  msc cver : 5.0.38.1195  
[2025/08/10 20:35:00 842] lgi        479  ns_enable=  1  
[2025/08/10 20:35:00 842] lgi        491  prot_ver=1  
[2025/08/10 20:35:00 843] lgi        502  prot_type=tcp  
[2025/08/10 20:35:00 843] lgi        653  SYS_MSG_UNLOAD  go bg!  
[2025/08/10 20:35:01 046] lgi        657  SYS_MSG_SHUTDOWN  
============================================================
Time  2025/08/10 20:35:01 193 
============================================================
[2025/08/10 20:35:01 193] lgi        644  SYS_MSG_LOAD  
[2025/08/10 20:35:01 195] lgi        666  SYS_MSG_REGCB  msp_status_cb  func(60013820) 
[2025/08/10 20:35:01 195] lgi        292  LGI_MSG_INIT  
[2025/08/10 20:35:01 195] lgi        299  lgi  lgi_  268436457  1588040621  
[2025/08/10 20:35:01 196] lgi        332  lgi params:  appid =5e7d9f3e, work_dir = .  
[2025/08/10 20:35:01 196] lgi        346  auth_time_str=  2025/08/10 20:35:01  
[2025/08/10 20:35:01 196] lgi        352  auth_appid=  5e7d9f3e  
[2025/08/10 20:35:01 196] lgi        363  token:  nil  
[2025/08/10 20:35:01 196] lgi        436  msc cver : 5.0.38.1195  
[2025/08/10 20:35:01 196] lgi        479  ns_enable=  1  
[2025/08/10 20:35:01 196] lgi        491  prot_ver=1  
[2025/08/10 20:35:01 196] lgi        502  prot_type=tcp  
[2025/08/10 20:35:01 198] lgi        653  SYS_MSG_UNLOAD  go bg!  
[2025/08/10 20:35:01 760] lgi        657  SYS_MSG_SHUTDOWN  
============================================================
Time  2025/08/10 20:35:02 165 
============================================================
[2025/08/10 20:35:02 165] lgi        644  SYS_MSG_LOAD  
[2025/08/10 20:35:02 169] lgi        666  SYS_MSG_REGCB  msp_status_cb  func(84053250) 
[2025/08/10 20:35:02 169] lgi        292  LGI_MSG_INIT  
[2025/08/10 20:35:02 170] lgi        299  lgi  lgi_  268436457  1588040621  
[2025/08/10 20:35:02 170] lgi        332  lgi params:  appid =5e7d9f3e, work_dir = .  
[2025/08/10 20:35:02 170] lgi        346  auth_time_str=  2025/08/10 20:35:02  
[2025/08/10 20:35:02 170] lgi        352  auth_appid=  5e7d9f3e  
[2025/08/10 20:35:02 170] lgi        363  token:  nil  
[2025/08/10 20:35:02 170] lgi        436  msc cver : 5.0.38.1195  
[2025/08/10 20:35:02 171] lgi        479  ns_enable=  1  
[2025/08/10 20:35:02 171] lgi        491  prot_ver=1  
[2025/08/10 20:35:02 171] lgi        502  prot_type=tcp  
[2025/08/10 20:35:02 172] lgi        653  SYS_MSG_UNLOAD  go bg!  
============================================================
Time  2025/08/10 20:35:02 307 
============================================================
[2025/08/10 20:35:02 307] lgi        644  SYS_MSG_LOAD  
[2025/08/10 20:35:02 314] lgi        666  SYS_MSG_REGCB  msp_status_cb  func(840137e0) 
[2025/08/10 20:35:02 315] lgi        292  LGI_MSG_INIT  
[2025/08/10 20:35:02 315] lgi        299  lgi  lgi_  268436457  1588040621  
[2025/08/10 20:35:02 316] lgi        332  lgi params:  appid =5e7d9f3e, work_dir = .  
[2025/08/10 20:35:02 316] lgi        346  auth_time_str=  2025/08/10 20:35:02  
[2025/08/10 20:35:02 316] lgi        352  auth_appid=  5e7d9f3e  
[2025/08/10 20:35:02 316] lgi        363  token:  nil  
[2025/08/10 20:35:02 316] lgi        436  msc cver : 5.0.38.1195  
[2025/08/10 20:35:02 316] lgi        479  ns_enable=  1  
[2025/08/10 20:35:02 317] lgi        491  prot_ver=1  
[2025/08/10 20:35:02 317] lgi        502  prot_type=tcp  
[2025/08/10 20:35:02 317] lgi        653  SYS_MSG_UNLOAD  go bg!  
============================================================
Time  2025/08/10 20:35:02 477 
============================================================
[2025/08/10 20:35:02 477] lgi        644  SYS_MSG_LOAD  
[2025/08/10 20:35:02 481] lgi        666  SYS_MSG_REGCB  msp_status_cb  func(78013820) 
[2025/08/10 20:35:02 481] lgi        292  LGI_MSG_INIT  
[2025/08/10 20:35:02 482] lgi        299  lgi  lgi_  268436457  1588040621  
[2025/08/10 20:35:02 482] lgi        332  lgi params:  appid =5e7d9f3e, work_dir = .  
[2025/08/10 20:35:02 483] lgi        346  auth_time_str=  2025/08/10 20:35:02  
[2025/08/10 20:35:02 483] lgi        352  auth_appid=  5e7d9f3e  
[2025/08/10 20:35:02 483] lgi        363  token:  nil  
[2025/08/10 20:35:02 483] lgi        436  msc cver : 5.0.38.1195  
[2025/08/10 20:35:02 483] lgi        479  ns_enable=  1  
[2025/08/10 20:35:02 483] lgi        491  prot_ver=1  
[2025/08/10 20:35:02 483] lgi        502  prot_type=tcp  
[2025/08/10 20:35:02 484] lgi        653  SYS_MSG_UNLOAD  go bg!  
[2025/08/10 20:35:02 611] lgi        657  SYS_MSG_SHUTDOWN  
============================================================
Time  2025/08/10 20:35:02 697 
============================================================
[2025/08/10 20:35:02 697] lgi        644  SYS_MSG_LOAD  
[2025/08/10 20:35:02 700] lgi        666  SYS_MSG_REGCB  msp_status_cb  func(5c053250) 
[2025/08/10 20:35:02 701] lgi        292  LGI_MSG_INIT  
[2025/08/10 20:35:02 701] lgi        299  lgi  lgi_  268436457  1588040621  
[2025/08/10 20:35:02 702] lgi        332  lgi params:  appid =5e7d9f3e, work_dir = .  
[2025/08/10 20:35:02 702] lgi        346  auth_time_str=  2025/08/10 20:35:02  
[2025/08/10 20:35:02 702] lgi        352  auth_appid=  5e7d9f3e  
[2025/08/10 20:35:02 702] lgi        363  token:  nil  
[2025/08/10 20:35:02 702] lgi        436  msc cver : 5.0.38.1195  
[2025/08/10 20:35:02 702] lgi        479  ns_enable=  1  
[2025/08/10 20:35:02 702] lgi        491  prot_ver=1  
[2025/08/10 20:35:02 702] lgi        502  prot_type=tcp  
[2025/08/10 20:35:02 703] lgi        653  SYS_MSG_UNLOAD  go bg!  
[2025/08/10 20:35:02 720] lgi        657  SYS_MSG_SHUTDOWN  
[2025/08/10 20:35:02 791] lgi        657  SYS_MSG_SHUTDOWN  
============================================================
Time  2025/08/10 20:35:03 182 
============================================================
[2025/08/10 20:35:03 182] lgi        644  SYS_MSG_LOAD  
[2025/08/10 20:35:03 187] lgi        666  SYS_MSG_REGCB  msp_status_cb  func(8c013820) 
[2025/08/10 20:35:03 188] lgi        292  LGI_MSG_INIT  
[2025/08/10 20:35:03 188] lgi        299  lgi  lgi_  268436457  1588040621  
[2025/08/10 20:35:03 189] lgi        332  lgi params:  appid =5e7d9f3e, work_dir = .  
[2025/08/10 20:35:03 189] lgi        346  auth_time_str=  2025/08/10 20:35:03  
[2025/08/10 20:35:03 189] lgi        352  auth_appid=  5e7d9f3e  
[2025/08/10 20:35:03 189] lgi        363  token:  nil  
[2025/08/10 20:35:03 189] lgi        436  msc cver : 5.0.38.1195  
[2025/08/10 20:35:03 189] lgi        479  ns_enable=  1  
[2025/08/10 20:35:03 189] lgi        491  prot_ver=1  
[2025/08/10 20:35:03 190] lgi        502  prot_type=tcp  
[2025/08/10 20:35:03 190] lgi        653  SYS_MSG_UNLOAD  go bg!  
[2025/08/10 20:35:03 536] lgi        657  SYS_MSG_SHUTDOWN  
[2025/08/10 20:35:03 544] lgi        657  SYS_MSG_SHUTDOWN  
============================================================
Time  2025/08/10 20:35:04 210 
============================================================
[2025/08/10 20:35:04 210] lgi        644  SYS_MSG_LOAD  
[2025/08/10 20:35:04 213] lgi        666  SYS_MSG_REGCB  msp_status_cb  func(8c053250) 
[2025/08/10 20:35:04 213] lgi        292  LGI_MSG_INIT  
[2025/08/10 20:35:04 213] lgi        299  lgi  lgi_  268436457  1588040621  
[2025/08/10 20:35:04 214] lgi        332  lgi params:  appid =5e7d9f3e, work_dir = .  
[2025/08/10 20:35:04 214] lgi        346  auth_time_str=  2025/08/10 20:35:04  
[2025/08/10 20:35:04 214] lgi        352  auth_appid=  5e7d9f3e  
[2025/08/10 20:35:04 214] lgi        363  token:  nil  
[2025/08/10 20:35:04 214] lgi        436  msc cver : 5.0.38.1195  
[2025/08/10 20:35:04 214] lgi        479  ns_enable=  1  
[2025/08/10 20:35:04 214] lgi        491  prot_ver=1  
[2025/08/10 20:35:04 214] lgi        502  prot_type=tcp  
[2025/08/10 20:35:04 215] lgi        653  SYS_MSG_UNLOAD  go bg!  
============================================================
Time  2025/08/10 20:35:04 554 
============================================================
[2025/08/10 20:35:04 555] lgi        644  SYS_MSG_LOAD  
[2025/08/10 20:35:04 558] lgi        666  SYS_MSG_REGCB  msp_status_cb  func(74013820) 
[2025/08/10 20:35:04 558] lgi        292  LGI_MSG_INIT  
[2025/08/10 20:35:04 559] lgi        299  lgi  lgi_  268436457  1588040621  
[2025/08/10 20:35:04 559] lgi        332  lgi params:  appid =5e7d9f3e, work_dir = .  
[2025/08/10 20:35:04 559] lgi        346  auth_time_str=  2025/08/10 20:35:04  
[2025/08/10 20:35:04 559] lgi        352  auth_appid=  5e7d9f3e  
[2025/08/10 20:35:04 559] lgi        363  token:  nil  
[2025/08/10 20:35:04 560] lgi        436  msc cver : 5.0.38.1195  
[2025/08/10 20:35:04 560] lgi        479  ns_enable=  1  
[2025/08/10 20:35:04 560] lgi        491  prot_ver=1  
[2025/08/10 20:35:04 560] lgi        502  prot_type=tcp  
[2025/08/10 20:35:04 561] lgi        653  SYS_MSG_UNLOAD  go bg!  
============================================================
Time  2025/08/10 20:35:04 740 
============================================================
[2025/08/10 20:35:04 740] lgi        644  SYS_MSG_LOAD  
[2025/08/10 20:35:04 745] lgi        666  SYS_MSG_REGCB  msp_status_cb  func(88053250) 
[2025/08/10 20:35:04 746] lgi        292  LGI_MSG_INIT  
[2025/08/10 20:35:04 746] lgi        299  lgi  lgi_  268436457  1588040621  
[2025/08/10 20:35:04 746] lgi        332  lgi params:  appid =5e7d9f3e, work_dir = .  
[2025/08/10 20:35:04 747] lgi        346  auth_time_str=  2025/08/10 20:35:04  
[2025/08/10 20:35:04 747] lgi        352  auth_appid=  5e7d9f3e  
[2025/08/10 20:35:04 747] lgi        363  token:  nil  
[2025/08/10 20:35:04 747] lgi        436  msc cver : 5.0.38.1195  
[2025/08/10 20:35:04 747] lgi        479  ns_enable=  1  
[2025/08/10 20:35:04 747] lgi        491  prot_ver=1  
[2025/08/10 20:35:04 747] lgi        502  prot_type=tcp  
[2025/08/10 20:35:04 748] lgi        653  SYS_MSG_UNLOAD  go bg!  
[2025/08/10 20:35:04 787] lgi        657  SYS_MSG_SHUTDOWN  
[2025/08/10 20:35:04 834] lgi        657  SYS_MSG_SHUTDOWN  
============================================================
Time  2025/08/10 20:35:04 940 
============================================================
[2025/08/10 20:35:04 940] lgi        644  SYS_MSG_LOAD  
[2025/08/10 20:35:04 943] lgi        666  SYS_MSG_REGCB  msp_status_cb  func(84013820) 
[2025/08/10 20:35:04 944] lgi        292  LGI_MSG_INIT  
[2025/08/10 20:35:04 944] lgi        299  lgi  lgi_  268436457  1588040621  
[2025/08/10 20:35:04 944] lgi        332  lgi params:  appid =5e7d9f3e, work_dir = .  
[2025/08/10 20:35:04 945] lgi        346  auth_time_str=  2025/08/10 20:35:04  
[2025/08/10 20:35:04 945] lgi        352  auth_appid=  5e7d9f3e  
[2025/08/10 20:35:04 945] lgi        363  token:  nil  
[2025/08/10 20:35:04 945] lgi        436  msc cver : 5.0.38.1195  
[2025/08/10 20:35:04 945] lgi        479  ns_enable=  1  
[2025/08/10 20:35:04 945] lgi        491  prot_ver=1  
[2025/08/10 20:35:04 945] lgi        502  prot_type=tcp  
[2025/08/10 20:35:04 946] lgi        653  SYS_MSG_UNLOAD  go bg!  
[2025/08/10 20:35:05 161] lgi        657  SYS_MSG_SHUTDOWN  
============================================================
Time  2025/08/10 20:35:05 310 
============================================================
[2025/08/10 20:35:05 310] lgi        644  SYS_MSG_LOAD  
[2025/08/10 20:35:05 315] lgi        666  SYS_MSG_REGCB  msp_status_cb  func(5c053250) 
[2025/08/10 20:35:05 315] lgi        292  LGI_MSG_INIT  
[2025/08/10 20:35:05 315] lgi        299  lgi  lgi_  268436457  1588040621  
[2025/08/10 20:35:05 316] lgi        332  lgi params:  appid =5e7d9f3e, work_dir = .  
[2025/08/10 20:35:05 316] lgi        346  auth_time_str=  2025/08/10 20:35:05  
[2025/08/10 20:35:05 316] lgi        352  auth_appid=  5e7d9f3e  
[2025/08/10 20:35:05 316] lgi        363  token:  nil  
[2025/08/10 20:35:05 316] lgi        436  msc cver : 5.0.38.1195  
[2025/08/10 20:35:05 316] lgi        479  ns_enable=  1  
[2025/08/10 20:35:05 316] lgi        491  prot_ver=1  
[2025/08/10 20:35:05 317] lgi        502  prot_type=tcp  
[2025/08/10 20:35:05 317] lgi        653  SYS_MSG_UNLOAD  go bg!  
[2025/08/10 20:35:05 530] lgi        657  SYS_MSG_SHUTDOWN  
============================================================
Time  2025/08/10 20:35:05 803 
============================================================
[2025/08/10 20:35:05 803] lgi        644  SYS_MSG_LOAD  
[2025/08/10 20:35:05 810] lgi        666  SYS_MSG_REGCB  msp_status_cb  func(54013820) 
[2025/08/10 20:35:05 811] lgi        292  LGI_MSG_INIT  
[2025/08/10 20:35:05 812] lgi        299  lgi  lgi_  268436457  1588040621  
[2025/08/10 20:35:05 812] lgi        332  lgi params:  appid =5e7d9f3e, work_dir = .  
[2025/08/10 20:35:05 813] lgi        346  auth_time_str=  2025/08/10 20:35:05  
[2025/08/10 20:35:05 813] lgi        352  auth_appid=  5e7d9f3e  
[2025/08/10 20:35:05 813] lgi        363  token:  nil  
[2025/08/10 20:35:05 813] lgi        436  msc cver : 5.0.38.1195  
[2025/08/10 20:35:05 814] lgi        479  ns_enable=  1  
[2025/08/10 20:35:05 814] lgi        491  prot_ver=1  
[2025/08/10 20:35:05 814] lgi        502  prot_type=tcp  
[2025/08/10 20:35:05 816] lgi        653  SYS_MSG_UNLOAD  go bg!  
============================================================
Time  2025/08/10 20:35:05 948 
============================================================
[2025/08/10 20:35:05 948] lgi        644  SYS_MSG_LOAD  
[2025/08/10 20:35:05 953] lgi        666  SYS_MSG_REGCB  msp_status_cb  func(64053250) 
[2025/08/10 20:35:05 953] lgi        292  LGI_MSG_INIT  
[2025/08/10 20:35:05 953] lgi        299  lgi  lgi_  268436457  1588040621  
[2025/08/10 20:35:05 954] lgi        332  lgi params:  appid =5e7d9f3e, work_dir = .  
[2025/08/10 20:35:05 954] lgi        346  auth_time_str=  2025/08/10 20:35:05  
[2025/08/10 20:35:05 954] lgi        352  auth_appid=  5e7d9f3e  
[2025/08/10 20:35:05 954] lgi        363  token:  nil  
[2025/08/10 20:35:05 954] lgi        436  msc cver : 5.0.38.1195  
[2025/08/10 20:35:05 955] lgi        479  ns_enable=  1  
[2025/08/10 20:35:05 955] lgi        491  prot_ver=1  
[2025/08/10 20:35:05 955] lgi        502  prot_type=tcp  
[2025/08/10 20:35:05 955] lgi        653  SYS_MSG_UNLOAD  go bg!  
============================================================
Time  2025/08/10 20:35:06 088 
============================================================
[2025/08/10 20:35:06 088] lgi        644  SYS_MSG_LOAD  
[2025/08/10 20:35:06 096] lgi        666  SYS_MSG_REGCB  msp_status_cb  func(54013820) 
[2025/08/10 20:35:06 096] lgi        292  LGI_MSG_INIT  
[2025/08/10 20:35:06 097] lgi        299  lgi  lgi_  268436457  1588040621  
[2025/08/10 20:35:06 098] lgi        332  lgi params:  appid =5e7d9f3e, work_dir = .  
[2025/08/10 20:35:06 098] lgi        346  auth_time_str=  2025/08/10 20:35:06  
[2025/08/10 20:35:06 098] lgi        352  auth_appid=  5e7d9f3e  
[2025/08/10 20:35:06 098] lgi        363  token:  nil  
[2025/08/10 20:35:06 099] lgi        436  msc cver : 5.0.38.1195  
[2025/08/10 20:35:06 099] lgi        479  ns_enable=  1  
[2025/08/10 20:35:06 099] lgi        491  prot_ver=1  
[2025/08/10 20:35:06 099] lgi        502  prot_type=tcp  
[2025/08/10 20:35:06 100] lgi        653  SYS_MSG_UNLOAD  go bg!  
[2025/08/10 20:35:06 116] lgi        657  SYS_MSG_SHUTDOWN  
============================================================
Time  2025/08/10 20:35:06 269 
============================================================
[2025/08/10 20:35:06 269] lgi        644  SYS_MSG_LOAD  
[2025/08/10 20:35:06 274] lgi        666  SYS_MSG_REGCB  msp_status_cb  func(90053250) 
[2025/08/10 20:35:06 274] lgi        292  LGI_MSG_INIT  
[2025/08/10 20:35:06 274] lgi        299  lgi  lgi_  268436457  1588040621  
[2025/08/10 20:35:06 275] lgi        332  lgi params:  appid =5e7d9f3e, work_dir = .  
[2025/08/10 20:35:06 275] lgi        346  auth_time_str=  2025/08/10 20:35:06  
[2025/08/10 20:35:06 275] lgi        352  auth_appid=  5e7d9f3e  
[2025/08/10 20:35:06 275] lgi        363  token:  nil  
[2025/08/10 20:35:06 275] lgi        436  msc cver : 5.0.38.1195  
[2025/08/10 20:35:06 276] lgi        479  ns_enable=  1  
[2025/08/10 20:35:06 276] lgi        491  prot_ver=1  
[2025/08/10 20:35:06 276] lgi        502  prot_type=tcp  
[2025/08/10 20:35:06 276] lgi        653  SYS_MSG_UNLOAD  go bg!  
[2025/08/10 20:35:06 410] lgi        657  SYS_MSG_SHUTDOWN  
[2025/08/10 20:35:06 447] lgi        657  SYS_MSG_SHUTDOWN  
============================================================
Time  2025/08/10 20:35:06 640 
============================================================
[2025/08/10 20:35:06 640] lgi        644  SYS_MSG_LOAD  
[2025/08/10 20:35:06 641] lgi        657  SYS_MSG_SHUTDOWN  
[2025/08/10 20:35:06 643] lgi        666  SYS_MSG_REGCB  msp_status_cb  func(80013820) 
[2025/08/10 20:35:06 644] lgi        292  LGI_MSG_INIT  
[2025/08/10 20:35:06 644] lgi        299  lgi  lgi_  268436457  1588040621  
[2025/08/10 20:35:06 644] lgi        332  lgi params:  appid =5e7d9f3e, work_dir = .  
[2025/08/10 20:35:06 644] lgi        346  auth_time_str=  2025/08/10 20:35:06  
[2025/08/10 20:35:06 644] lgi        352  auth_appid=  5e7d9f3e  
[2025/08/10 20:35:06 644] lgi        363  token:  nil  
[2025/08/10 20:35:06 644] lgi        436  msc cver : 5.0.38.1195  
[2025/08/10 20:35:06 645] lgi        479  ns_enable=  1  
[2025/08/10 20:35:06 646] lgi        491  prot_ver=1  
[2025/08/10 20:35:06 646] lgi        502  prot_type=tcp  
[2025/08/10 20:35:06 653] lgi        653  SYS_MSG_UNLOAD  go bg!  
[2025/08/10 20:35:06 994] lgi        657  SYS_MSG_SHUTDOWN  
[2025/08/10 20:35:06 998] lgi        657  SYS_MSG_SHUTDOWN  
============================================================
Time  2025/08/10 20:35:07 736 
============================================================
[2025/08/10 20:35:07 736] lgi        644  SYS_MSG_LOAD  
[2025/08/10 20:35:07 740] lgi        666  SYS_MSG_REGCB  msp_status_cb  func(68013820) 
[2025/08/10 20:35:07 741] lgi        292  LGI_MSG_INIT  
[2025/08/10 20:35:07 741] lgi        299  lgi  lgi_  268436457  1588040621  
[2025/08/10 20:35:07 741] lgi        332  lgi params:  appid =5e7d9f3e, work_dir = .  
[2025/08/10 20:35:07 742] lgi        346  auth_time_str=  2025/08/10 20:35:07  
[2025/08/10 20:35:07 742] lgi        352  auth_appid=  5e7d9f3e  
[2025/08/10 20:35:07 742] lgi        363  token:  nil  
[2025/08/10 20:35:07 742] lgi        436  msc cver : 5.0.38.1195  
[2025/08/10 20:35:07 742] lgi        479  ns_enable=  1  
[2025/08/10 20:35:07 742] lgi        491  prot_ver=1  
[2025/08/10 20:35:07 742] lgi        502  prot_type=tcp  
[2025/08/10 20:35:07 743] lgi        653  SYS_MSG_UNLOAD  go bg!  
============================================================
Time  2025/08/10 20:35:07 990 
============================================================
[2025/08/10 20:35:07 990] lgi        644  SYS_MSG_LOAD  
[2025/08/10 20:35:07 994] lgi        666  SYS_MSG_REGCB  msp_status_cb  func(64053250) 
[2025/08/10 20:35:07 994] lgi        292  LGI_MSG_INIT  
[2025/08/10 20:35:07 995] lgi        299  lgi  lgi_  268436457  1588040621  
[2025/08/10 20:35:07 995] lgi        332  lgi params:  appid =5e7d9f3e, work_dir = .  
[2025/08/10 20:35:07 995] lgi        346  auth_time_str=  2025/08/10 20:35:07  
[2025/08/10 20:35:07 995] lgi        352  auth_appid=  5e7d9f3e  
[2025/08/10 20:35:07 995] lgi        363  token:  nil  
[2025/08/10 20:35:07 995] lgi        436  msc cver : 5.0.38.1195  
[2025/08/10 20:35:07 995] lgi        479  ns_enable=  1  
[2025/08/10 20:35:07 996] lgi        491  prot_ver=1  
[2025/08/10 20:35:07 996] lgi        502  prot_type=tcp  
[2025/08/10 20:35:07 996] lgi        653  SYS_MSG_UNLOAD  go bg!  
============================================================
Time  2025/08/10 20:35:08 192 
============================================================
[2025/08/10 20:35:08 192] lgi        644  SYS_MSG_LOAD  
[2025/08/10 20:35:08 196] lgi        666  SYS_MSG_REGCB  msp_status_cb  func(88053250) 
[2025/08/10 20:35:08 196] lgi        292  LGI_MSG_INIT  
[2025/08/10 20:35:08 197] lgi        299  lgi  lgi_  268436457  1588040621  
[2025/08/10 20:35:08 197] lgi        332  lgi params:  appid =5e7d9f3e, work_dir = .  
[2025/08/10 20:35:08 197] lgi        346  auth_time_str=  2025/08/10 20:35:08  
[2025/08/10 20:35:08 197] lgi        352  auth_appid=  5e7d9f3e  
[2025/08/10 20:35:08 198] lgi        363  token:  nil  
[2025/08/10 20:35:08 198] lgi        436  msc cver : 5.0.38.1195  
[2025/08/10 20:35:08 198] lgi        479  ns_enable=  1  
[2025/08/10 20:35:08 198] lgi        491  prot_ver=1  
[2025/08/10 20:35:08 198] lgi        502  prot_type=tcp  
[2025/08/10 20:35:08 199] lgi        653  SYS_MSG_UNLOAD  go bg!  
[2025/08/10 20:35:08 231] lgi        657  SYS_MSG_SHUTDOWN  
[2025/08/10 20:35:08 266] lgi        657  SYS_MSG_SHUTDOWN  
[2025/08/10 20:35:08 432] lgi        657  SYS_MSG_SHUTDOWN  
============================================================
Time  2025/08/10 20:35:15 663 
============================================================
[2025/08/10 20:35:15 663] lgi        644  SYS_MSG_LOAD  
[2025/08/10 20:35:15 665] lgi        666  SYS_MSG_REGCB  msp_status_cb  func(80053250) 
[2025/08/10 20:35:15 665] lgi        292  LGI_MSG_INIT  
[2025/08/10 20:35:15 665] lgi        299  lgi  lgi_  268436457  1588040621  
[2025/08/10 20:35:15 665] lgi        332  lgi params:  appid =5e7d9f3e, work_dir = .  
[2025/08/10 20:35:15 665] lgi        346  auth_time_str=  2025/08/10 20:35:15  
[2025/08/10 20:35:15 665] lgi        352  auth_appid=  5e7d9f3e  
[2025/08/10 20:35:15 665] lgi        363  token:  nil  
[2025/08/10 20:35:15 666] lgi        436  msc cver : 5.0.38.1195  
[2025/08/10 20:35:15 666] lgi        479  ns_enable=  1  
[2025/08/10 20:35:15 666] lgi        491  prot_ver=1  
[2025/08/10 20:35:15 666] lgi        502  prot_type=tcp  
[2025/08/10 20:35:15 666] lgi        653  SYS_MSG_UNLOAD  go bg!  
============================================================
Time  2025/08/10 20:35:15 822 
============================================================
[2025/08/10 20:35:15 822] lgi        644  SYS_MSG_LOAD  
[2025/08/10 20:35:15 825] lgi        666  SYS_MSG_REGCB  msp_status_cb  func(78053250) 
[2025/08/10 20:35:15 826] lgi        292  LGI_MSG_INIT  
[2025/08/10 20:35:15 826] lgi        299  lgi  lgi_  268436457  1588040621  
[2025/08/10 20:35:15 826] lgi        332  lgi params:  appid =5e7d9f3e, work_dir = .  
[2025/08/10 20:35:15 826] lgi        346  auth_time_str=  2025/08/10 20:35:15  
[2025/08/10 20:35:15 826] lgi        352  auth_appid=  5e7d9f3e  
[2025/08/10 20:35:15 827] lgi        363  token:  nil  
[2025/08/10 20:35:15 827] lgi        436  msc cver : 5.0.38.1195  
[2025/08/10 20:35:15 827] lgi        479  ns_enable=  1  
[2025/08/10 20:35:15 827] lgi        491  prot_ver=1  
[2025/08/10 20:35:15 827] lgi        502  prot_type=tcp  
[2025/08/10 20:35:15 828] lgi        653  SYS_MSG_UNLOAD  go bg!  
[2025/08/10 20:35:16 032] lgi        657  SYS_MSG_SHUTDOWN  
============================================================
Time  2025/08/10 20:35:16 034 
============================================================
[2025/08/10 20:35:16 034] lgi        644  SYS_MSG_LOAD  
[2025/08/10 20:35:16 039] lgi        666  SYS_MSG_REGCB  msp_status_cb  func(64013820) 
[2025/08/10 20:35:16 040] lgi        292  LGI_MSG_INIT  
[2025/08/10 20:35:16 040] lgi        299  lgi  lgi_  268436457  1588040621  
[2025/08/10 20:35:16 041] lgi        332  lgi params:  appid =5e7d9f3e, work_dir = .  
[2025/08/10 20:35:16 041] lgi        346  auth_time_str=  2025/08/10 20:35:16  
[2025/08/10 20:35:16 041] lgi        352  auth_appid=  5e7d9f3e  
[2025/08/10 20:35:16 041] lgi        363  token:  nil  
[2025/08/10 20:35:16 041] lgi        436  msc cver : 5.0.38.1195  
[2025/08/10 20:35:16 042] lgi        479  ns_enable=  1  
[2025/08/10 20:35:16 042] lgi        491  prot_ver=1  
[2025/08/10 20:35:16 042] lgi        502  prot_type=tcp  
[2025/08/10 20:35:16 042] lgi        653  SYS_MSG_UNLOAD  go bg!  
[2025/08/10 20:35:16 156] lgi        657  SYS_MSG_SHUTDOWN  
============================================================
Time  2025/08/10 20:35:16 525 
============================================================
[2025/08/10 20:35:16 526] lgi        644  SYS_MSG_LOAD  
[2025/08/10 20:35:16 528] lgi        666  SYS_MSG_REGCB  msp_status_cb  func(88013820) 
[2025/08/10 20:35:16 528] lgi        292  LGI_MSG_INIT  
[2025/08/10 20:35:16 529] lgi        299  lgi  lgi_  268436457  1588040621  
[2025/08/10 20:35:16 529] lgi        332  lgi params:  appid =5e7d9f3e, work_dir = .  
[2025/08/10 20:35:16 529] lgi        346  auth_time_str=  2025/08/10 20:35:16  
[2025/08/10 20:35:16 529] lgi        352  auth_appid=  5e7d9f3e  
[2025/08/10 20:35:16 529] lgi        363  token:  nil  
[2025/08/10 20:35:16 529] lgi        436  msc cver : 5.0.38.1195  
[2025/08/10 20:35:16 530] lgi        479  ns_enable=  1  
[2025/08/10 20:35:16 530] lgi        491  prot_ver=1  
[2025/08/10 20:35:16 530] lgi        502  prot_type=tcp  
[2025/08/10 20:35:16 530] lgi        653  SYS_MSG_UNLOAD  go bg!  
[2025/08/10 20:35:16 575] lgi        657  SYS_MSG_SHUTDOWN  
============================================================
Time  2025/08/10 20:35:16 707 
============================================================
[2025/08/10 20:35:16 707] lgi        644  SYS_MSG_LOAD  
[2025/08/10 20:35:16 712] lgi        666  SYS_MSG_REGCB  msp_status_cb  func(80053250) 
[2025/08/10 20:35:16 712] lgi        292  LGI_MSG_INIT  
[2025/08/10 20:35:16 712] lgi        299  lgi  lgi_  268436457  1588040621  
[2025/08/10 20:35:16 713] lgi        332  lgi params:  appid =5e7d9f3e, work_dir = .  
[2025/08/10 20:35:16 713] lgi        346  auth_time_str=  2025/08/10 20:35:16  
[2025/08/10 20:35:16 713] lgi        352  auth_appid=  5e7d9f3e  
[2025/08/10 20:35:16 713] lgi        363  token:  nil  
[2025/08/10 20:35:16 713] lgi        436  msc cver : 5.0.38.1195  
[2025/08/10 20:35:16 714] lgi        479  ns_enable=  1  
[2025/08/10 20:35:16 714] lgi        491  prot_ver=1  
[2025/08/10 20:35:16 714] lgi        502  prot_type=tcp  
[2025/08/10 20:35:16 715] lgi        653  SYS_MSG_UNLOAD  go bg!  
[2025/08/10 20:35:16 751] lgi        657  SYS_MSG_SHUTDOWN  
[2025/08/10 20:35:17 349] lgi        657  SYS_MSG_SHUTDOWN  
============================================================
Time  2025/08/11 17:06:28 771 
============================================================
[2025/08/11 17:06:28 771] lgi        644  SYS_MSG_LOAD  
[2025/08/11 17:06:28 775] lgi        666  SYS_MSG_REGCB  msp_status_cb  func(94053250) 
[2025/08/11 17:06:28 775] lgi        292  LGI_MSG_INIT  
[2025/08/11 17:06:28 775] lgi        299  lgi  lgi_  268436457  1588040621  
[2025/08/11 17:06:28 775] lgi        332  lgi params:  appid =5e7d9f3e, work_dir = .  
[2025/08/11 17:06:28 775] lgi        346  auth_time_str=  2025/08/11 17:06:28  
[2025/08/11 17:06:28 775] lgi        352  auth_appid=  5e7d9f3e  
[2025/08/11 17:06:28 775] lgi        363  token:  nil  
[2025/08/11 17:06:28 776] lgi        436  msc cver : 5.0.38.1195  
[2025/08/11 17:06:28 776] lgi        479  ns_enable=  1  
[2025/08/11 17:06:28 776] lgi        491  prot_ver=1  
[2025/08/11 17:06:28 776] lgi        502  prot_type=tcp  
[2025/08/11 17:06:28 776] lgi        653  SYS_MSG_UNLOAD  go bg!  
[2025/08/11 17:06:29 235] lgi        657  SYS_MSG_SHUTDOWN  
============================================================
Time  2025/08/11 17:06:33 597 
============================================================
[2025/08/11 17:06:33 597] lgi        644  SYS_MSG_LOAD  
[2025/08/11 17:06:33 604] lgi        666  SYS_MSG_REGCB  msp_status_cb  func(94053250) 
[2025/08/11 17:06:33 605] lgi        292  LGI_MSG_INIT  
[2025/08/11 17:06:33 606] lgi        299  lgi  lgi_  268436457  1588040621  
[2025/08/11 17:06:33 607] lgi        332  lgi params:  appid =5e7d9f3e, work_dir = .  
[2025/08/11 17:06:33 608] lgi        346  auth_time_str=  2025/08/11 17:06:33  
[2025/08/11 17:06:33 608] lgi        352  auth_appid=  5e7d9f3e  
[2025/08/11 17:06:33 608] lgi        363  token:  nil  
[2025/08/11 17:06:33 608] lgi        436  msc cver : 5.0.38.1195  
[2025/08/11 17:06:33 608] lgi        479  ns_enable=  1  
[2025/08/11 17:06:33 608] lgi        491  prot_ver=1  
[2025/08/11 17:06:33 608] lgi        502  prot_type=tcp  
[2025/08/11 17:06:33 609] lgi        653  SYS_MSG_UNLOAD  go bg!  
[2025/08/11 17:06:34 140] lgi        657  SYS_MSG_SHUTDOWN  
============================================================
Time  2025/08/11 17:06:34 905 
============================================================
[2025/08/11 17:06:34 905] lgi        644  SYS_MSG_LOAD  
[2025/08/11 17:06:34 908] lgi        666  SYS_MSG_REGCB  msp_status_cb  func(58053250) 
[2025/08/11 17:06:34 908] lgi        292  LGI_MSG_INIT  
[2025/08/11 17:06:34 908] lgi        299  lgi  lgi_  268436457  1588040621  
[2025/08/11 17:06:34 908] lgi        332  lgi params:  appid =5e7d9f3e, work_dir = .  
[2025/08/11 17:06:34 908] lgi        346  auth_time_str=  2025/08/11 17:06:34  
[2025/08/11 17:06:34 908] lgi        352  auth_appid=  5e7d9f3e  
[2025/08/11 17:06:34 908] lgi        363  token:  nil  
[2025/08/11 17:06:34 909] lgi        436  msc cver : 5.0.38.1195  
[2025/08/11 17:06:34 909] lgi        479  ns_enable=  1  
[2025/08/11 17:06:34 909] lgi        491  prot_ver=1  
[2025/08/11 17:06:34 909] lgi        502  prot_type=tcp  
[2025/08/11 17:06:34 909] lgi        653  SYS_MSG_UNLOAD  go bg!  
[2025/08/11 17:06:35 381] lgi        657  SYS_MSG_SHUTDOWN  
============================================================
Time  2025/08/11 17:06:36 418 
============================================================
[2025/08/11 17:06:36 418] lgi        644  SYS_MSG_LOAD  
[2025/08/11 17:06:36 422] lgi        666  SYS_MSG_REGCB  msp_status_cb  func(84013820) 
[2025/08/11 17:06:36 422] lgi        292  LGI_MSG_INIT  
[2025/08/11 17:06:36 422] lgi        299  lgi  lgi_  268436457  1588040621  
[2025/08/11 17:06:36 423] lgi        332  lgi params:  appid =5e7d9f3e, work_dir = .  
[2025/08/11 17:06:36 423] lgi        346  auth_time_str=  2025/08/11 17:06:36  
[2025/08/11 17:06:36 423] lgi        352  auth_appid=  5e7d9f3e  
[2025/08/11 17:06:36 423] lgi        363  token:  nil  
[2025/08/11 17:06:36 423] lgi        436  msc cver : 5.0.38.1195  
[2025/08/11 17:06:36 423] lgi        479  ns_enable=  1  
[2025/08/11 17:06:36 423] lgi        491  prot_ver=1  
[2025/08/11 17:06:36 424] lgi        502  prot_type=tcp  
[2025/08/11 17:06:36 424] lgi        653  SYS_MSG_UNLOAD  go bg!  
============================================================
Time  2025/08/11 17:06:36 536 
============================================================
[2025/08/11 17:06:36 536] lgi        644  SYS_MSG_LOAD  
[2025/08/11 17:06:36 543] lgi        666  SYS_MSG_REGCB  msp_status_cb  func(8c053070) 
[2025/08/11 17:06:36 544] lgi        292  LGI_MSG_INIT  
[2025/08/11 17:06:36 546] lgi        299  lgi  lgi_  268436457  1588040621  
[2025/08/11 17:06:36 548] lgi        332  lgi params:  appid =5e7d9f3e, work_dir = .  
[2025/08/11 17:06:36 548] lgi        346  auth_time_str=  2025/08/11 17:06:36  
[2025/08/11 17:06:36 549] lgi        352  auth_appid=  5e7d9f3e  
[2025/08/11 17:06:36 549] lgi        363  token:  nil  
[2025/08/11 17:06:36 549] lgi        436  msc cver : 5.0.38.1195  
[2025/08/11 17:06:36 549] lgi        479  ns_enable=  1  
[2025/08/11 17:06:36 549] lgi        491  prot_ver=1  
[2025/08/11 17:06:36 550] lgi        502  prot_type=tcp  
[2025/08/11 17:06:36 550] lgi        653  SYS_MSG_UNLOAD  go bg!  
============================================================
Time  2025/08/11 17:06:36 604 
============================================================
[2025/08/11 17:06:36 605] lgi        644  SYS_MSG_LOAD  
[2025/08/11 17:06:36 610] lgi        666  SYS_MSG_REGCB  msp_status_cb  func(90053250) 
[2025/08/11 17:06:36 610] lgi        292  LGI_MSG_INIT  
[2025/08/11 17:06:36 611] lgi        299  lgi  lgi_  268436457  1588040621  
[2025/08/11 17:06:36 611] lgi        332  lgi params:  appid =5e7d9f3e, work_dir = .  
[2025/08/11 17:06:36 611] lgi        346  auth_time_str=  2025/08/11 17:06:36  
[2025/08/11 17:06:36 611] lgi        352  auth_appid=  5e7d9f3e  
[2025/08/11 17:06:36 611] lgi        363  token:  nil  
[2025/08/11 17:06:36 611] lgi        436  msc cver : 5.0.38.1195  
[2025/08/11 17:06:36 611] lgi        479  ns_enable=  1  
[2025/08/11 17:06:36 611] lgi        491  prot_ver=1  
[2025/08/11 17:06:36 611] lgi        502  prot_type=tcp  
[2025/08/11 17:06:36 612] lgi        653  SYS_MSG_UNLOAD  go bg!  
[2025/08/11 17:06:36 633] lgi        657  SYS_MSG_SHUTDOWN  
[2025/08/11 17:06:36 824] lgi        657  SYS_MSG_SHUTDOWN  
[2025/08/11 17:06:37 027] lgi        657  SYS_MSG_SHUTDOWN  
============================================================
Time  2025/08/11 17:06:38 694 
============================================================
[2025/08/11 17:06:38 694] lgi        644  SYS_MSG_LOAD  
[2025/08/11 17:06:38 696] lgi        666  SYS_MSG_REGCB  msp_status_cb  func(70053250) 
[2025/08/11 17:06:38 697] lgi        292  LGI_MSG_INIT  
[2025/08/11 17:06:38 697] lgi        299  lgi  lgi_  268436457  1588040621  
[2025/08/11 17:06:38 697] lgi        332  lgi params:  appid =5e7d9f3e, work_dir = .  
[2025/08/11 17:06:38 697] lgi        346  auth_time_str=  2025/08/11 17:06:38  
[2025/08/11 17:06:38 697] lgi        352  auth_appid=  5e7d9f3e  
[2025/08/11 17:06:38 697] lgi        363  token:  nil  
[2025/08/11 17:06:38 698] lgi        436  msc cver : 5.0.38.1195  
[2025/08/11 17:06:38 698] lgi        479  ns_enable=  1  
[2025/08/11 17:06:38 698] lgi        491  prot_ver=1  
[2025/08/11 17:06:38 698] lgi        502  prot_type=tcp  
[2025/08/11 17:06:38 698] lgi        653  SYS_MSG_UNLOAD  go bg!  
============================================================
Time  2025/08/11 17:06:38 797 
============================================================
[2025/08/11 17:06:38 798] lgi        644  SYS_MSG_LOAD  
[2025/08/11 17:06:38 802] lgi        666  SYS_MSG_REGCB  msp_status_cb  func(900137e0) 
[2025/08/11 17:06:38 802] lgi        292  LGI_MSG_INIT  
[2025/08/11 17:06:38 802] lgi        299  lgi  lgi_  268436457  1588040621  
[2025/08/11 17:06:38 803] lgi        332  lgi params:  appid =5e7d9f3e, work_dir = .  
[2025/08/11 17:06:38 803] lgi        346  auth_time_str=  2025/08/11 17:06:38  
[2025/08/11 17:06:38 803] lgi        352  auth_appid=  5e7d9f3e  
[2025/08/11 17:06:38 803] lgi        363  token:  nil  
[2025/08/11 17:06:38 803] lgi        436  msc cver : 5.0.38.1195  
[2025/08/11 17:06:38 803] lgi        479  ns_enable=  1  
[2025/08/11 17:06:38 803] lgi        491  prot_ver=1  
[2025/08/11 17:06:38 804] lgi        502  prot_type=tcp  
[2025/08/11 17:06:38 804] lgi        653  SYS_MSG_UNLOAD  go bg!  
[2025/08/11 17:06:38 880] lgi        657  SYS_MSG_SHUTDOWN  
============================================================
Time  2025/08/11 17:06:38 926 
============================================================
[2025/08/11 17:06:38 926] lgi        644  SYS_MSG_LOAD  
[2025/08/11 17:06:38 928] lgi        666  SYS_MSG_REGCB  msp_status_cb  func(90013820) 
[2025/08/11 17:06:38 928] lgi        292  LGI_MSG_INIT  
[2025/08/11 17:06:38 928] lgi        299  lgi  lgi_  268436457  1588040621  
[2025/08/11 17:06:38 929] lgi        332  lgi params:  appid =5e7d9f3e, work_dir = .  
[2025/08/11 17:06:38 929] lgi        346  auth_time_str=  2025/08/11 17:06:38  
[2025/08/11 17:06:38 929] lgi        352  auth_appid=  5e7d9f3e  
[2025/08/11 17:06:38 929] lgi        363  token:  nil  
[2025/08/11 17:06:38 929] lgi        436  msc cver : 5.0.38.1195  
[2025/08/11 17:06:38 929] lgi        479  ns_enable=  1  
[2025/08/11 17:06:38 929] lgi        491  prot_ver=1  
[2025/08/11 17:06:38 929] lgi        502  prot_type=tcp  
[2025/08/11 17:06:38 930] lgi        653  SYS_MSG_UNLOAD  go bg!  
[2025/08/11 17:06:39 142] lgi        657  SYS_MSG_SHUTDOWN  
============================================================
Time  2025/08/11 17:06:39 156 
============================================================
[2025/08/11 17:06:39 156] lgi        644  SYS_MSG_LOAD  
[2025/08/11 17:06:39 158] lgi        666  SYS_MSG_REGCB  msp_status_cb  func(840137e0) 
[2025/08/11 17:06:39 158] lgi        292  LGI_MSG_INIT  
[2025/08/11 17:06:39 158] lgi        299  lgi  lgi_  268436457  1588040621  
[2025/08/11 17:06:39 159] lgi        332  lgi params:  appid =5e7d9f3e, work_dir = .  
[2025/08/11 17:06:39 159] lgi        346  auth_time_str=  2025/08/11 17:06:39  
[2025/08/11 17:06:39 159] lgi        352  auth_appid=  5e7d9f3e  
[2025/08/11 17:06:39 159] lgi        363  token:  nil  
[2025/08/11 17:06:39 159] lgi        436  msc cver : 5.0.38.1195  
[2025/08/11 17:06:39 159] lgi        479  ns_enable=  1  
[2025/08/11 17:06:39 159] lgi        491  prot_ver=1  
[2025/08/11 17:06:39 159] lgi        502  prot_type=tcp  
[2025/08/11 17:06:39 160] lgi        653  SYS_MSG_UNLOAD  go bg!  
[2025/08/11 17:06:39 245] lgi        657  SYS_MSG_SHUTDOWN  
[2025/08/11 17:06:39 356] lgi        657  SYS_MSG_SHUTDOWN  
============================================================
Time  2025/08/11 17:06:42 488 
============================================================
[2025/08/11 17:06:42 488] lgi        644  SYS_MSG_LOAD  
[2025/08/11 17:06:42 493] lgi        666  SYS_MSG_REGCB  msp_status_cb  func(88013820) 
[2025/08/11 17:06:42 494] lgi        292  LGI_MSG_INIT  
[2025/08/11 17:06:42 494] lgi        299  lgi  lgi_  268436457  1588040621  
[2025/08/11 17:06:42 494] lgi        332  lgi params:  appid =5e7d9f3e, work_dir = .  
[2025/08/11 17:06:42 495] lgi        346  auth_time_str=  2025/08/11 17:06:42  
[2025/08/11 17:06:42 495] lgi        352  auth_appid=  5e7d9f3e  
[2025/08/11 17:06:42 495] lgi        363  token:  nil  
[2025/08/11 17:06:42 495] lgi        436  msc cver : 5.0.38.1195  
[2025/08/11 17:06:42 495] lgi        479  ns_enable=  1  
[2025/08/11 17:06:42 495] lgi        491  prot_ver=1  
[2025/08/11 17:06:42 495] lgi        502  prot_type=tcp  
[2025/08/11 17:06:42 496] lgi        653  SYS_MSG_UNLOAD  go bg!  
============================================================
Time  2025/08/11 17:06:42 601 
============================================================
[2025/08/11 17:06:42 601] lgi        644  SYS_MSG_LOAD  
[2025/08/11 17:06:42 605] lgi        666  SYS_MSG_REGCB  msp_status_cb  func(54053250) 
[2025/08/11 17:06:42 605] lgi        292  LGI_MSG_INIT  
[2025/08/11 17:06:42 606] lgi        299  lgi  lgi_  268436457  1588040621  
[2025/08/11 17:06:42 606] lgi        332  lgi params:  appid =5e7d9f3e, work_dir = .  
[2025/08/11 17:06:42 606] lgi        346  auth_time_str=  2025/08/11 17:06:42  
[2025/08/11 17:06:42 606] lgi        352  auth_appid=  5e7d9f3e  
[2025/08/11 17:06:42 606] lgi        363  token:  nil  
[2025/08/11 17:06:42 607] lgi        436  msc cver : 5.0.38.1195  
[2025/08/11 17:06:42 607] lgi        479  ns_enable=  1  
[2025/08/11 17:06:42 607] lgi        491  prot_ver=1  
[2025/08/11 17:06:42 607] lgi        502  prot_type=tcp  
[2025/08/11 17:06:42 608] lgi        653  SYS_MSG_UNLOAD  go bg!  
============================================================
Time  2025/08/11 17:06:42 748 
============================================================
[2025/08/11 17:06:42 748] lgi        644  SYS_MSG_LOAD  
[2025/08/11 17:06:42 753] lgi        666  SYS_MSG_REGCB  msp_status_cb  func(88053250) 
[2025/08/11 17:06:42 753] lgi        292  LGI_MSG_INIT  
[2025/08/11 17:06:42 754] lgi        299  lgi  lgi_  268436457  1588040621  
[2025/08/11 17:06:42 754] lgi        332  lgi params:  appid =5e7d9f3e, work_dir = .  
[2025/08/11 17:06:42 754] lgi        346  auth_time_str=  2025/08/11 17:06:42  
[2025/08/11 17:06:42 754] lgi        352  auth_appid=  5e7d9f3e  
[2025/08/11 17:06:42 754] lgi        363  token:  nil  
[2025/08/11 17:06:42 754] lgi        436  msc cver : 5.0.38.1195  
[2025/08/11 17:06:42 755] lgi        479  ns_enable=  1  
[2025/08/11 17:06:42 755] lgi        491  prot_ver=1  
[2025/08/11 17:06:42 755] lgi        502  prot_type=tcp  
[2025/08/11 17:06:42 755] lgi        653  SYS_MSG_UNLOAD  go bg!  
[2025/08/11 17:06:42 799] lgi        657  SYS_MSG_SHUTDOWN  
============================================================
Time  2025/08/11 17:06:42 856 
============================================================
[2025/08/11 17:06:42 856] lgi        644  SYS_MSG_LOAD  
[2025/08/11 17:06:42 861] lgi        666  SYS_MSG_REGCB  msp_status_cb  func(70013820) 
[2025/08/11 17:06:42 862] lgi        292  LGI_MSG_INIT  
[2025/08/11 17:06:42 862] lgi        299  lgi  lgi_  268436457  1588040621  
[2025/08/11 17:06:42 862] lgi        332  lgi params:  appid =5e7d9f3e, work_dir = .  
[2025/08/11 17:06:42 863] lgi        346  auth_time_str=  2025/08/11 17:06:42  
[2025/08/11 17:06:42 863] lgi        352  auth_appid=  5e7d9f3e  
[2025/08/11 17:06:42 863] lgi        363  token:  nil  
[2025/08/11 17:06:42 863] lgi        436  msc cver : 5.0.38.1195  
[2025/08/11 17:06:42 863] lgi        479  ns_enable=  1  
[2025/08/11 17:06:42 863] lgi        491  prot_ver=1  
[2025/08/11 17:06:42 863] lgi        502  prot_type=tcp  
[2025/08/11 17:06:42 864] lgi        653  SYS_MSG_UNLOAD  go bg!  
[2025/08/11 17:06:42 949] lgi        657  SYS_MSG_SHUTDOWN  
[2025/08/11 17:06:43 070] lgi        657  SYS_MSG_SHUTDOWN  
[2025/08/11 17:06:43 119] lgi        657  SYS_MSG_SHUTDOWN  
============================================================
Time  2025/08/11 17:06:44 447 
============================================================
[2025/08/11 17:06:44 447] lgi        644  SYS_MSG_LOAD  
[2025/08/11 17:06:44 450] lgi        666  SYS_MSG_REGCB  msp_status_cb  func(740137e0) 
[2025/08/11 17:06:44 450] lgi        292  LGI_MSG_INIT  
[2025/08/11 17:06:44 450] lgi        299  lgi  lgi_  268436457  1588040621  
[2025/08/11 17:06:44 450] lgi        332  lgi params:  appid =5e7d9f3e, work_dir = .  
[2025/08/11 17:06:44 450] lgi        346  auth_time_str=  2025/08/11 17:06:44  
[2025/08/11 17:06:44 450] lgi        352  auth_appid=  5e7d9f3e  
[2025/08/11 17:06:44 450] lgi        363  token:  nil  
[2025/08/11 17:06:44 450] lgi        436  msc cver : 5.0.38.1195  
[2025/08/11 17:06:44 451] lgi        479  ns_enable=  1  
[2025/08/11 17:06:44 451] lgi        491  prot_ver=1  
[2025/08/11 17:06:44 451] lgi        502  prot_type=tcp  
[2025/08/11 17:06:44 451] lgi        653  SYS_MSG_UNLOAD  go bg!  
[2025/08/11 17:06:44 977] lgi        657  SYS_MSG_SHUTDOWN  
============================================================
Time  2025/08/11 17:06:46 426 
============================================================
[2025/08/11 17:06:46 426] lgi        644  SYS_MSG_LOAD  
[2025/08/11 17:06:46 431] lgi        666  SYS_MSG_REGCB  msp_status_cb  func(8c013820) 
[2025/08/11 17:06:46 432] lgi        292  LGI_MSG_INIT  
[2025/08/11 17:06:46 432] lgi        299  lgi  lgi_  268436457  1588040621  
[2025/08/11 17:06:46 433] lgi        332  lgi params:  appid =5e7d9f3e, work_dir = .  
[2025/08/11 17:06:46 433] lgi        346  auth_time_str=  2025/08/11 17:06:46  
[2025/08/11 17:06:46 433] lgi        352  auth_appid=  5e7d9f3e  
[2025/08/11 17:06:46 433] lgi        363  token:  nil  
[2025/08/11 17:06:46 433] lgi        436  msc cver : 5.0.38.1195  
[2025/08/11 17:06:46 434] lgi        479  ns_enable=  1  
[2025/08/11 17:06:46 434] lgi        491  prot_ver=1  
[2025/08/11 17:06:46 434] lgi        502  prot_type=tcp  
[2025/08/11 17:06:46 435] lgi        653  SYS_MSG_UNLOAD  go bg!  
============================================================
Time  2025/08/11 17:06:46 575 
============================================================
[2025/08/11 17:06:46 575] lgi        644  SYS_MSG_LOAD  
[2025/08/11 17:06:46 580] lgi        666  SYS_MSG_REGCB  msp_status_cb  func(54013820) 
[2025/08/11 17:06:46 580] lgi        292  LGI_MSG_INIT  
[2025/08/11 17:06:46 581] lgi        299  lgi  lgi_  268436457  1588040621  
[2025/08/11 17:06:46 581] lgi        332  lgi params:  appid =5e7d9f3e, work_dir = .  
[2025/08/11 17:06:46 581] lgi        346  auth_time_str=  2025/08/11 17:06:46  
[2025/08/11 17:06:46 581] lgi        352  auth_appid=  5e7d9f3e  
[2025/08/11 17:06:46 582] lgi        363  token:  nil  
[2025/08/11 17:06:46 582] lgi        436  msc cver : 5.0.38.1195  
[2025/08/11 17:06:46 582] lgi        479  ns_enable=  1  
[2025/08/11 17:06:46 582] lgi        491  prot_ver=1  
[2025/08/11 17:06:46 582] lgi        502  prot_type=tcp  
[2025/08/11 17:06:46 583] lgi        653  SYS_MSG_UNLOAD  go bg!  
============================================================
Time  2025/08/11 17:06:46 656 
============================================================
[2025/08/11 17:06:46 656] lgi        644  SYS_MSG_LOAD  
[2025/08/11 17:06:46 661] lgi        666  SYS_MSG_REGCB  msp_status_cb  func(58053250) 
[2025/08/11 17:06:46 661] lgi        292  LGI_MSG_INIT  
[2025/08/11 17:06:46 662] lgi        299  lgi  lgi_  268436457  1588040621  
[2025/08/11 17:06:46 662] lgi        332  lgi params:  appid =5e7d9f3e, work_dir = .  
[2025/08/11 17:06:46 662] lgi        346  auth_time_str=  2025/08/11 17:06:46  
[2025/08/11 17:06:46 662] lgi        352  auth_appid=  5e7d9f3e  
[2025/08/11 17:06:46 662] lgi        363  token:  nil  
[2025/08/11 17:06:46 662] lgi        436  msc cver : 5.0.38.1195  
[2025/08/11 17:06:46 662] lgi        479  ns_enable=  1  
[2025/08/11 17:06:46 663] lgi        491  prot_ver=1  
[2025/08/11 17:06:46 663] lgi        502  prot_type=tcp  
[2025/08/11 17:06:46 663] lgi        653  SYS_MSG_UNLOAD  go bg!  
============================================================
Time  2025/08/11 17:06:46 799 
============================================================
[2025/08/11 17:06:46 799] lgi        644  SYS_MSG_LOAD  
[2025/08/11 17:06:46 804] lgi        666  SYS_MSG_REGCB  msp_status_cb  func(6c013820) 
[2025/08/11 17:06:46 804] lgi        292  LGI_MSG_INIT  
[2025/08/11 17:06:46 805] lgi        299  lgi  lgi_  268436457  1588040621  
[2025/08/11 17:06:46 805] lgi        332  lgi params:  appid =5e7d9f3e, work_dir = .  
[2025/08/11 17:06:46 805] lgi        346  auth_time_str=  2025/08/11 17:06:46  
[2025/08/11 17:06:46 805] lgi        352  auth_appid=  5e7d9f3e  
[2025/08/11 17:06:46 805] lgi        363  token:  nil  
[2025/08/11 17:06:46 805] lgi        436  msc cver : 5.0.38.1195  
[2025/08/11 17:06:46 806] lgi        479  ns_enable=  1  
[2025/08/11 17:06:46 806] lgi        491  prot_ver=1  
[2025/08/11 17:06:46 806] lgi        502  prot_type=tcp  
[2025/08/11 17:06:46 806] lgi        653  SYS_MSG_UNLOAD  go bg!  
[2025/08/11 17:06:46 823] lgi        657  SYS_MSG_SHUTDOWN  
[2025/08/11 17:06:46 873] lgi        657  SYS_MSG_SHUTDOWN  
[2025/08/11 17:06:46 949] lgi        657  SYS_MSG_SHUTDOWN  
============================================================
Time  2025/08/11 17:06:46 970 
============================================================
[2025/08/11 17:06:46 971] lgi        644  SYS_MSG_LOAD  
[2025/08/11 17:06:46 975] lgi        666  SYS_MSG_REGCB  msp_status_cb  func(70053250) 
[2025/08/11 17:06:46 975] lgi        292  LGI_MSG_INIT  
[2025/08/11 17:06:46 976] lgi        299  lgi  lgi_  268436457  1588040621  
[2025/08/11 17:06:46 976] lgi        332  lgi params:  appid =5e7d9f3e, work_dir = .  
[2025/08/11 17:06:46 976] lgi        346  auth_time_str=  2025/08/11 17:06:46  
[2025/08/11 17:06:46 976] lgi        352  auth_appid=  5e7d9f3e  
[2025/08/11 17:06:46 976] lgi        363  token:  nil  
[2025/08/11 17:06:46 976] lgi        436  msc cver : 5.0.38.1195  
[2025/08/11 17:06:46 977] lgi        479  ns_enable=  1  
[2025/08/11 17:06:46 977] lgi        491  prot_ver=1  
[2025/08/11 17:06:46 977] lgi        502  prot_type=tcp  
[2025/08/11 17:06:46 977] lgi        653  SYS_MSG_UNLOAD  go bg!  
[2025/08/11 17:06:47 200] lgi        657  SYS_MSG_SHUTDOWN  
[2025/08/11 17:06:47 327] lgi        657  SYS_MSG_SHUTDOWN  
============================================================
Time  2025/08/11 17:06:47 359 
============================================================
[2025/08/11 17:06:47 359] lgi        644  SYS_MSG_LOAD  
[2025/08/11 17:06:47 364] lgi        666  SYS_MSG_REGCB  msp_status_cb  func(84053250) 
[2025/08/11 17:06:47 365] lgi        292  LGI_MSG_INIT  
[2025/08/11 17:06:47 365] lgi        299  lgi  lgi_  268436457  1588040621  
[2025/08/11 17:06:47 365] lgi        332  lgi params:  appid =5e7d9f3e, work_dir = .  
[2025/08/11 17:06:47 366] lgi        346  auth_time_str=  2025/08/11 17:06:47  
[2025/08/11 17:06:47 366] lgi        352  auth_appid=  5e7d9f3e  
[2025/08/11 17:06:47 366] lgi        363  token:  nil  
[2025/08/11 17:06:47 366] lgi        436  msc cver : 5.0.38.1195  
[2025/08/11 17:06:47 366] lgi        479  ns_enable=  1  
[2025/08/11 17:06:47 366] lgi        491  prot_ver=1  
[2025/08/11 17:06:47 366] lgi        502  prot_type=tcp  
[2025/08/11 17:06:47 367] lgi        653  SYS_MSG_UNLOAD  go bg!  
[2025/08/11 17:06:47 584] lgi        657  SYS_MSG_SHUTDOWN  
============================================================
Time  2025/08/11 17:33:28 414 
============================================================
[2025/08/11 17:33:28 414] lgi        644  SYS_MSG_LOAD  
[2025/08/11 17:33:28 417] lgi        666  SYS_MSG_REGCB  msp_status_cb  func(88013820) 
[2025/08/11 17:33:28 417] lgi        292  LGI_MSG_INIT  
[2025/08/11 17:33:28 417] lgi        299  lgi  lgi_  268436457  1588040621  
[2025/08/11 17:33:28 417] lgi        332  lgi params:  appid =5e7d9f3e, work_dir = .  
[2025/08/11 17:33:28 417] lgi        346  auth_time_str=  2025/08/11 17:33:28  
[2025/08/11 17:33:28 417] lgi        352  auth_appid=  5e7d9f3e  
[2025/08/11 17:33:28 417] lgi        363  token:  nil  
[2025/08/11 17:33:28 418] lgi        436  msc cver : 5.0.38.1195  
[2025/08/11 17:33:28 418] lgi        479  ns_enable=  1  
[2025/08/11 17:33:28 418] lgi        491  prot_ver=1  
[2025/08/11 17:33:28 418] lgi        502  prot_type=tcp  
[2025/08/11 17:33:28 419] lgi        653  SYS_MSG_UNLOAD  go bg!  
============================================================
Time  2025/08/11 17:33:28 556 
============================================================
[2025/08/11 17:33:28 556] lgi        644  SYS_MSG_LOAD  
[2025/08/11 17:33:28 558] lgi        666  SYS_MSG_REGCB  msp_status_cb  func(64053250) 
[2025/08/11 17:33:28 559] lgi        292  LGI_MSG_INIT  
[2025/08/11 17:33:28 559] lgi        299  lgi  lgi_  268436457  1588040621  
[2025/08/11 17:33:28 559] lgi        332  lgi params:  appid =5e7d9f3e, work_dir = .  
[2025/08/11 17:33:28 559] lgi        346  auth_time_str=  2025/08/11 17:33:28  
[2025/08/11 17:33:28 559] lgi        352  auth_appid=  5e7d9f3e  
[2025/08/11 17:33:28 559] lgi        363  token:  nil  
[2025/08/11 17:33:28 559] lgi        436  msc cver : 5.0.38.1195  
[2025/08/11 17:33:28 560] lgi        479  ns_enable=  1  
[2025/08/11 17:33:28 560] lgi        491  prot_ver=1  
[2025/08/11 17:33:28 560] lgi        502  prot_type=tcp  
[2025/08/11 17:33:28 560] lgi        653  SYS_MSG_UNLOAD  go bg!  
[2025/08/11 17:33:28 578] lgi        657  SYS_MSG_SHUTDOWN  
============================================================
Time  2025/08/11 17:33:28 716 
============================================================
[2025/08/11 17:33:28 716] lgi        644  SYS_MSG_LOAD  
[2025/08/11 17:33:28 718] lgi        666  SYS_MSG_REGCB  msp_status_cb  func(8c053250) 
[2025/08/11 17:33:28 718] lgi        292  LGI_MSG_INIT  
[2025/08/11 17:33:28 719] lgi        299  lgi  lgi_  268436457  1588040621  
[2025/08/11 17:33:28 719] lgi        332  lgi params:  appid =5e7d9f3e, work_dir = .  
[2025/08/11 17:33:28 719] lgi        346  auth_time_str=  2025/08/11 17:33:28  
[2025/08/11 17:33:28 719] lgi        352  auth_appid=  5e7d9f3e  
[2025/08/11 17:33:28 719] lgi        363  token:  nil  
[2025/08/11 17:33:28 719] lgi        436  msc cver : 5.0.38.1195  
[2025/08/11 17:33:28 719] lgi        479  ns_enable=  1  
[2025/08/11 17:33:28 719] lgi        491  prot_ver=1  
[2025/08/11 17:33:28 720] lgi        502  prot_type=tcp  
[2025/08/11 17:33:28 720] lgi        653  SYS_MSG_UNLOAD  go bg!  
[2025/08/11 17:33:28 906] lgi        657  SYS_MSG_SHUTDOWN  
[2025/08/11 17:33:29 086] lgi        657  SYS_MSG_SHUTDOWN  
============================================================
Time  2025/08/11 17:33:29 397 
============================================================
[2025/08/11 17:33:29 397] lgi        644  SYS_MSG_LOAD  
[2025/08/11 17:33:29 399] lgi        666  SYS_MSG_REGCB  msp_status_cb  func(98013820) 
[2025/08/11 17:33:29 400] lgi        292  LGI_MSG_INIT  
[2025/08/11 17:33:29 400] lgi        299  lgi  lgi_  268436457  1588040621  
[2025/08/11 17:33:29 400] lgi        332  lgi params:  appid =5e7d9f3e, work_dir = .  
[2025/08/11 17:33:29 400] lgi        346  auth_time_str=  2025/08/11 17:33:29  
[2025/08/11 17:33:29 400] lgi        352  auth_appid=  5e7d9f3e  
[2025/08/11 17:33:29 400] lgi        363  token:  nil  
[2025/08/11 17:33:29 400] lgi        436  msc cver : 5.0.38.1195  
[2025/08/11 17:33:29 401] lgi        479  ns_enable=  1  
[2025/08/11 17:33:29 401] lgi        491  prot_ver=1  
[2025/08/11 17:33:29 401] lgi        502  prot_type=tcp  
[2025/08/11 17:33:29 402] lgi        653  SYS_MSG_UNLOAD  go bg!  
[2025/08/11 17:33:29 560] lgi        657  SYS_MSG_SHUTDOWN  
============================================================
Time  2025/08/11 17:33:29 622 
============================================================
[2025/08/11 17:33:29 622] lgi        644  SYS_MSG_LOAD  
[2025/08/11 17:33:29 626] lgi        666  SYS_MSG_REGCB  msp_status_cb  func(64013820) 
[2025/08/11 17:33:29 626] lgi        292  LGI_MSG_INIT  
[2025/08/11 17:33:29 627] lgi        299  lgi  lgi_  268436457  1588040621  
[2025/08/11 17:33:29 627] lgi        332  lgi params:  appid =5e7d9f3e, work_dir = .  
[2025/08/11 17:33:29 627] lgi        346  auth_time_str=  2025/08/11 17:33:29  
[2025/08/11 17:33:29 627] lgi        352  auth_appid=  5e7d9f3e  
[2025/08/11 17:33:29 627] lgi        363  token:  nil  
[2025/08/11 17:33:29 627] lgi        436  msc cver : 5.0.38.1195  
[2025/08/11 17:33:29 628] lgi        479  ns_enable=  1  
[2025/08/11 17:33:29 628] lgi        491  prot_ver=1  
[2025/08/11 17:33:29 628] lgi        502  prot_type=tcp  
[2025/08/11 17:33:29 628] lgi        653  SYS_MSG_UNLOAD  go bg!  
[2025/08/11 17:33:29 820] lgi        657  SYS_MSG_SHUTDOWN  
============================================================
Time  2025/08/11 17:33:29 823 
============================================================
[2025/08/11 17:33:29 823] lgi        644  SYS_MSG_LOAD  
[2025/08/11 17:33:29 827] lgi        666  SYS_MSG_REGCB  msp_status_cb  func(64013820) 
[2025/08/11 17:33:29 828] lgi        292  LGI_MSG_INIT  
[2025/08/11 17:33:29 828] lgi        299  lgi  lgi_  268436457  1588040621  
[2025/08/11 17:33:29 828] lgi        332  lgi params:  appid =5e7d9f3e, work_dir = .  
[2025/08/11 17:33:29 829] lgi        346  auth_time_str=  2025/08/11 17:33:29  
[2025/08/11 17:33:29 829] lgi        352  auth_appid=  5e7d9f3e  
[2025/08/11 17:33:29 829] lgi        363  token:  nil  
[2025/08/11 17:33:29 829] lgi        436  msc cver : 5.0.38.1195  
[2025/08/11 17:33:29 829] lgi        479  ns_enable=  1  
[2025/08/11 17:33:29 829] lgi        491  prot_ver=1  
[2025/08/11 17:33:29 829] lgi        502  prot_type=tcp  
[2025/08/11 17:33:29 830] lgi        653  SYS_MSG_UNLOAD  go bg!  
============================================================
Time  2025/08/11 17:33:29 977 
============================================================
[2025/08/11 17:33:29 977] lgi        644  SYS_MSG_LOAD  
[2025/08/11 17:33:29 982] lgi        666  SYS_MSG_REGCB  msp_status_cb  func(88053250) 
[2025/08/11 17:33:29 982] lgi        292  LGI_MSG_INIT  
[2025/08/11 17:33:29 983] lgi        299  lgi  lgi_  268436457  1588040621  
[2025/08/11 17:33:29 983] lgi        332  lgi params:  appid =5e7d9f3e, work_dir = .  
[2025/08/11 17:33:29 983] lgi        346  auth_time_str=  2025/08/11 17:33:29  
[2025/08/11 17:33:29 983] lgi        352  auth_appid=  5e7d9f3e  
[2025/08/11 17:33:29 983] lgi        363  token:  nil  
[2025/08/11 17:33:29 984] lgi        436  msc cver : 5.0.38.1195  
[2025/08/11 17:33:29 984] lgi        479  ns_enable=  1  
[2025/08/11 17:33:29 984] lgi        491  prot_ver=1  
[2025/08/11 17:33:29 984] lgi        502  prot_type=tcp  
[2025/08/11 17:33:29 984] lgi        653  SYS_MSG_UNLOAD  go bg!  
============================================================
Time  2025/08/11 17:33:30 161 
============================================================
[2025/08/11 17:33:30 162] lgi        644  SYS_MSG_LOAD  
[2025/08/11 17:33:30 166] lgi        666  SYS_MSG_REGCB  msp_status_cb  func(60053250) 
[2025/08/11 17:33:30 167] lgi        292  LGI_MSG_INIT  
[2025/08/11 17:33:30 167] lgi        299  lgi  lgi_  268436457  1588040621  
[2025/08/11 17:33:30 167] lgi        332  lgi params:  appid =5e7d9f3e, work_dir = .  
[2025/08/11 17:33:30 167] lgi        346  auth_time_str=  2025/08/11 17:33:30  
[2025/08/11 17:33:30 168] lgi        352  auth_appid=  5e7d9f3e  
[2025/08/11 17:33:30 168] lgi        363  token:  nil  
[2025/08/11 17:33:30 168] lgi        436  msc cver : 5.0.38.1195  
[2025/08/11 17:33:30 168] lgi        479  ns_enable=  1  
[2025/08/11 17:33:30 168] lgi        491  prot_ver=1  
[2025/08/11 17:33:30 168] lgi        502  prot_type=tcp  
[2025/08/11 17:33:30 169] lgi        653  SYS_MSG_UNLOAD  go bg!  
[2025/08/11 17:33:30 191] lgi        657  SYS_MSG_SHUTDOWN  
[2025/08/11 17:33:30 366] lgi        657  SYS_MSG_SHUTDOWN  
============================================================
Time  2025/08/11 17:33:30 372 
============================================================
[2025/08/11 17:33:30 372] lgi        644  SYS_MSG_LOAD  
[2025/08/11 17:33:30 377] lgi        666  SYS_MSG_REGCB  msp_status_cb  func(64053250) 
[2025/08/11 17:33:30 378] lgi        292  LGI_MSG_INIT  
[2025/08/11 17:33:30 378] lgi        299  lgi  lgi_  268436457  1588040621  
[2025/08/11 17:33:30 378] lgi        332  lgi params:  appid =5e7d9f3e, work_dir = .  
[2025/08/11 17:33:30 379] lgi        346  auth_time_str=  2025/08/11 17:33:30  
[2025/08/11 17:33:30 379] lgi        352  auth_appid=  5e7d9f3e  
[2025/08/11 17:33:30 379] lgi        363  token:  nil  
[2025/08/11 17:33:30 379] lgi        436  msc cver : 5.0.38.1195  
[2025/08/11 17:33:30 379] lgi        479  ns_enable=  1  
[2025/08/11 17:33:30 379] lgi        491  prot_ver=1  
[2025/08/11 17:33:30 379] lgi        502  prot_type=tcp  
[2025/08/11 17:33:30 380] lgi        653  SYS_MSG_UNLOAD  go bg!  
[2025/08/11 17:33:30 625] lgi        657  SYS_MSG_SHUTDOWN  
============================================================
Time  2025/08/11 17:33:30 710 
============================================================
[2025/08/11 17:33:30 710] lgi        644  SYS_MSG_LOAD  
[2025/08/11 17:33:30 712] lgi        666  SYS_MSG_REGCB  msp_status_cb  func(54053250) 
[2025/08/11 17:33:30 712] lgi        292  LGI_MSG_INIT  
[2025/08/11 17:33:30 712] lgi        299  lgi  lgi_  268436457  1588040621  
[2025/08/11 17:33:30 713] lgi        332  lgi params:  appid =5e7d9f3e, work_dir = .  
[2025/08/11 17:33:30 713] lgi        346  auth_time_str=  2025/08/11 17:33:30  
[2025/08/11 17:33:30 713] lgi        352  auth_appid=  5e7d9f3e  
[2025/08/11 17:33:30 713] lgi        363  token:  nil  
[2025/08/11 17:33:30 713] lgi        436  msc cver : 5.0.38.1195  
[2025/08/11 17:33:30 713] lgi        479  ns_enable=  1  
[2025/08/11 17:33:30 713] lgi        491  prot_ver=1  
[2025/08/11 17:33:30 713] lgi        502  prot_type=tcp  
[2025/08/11 17:33:30 714] lgi        653  SYS_MSG_UNLOAD  go bg!  
[2025/08/11 17:33:30 895] lgi        657  SYS_MSG_SHUTDOWN  
[2025/08/11 17:33:30 943] lgi        657  SYS_MSG_SHUTDOWN  
============================================================
Time  2025/08/11 17:33:30 996 
============================================================
[2025/08/11 17:33:30 997] lgi        644  SYS_MSG_LOAD  
[2025/08/11 17:33:31 006] lgi        666  SYS_MSG_REGCB  msp_status_cb  func(680137e0) 
[2025/08/11 17:33:31 006] lgi        292  LGI_MSG_INIT  
[2025/08/11 17:33:31 007] lgi        299  lgi  lgi_  268436457  1588040621  
[2025/08/11 17:33:31 008] lgi        332  lgi params:  appid =5e7d9f3e, work_dir = .  
[2025/08/11 17:33:31 008] lgi        346  auth_time_str=  2025/08/11 17:33:30  
[2025/08/11 17:33:31 009] lgi        352  auth_appid=  5e7d9f3e  
[2025/08/11 17:33:31 009] lgi        363  token:  nil  
[2025/08/11 17:33:31 009] lgi        436  msc cver : 5.0.38.1195  
[2025/08/11 17:33:31 009] lgi        479  ns_enable=  1  
[2025/08/11 17:33:31 010] lgi        491  prot_ver=1  
[2025/08/11 17:33:31 010] lgi        502  prot_type=tcp  
[2025/08/11 17:33:31 011] lgi        653  SYS_MSG_UNLOAD  go bg!  
============================================================
Time  2025/08/11 17:33:31 478 
============================================================
[2025/08/11 17:33:31 478] lgi        644  SYS_MSG_LOAD  
[2025/08/11 17:33:31 480] lgi        666  SYS_MSG_REGCB  msp_status_cb  func(70053250) 
[2025/08/11 17:33:31 480] lgi        292  LGI_MSG_INIT  
[2025/08/11 17:33:31 481] lgi        299  lgi  lgi_  268436457  1588040621  
[2025/08/11 17:33:31 481] lgi        332  lgi params:  appid =5e7d9f3e, work_dir = .  
[2025/08/11 17:33:31 481] lgi        346  auth_time_str=  2025/08/11 17:33:31  
[2025/08/11 17:33:31 481] lgi        352  auth_appid=  5e7d9f3e  
[2025/08/11 17:33:31 481] lgi        363  token:  nil  
[2025/08/11 17:33:31 481] lgi        436  msc cver : 5.0.38.1195  
[2025/08/11 17:33:31 481] lgi        479  ns_enable=  1  
[2025/08/11 17:33:31 481] lgi        491  prot_ver=1  
[2025/08/11 17:33:31 481] lgi        502  prot_type=tcp  
[2025/08/11 17:33:31 482] lgi        653  SYS_MSG_UNLOAD  go bg!  
[2025/08/11 17:33:31 636] lgi        657  SYS_MSG_SHUTDOWN  
============================================================
Time  2025/08/11 17:33:31 653 
============================================================
[2025/08/11 17:33:31 653] lgi        644  SYS_MSG_LOAD  
[2025/08/11 17:33:31 657] lgi        666  SYS_MSG_REGCB  msp_status_cb  func(6c053250) 
[2025/08/11 17:33:31 659] lgi        292  LGI_MSG_INIT  
[2025/08/11 17:33:31 659] lgi        299  lgi  lgi_  268436457  1588040621  
[2025/08/11 17:33:31 659] lgi        332  lgi params:  appid =5e7d9f3e, work_dir = .  
[2025/08/11 17:33:31 660] lgi        346  auth_time_str=  2025/08/11 17:33:31  
[2025/08/11 17:33:31 660] lgi        352  auth_appid=  5e7d9f3e  
[2025/08/11 17:33:31 660] lgi        363  token:  nil  
[2025/08/11 17:33:31 660] lgi        436  msc cver : 5.0.38.1195  
[2025/08/11 17:33:31 660] lgi        479  ns_enable=  1  
[2025/08/11 17:33:31 660] lgi        491  prot_ver=1  
[2025/08/11 17:33:31 661] lgi        502  prot_type=tcp  
[2025/08/11 17:33:31 661] lgi        653  SYS_MSG_UNLOAD  go bg!  
[2025/08/11 17:33:31 694] lgi        657  SYS_MSG_SHUTDOWN  
============================================================
Time  2025/08/11 17:33:31 851 
============================================================
[2025/08/11 17:33:31 851] lgi        644  SYS_MSG_LOAD  
[2025/08/11 17:33:31 857] lgi        666  SYS_MSG_REGCB  msp_status_cb  func(6c053250) 
[2025/08/11 17:33:31 858] lgi        292  LGI_MSG_INIT  
[2025/08/11 17:33:31 858] lgi        299  lgi  lgi_  268436457  1588040621  
[2025/08/11 17:33:31 859] lgi        332  lgi params:  appid =5e7d9f3e, work_dir = .  
[2025/08/11 17:33:31 859] lgi        346  auth_time_str=  2025/08/11 17:33:31  
[2025/08/11 17:33:31 859] lgi        352  auth_appid=  5e7d9f3e  
[2025/08/11 17:33:31 859] lgi        363  token:  nil  
[2025/08/11 17:33:31 859] lgi        436  msc cver : 5.0.38.1195  
[2025/08/11 17:33:31 859] lgi        479  ns_enable=  1  
[2025/08/11 17:33:31 860] lgi        491  prot_ver=1  
[2025/08/11 17:33:31 860] lgi        502  prot_type=tcp  
[2025/08/11 17:33:31 861] lgi        653  SYS_MSG_UNLOAD  go bg!  
[2025/08/11 17:33:32 092] lgi        657  SYS_MSG_SHUTDOWN  
============================================================
Time  2025/08/11 17:33:32 286 
============================================================
[2025/08/11 17:33:32 286] lgi        644  SYS_MSG_LOAD  
[2025/08/11 17:33:32 292] lgi        666  SYS_MSG_REGCB  msp_status_cb  func(68013820) 
[2025/08/11 17:33:32 292] lgi        292  LGI_MSG_INIT  
[2025/08/11 17:33:32 292] lgi        299  lgi  lgi_  268436457  1588040621  
[2025/08/11 17:33:32 293] lgi        332  lgi params:  appid =5e7d9f3e, work_dir = .  
[2025/08/11 17:33:32 293] lgi        346  auth_time_str=  2025/08/11 17:33:32  
[2025/08/11 17:33:32 293] lgi        352  auth_appid=  5e7d9f3e  
[2025/08/11 17:33:32 293] lgi        363  token:  nil  
[2025/08/11 17:33:32 293] lgi        436  msc cver : 5.0.38.1195  
[2025/08/11 17:33:32 294] lgi        479  ns_enable=  1  
[2025/08/11 17:33:32 294] lgi        491  prot_ver=1  
[2025/08/11 17:33:32 294] lgi        502  prot_type=tcp  
[2025/08/11 17:33:32 294] lgi        653  SYS_MSG_UNLOAD  go bg!  
[2025/08/11 17:33:32 351] lgi        657  SYS_MSG_SHUTDOWN  
============================================================
Time  2025/08/11 17:33:32 844 
============================================================
[2025/08/11 17:33:32 844] lgi        644  SYS_MSG_LOAD  
[2025/08/11 17:33:32 846] lgi        666  SYS_MSG_REGCB  msp_status_cb  func(54053250) 
[2025/08/11 17:33:32 846] lgi        292  LGI_MSG_INIT  
[2025/08/11 17:33:32 847] lgi        299  lgi  lgi_  268436457  1588040621  
[2025/08/11 17:33:32 847] lgi        332  lgi params:  appid =5e7d9f3e, work_dir = .  
[2025/08/11 17:33:32 847] lgi        346  auth_time_str=  2025/08/11 17:33:32  
[2025/08/11 17:33:32 847] lgi        352  auth_appid=  5e7d9f3e  
[2025/08/11 17:33:32 847] lgi        363  token:  nil  
[2025/08/11 17:33:32 847] lgi        436  msc cver : 5.0.38.1195  
[2025/08/11 17:33:32 847] lgi        479  ns_enable=  1  
[2025/08/11 17:33:32 847] lgi        491  prot_ver=1  
[2025/08/11 17:33:32 847] lgi        502  prot_type=tcp  
[2025/08/11 17:33:32 848] lgi        653  SYS_MSG_UNLOAD  go bg!  
[2025/08/11 17:33:33 034] lgi        657  SYS_MSG_SHUTDOWN  
============================================================
Time  2025/08/11 17:33:33 151 
============================================================
[2025/08/11 17:33:33 151] lgi        644  SYS_MSG_LOAD  
[2025/08/11 17:33:33 154] lgi        666  SYS_MSG_REGCB  msp_status_cb  func(88053250) 
[2025/08/11 17:33:33 154] lgi        292  LGI_MSG_INIT  
[2025/08/11 17:33:33 154] lgi        299  lgi  lgi_  268436457  1588040621  
[2025/08/11 17:33:33 154] lgi        332  lgi params:  appid =5e7d9f3e, work_dir = .  
[2025/08/11 17:33:33 154] lgi        346  auth_time_str=  2025/08/11 17:33:33  
[2025/08/11 17:33:33 154] lgi        352  auth_appid=  5e7d9f3e  
[2025/08/11 17:33:33 155] lgi        363  token:  nil  
[2025/08/11 17:33:33 155] lgi        436  msc cver : 5.0.38.1195  
[2025/08/11 17:33:33 155] lgi        479  ns_enable=  1  
[2025/08/11 17:33:33 155] lgi        491  prot_ver=1  
[2025/08/11 17:33:33 155] lgi        502  prot_type=tcp  
[2025/08/11 17:33:33 155] lgi        653  SYS_MSG_UNLOAD  go bg!  
[2025/08/11 17:33:33 376] lgi        657  SYS_MSG_SHUTDOWN  
[2025/08/11 17:33:33 403] lgi        657  SYS_MSG_SHUTDOWN  
============================================================
Time  2025/08/11 17:33:33 879 
============================================================
[2025/08/11 17:33:33 879] lgi        644  SYS_MSG_LOAD  
[2025/08/11 17:33:33 880] lgi        666  SYS_MSG_REGCB  msp_status_cb  func(98013820) 
[2025/08/11 17:33:33 881] lgi        292  LGI_MSG_INIT  
[2025/08/11 17:33:33 881] lgi        299  lgi  lgi_  268436457  1588040621  
[2025/08/11 17:33:33 881] lgi        332  lgi params:  appid =5e7d9f3e, work_dir = .  
[2025/08/11 17:33:33 881] lgi        346  auth_time_str=  2025/08/11 17:33:33  
[2025/08/11 17:33:33 881] lgi        352  auth_appid=  5e7d9f3e  
[2025/08/11 17:33:33 881] lgi        363  token:  nil  
[2025/08/11 17:33:33 881] lgi        436  msc cver : 5.0.38.1195  
[2025/08/11 17:33:33 881] lgi        479  ns_enable=  1  
[2025/08/11 17:33:33 881] lgi        491  prot_ver=1  
[2025/08/11 17:33:33 881] lgi        502  prot_type=tcp  
[2025/08/11 17:33:33 882] lgi        653  SYS_MSG_UNLOAD  go bg!  
============================================================
Time  2025/08/11 17:33:34 054 
============================================================
[2025/08/11 17:33:34 054] lgi        644  SYS_MSG_LOAD  
[2025/08/11 17:33:34 056] lgi        666  SYS_MSG_REGCB  msp_status_cb  func(60013820) 
[2025/08/11 17:33:34 056] lgi        292  LGI_MSG_INIT  
[2025/08/11 17:33:34 056] lgi        299  lgi  lgi_  268436457  1588040621  
[2025/08/11 17:33:34 056] lgi        332  lgi params:  appid =5e7d9f3e, work_dir = .  
[2025/08/11 17:33:34 057] lgi        346  auth_time_str=  2025/08/11 17:33:34  
[2025/08/11 17:33:34 057] lgi        352  auth_appid=  5e7d9f3e  
[2025/08/11 17:33:34 057] lgi        363  token:  nil  
[2025/08/11 17:33:34 057] lgi        436  msc cver : 5.0.38.1195  
[2025/08/11 17:33:34 057] lgi        479  ns_enable=  1  
[2025/08/11 17:33:34 057] lgi        491  prot_ver=1  
[2025/08/11 17:33:34 057] lgi        502  prot_type=tcp  
[2025/08/11 17:33:34 057] lgi        653  SYS_MSG_UNLOAD  go bg!  
[2025/08/11 17:33:34 260] lgi        657  SYS_MSG_SHUTDOWN  
[2025/08/11 17:33:34 324] lgi        657  SYS_MSG_SHUTDOWN  
============================================================
Time  2025/08/11 17:33:34 701 
============================================================
[2025/08/11 17:33:34 701] lgi        644  SYS_MSG_LOAD  
[2025/08/11 17:33:34 703] lgi        666  SYS_MSG_REGCB  msp_status_cb  func(94053250) 
[2025/08/11 17:33:34 704] lgi        292  LGI_MSG_INIT  
[2025/08/11 17:33:34 704] lgi        299  lgi  lgi_  268436457  1588040621  
[2025/08/11 17:33:34 704] lgi        332  lgi params:  appid =5e7d9f3e, work_dir = .  
[2025/08/11 17:33:34 704] lgi        346  auth_time_str=  2025/08/11 17:33:34  
[2025/08/11 17:33:34 704] lgi        352  auth_appid=  5e7d9f3e  
[2025/08/11 17:33:34 704] lgi        363  token:  nil  
[2025/08/11 17:33:34 704] lgi        436  msc cver : 5.0.38.1195  
[2025/08/11 17:33:34 705] lgi        479  ns_enable=  1  
[2025/08/11 17:33:34 705] lgi        491  prot_ver=1  
[2025/08/11 17:33:34 705] lgi        502  prot_type=tcp  
[2025/08/11 17:33:34 705] lgi        653  SYS_MSG_UNLOAD  go bg!  
[2025/08/11 17:33:34 904] lgi        657  SYS_MSG_SHUTDOWN  
============================================================
Time  2025/08/11 17:33:35 284 
============================================================
[2025/08/11 17:33:35 284] lgi        644  SYS_MSG_LOAD  
[2025/08/11 17:33:35 288] lgi        666  SYS_MSG_REGCB  msp_status_cb  func(74053250) 
[2025/08/11 17:33:35 288] lgi        292  LGI_MSG_INIT  
[2025/08/11 17:33:35 288] lgi        299  lgi  lgi_  268436457  1588040621  
[2025/08/11 17:33:35 289] lgi        332  lgi params:  appid =5e7d9f3e, work_dir = .  
[2025/08/11 17:33:35 289] lgi        346  auth_time_str=  2025/08/11 17:33:35  
[2025/08/11 17:33:35 289] lgi        352  auth_appid=  5e7d9f3e  
[2025/08/11 17:33:35 289] lgi        363  token:  nil  
[2025/08/11 17:33:35 289] lgi        436  msc cver : 5.0.38.1195  
[2025/08/11 17:33:35 289] lgi        479  ns_enable=  1  
[2025/08/11 17:33:35 289] lgi        491  prot_ver=1  
[2025/08/11 17:33:35 289] lgi        502  prot_type=tcp  
[2025/08/11 17:33:35 290] lgi        653  SYS_MSG_UNLOAD  go bg!  
[2025/08/11 17:33:35 458] lgi        657  SYS_MSG_SHUTDOWN  
============================================================
Time  2025/08/11 17:33:36 106 
============================================================
[2025/08/11 17:33:36 106] lgi        644  SYS_MSG_LOAD  
[2025/08/11 17:33:36 113] lgi        666  SYS_MSG_REGCB  msp_status_cb  func(78013820) 
[2025/08/11 17:33:36 114] lgi        292  LGI_MSG_INIT  
[2025/08/11 17:33:36 115] lgi        299  lgi  lgi_  268436457  1588040621  
[2025/08/11 17:33:36 115] lgi        332  lgi params:  appid =5e7d9f3e, work_dir = .  
[2025/08/11 17:33:36 115] lgi        346  auth_time_str=  2025/08/11 17:33:36  
[2025/08/11 17:33:36 115] lgi        352  auth_appid=  5e7d9f3e  
[2025/08/11 17:33:36 116] lgi        363  token:  nil  
[2025/08/11 17:33:36 116] lgi        436  msc cver : 5.0.38.1195  
[2025/08/11 17:33:36 116] lgi        479  ns_enable=  1  
[2025/08/11 17:33:36 116] lgi        491  prot_ver=1  
[2025/08/11 17:33:36 116] lgi        502  prot_type=tcp  
[2025/08/11 17:33:36 117] lgi        653  SYS_MSG_UNLOAD  go bg!  
============================================================
Time  2025/08/11 17:33:36 234 
============================================================
[2025/08/11 17:33:36 234] lgi        644  SYS_MSG_LOAD  
[2025/08/11 17:33:36 236] lgi        666  SYS_MSG_REGCB  msp_status_cb  func(70013850) 
[2025/08/11 17:33:36 236] lgi        292  LGI_MSG_INIT  
[2025/08/11 17:33:36 237] lgi        299  lgi  lgi_  268436457  1588040621  
[2025/08/11 17:33:36 237] lgi        332  lgi params:  appid =5e7d9f3e, work_dir = .  
[2025/08/11 17:33:36 237] lgi        346  auth_time_str=  2025/08/11 17:33:36  
[2025/08/11 17:33:36 237] lgi        352  auth_appid=  5e7d9f3e  
[2025/08/11 17:33:36 237] lgi        363  token:  nil  
[2025/08/11 17:33:36 237] lgi        436  msc cver : 5.0.38.1195  
[2025/08/11 17:33:36 237] lgi        479  ns_enable=  1  
[2025/08/11 17:33:36 237] lgi        491  prot_ver=1  
[2025/08/11 17:33:36 237] lgi        502  prot_type=tcp  
[2025/08/11 17:33:36 238] lgi        653  SYS_MSG_UNLOAD  go bg!  
[2025/08/11 17:33:36 311] lgi        657  SYS_MSG_SHUTDOWN  
============================================================
Time  2025/08/11 17:33:36 390 
============================================================
[2025/08/11 17:33:36 390] lgi        644  SYS_MSG_LOAD  
[2025/08/11 17:33:36 393] lgi        666  SYS_MSG_REGCB  msp_status_cb  func(74013600) 
[2025/08/11 17:33:36 394] lgi        292  LGI_MSG_INIT  
[2025/08/11 17:33:36 394] lgi        299  lgi  lgi_  268436457  1588040621  
[2025/08/11 17:33:36 394] lgi        332  lgi params:  appid =5e7d9f3e, work_dir = .  
[2025/08/11 17:33:36 394] lgi        346  auth_time_str=  2025/08/11 17:33:36  
[2025/08/11 17:33:36 394] lgi        352  auth_appid=  5e7d9f3e  
[2025/08/11 17:33:36 394] lgi        363  token:  nil  
[2025/08/11 17:33:36 394] lgi        436  msc cver : 5.0.38.1195  
[2025/08/11 17:33:36 394] lgi        479  ns_enable=  1  
[2025/08/11 17:33:36 394] lgi        491  prot_ver=1  
[2025/08/11 17:33:36 395] lgi        502  prot_type=tcp  
[2025/08/11 17:33:36 395] lgi        653  SYS_MSG_UNLOAD  go bg!  
[2025/08/11 17:33:36 569] lgi        657  SYS_MSG_SHUTDOWN  
============================================================
Time  2025/08/11 17:33:36 628 
============================================================
[2025/08/11 17:33:36 628] lgi        644  SYS_MSG_LOAD  
[2025/08/11 17:33:36 633] lgi        666  SYS_MSG_REGCB  msp_status_cb  func(70053250) 
[2025/08/11 17:33:36 633] lgi        292  LGI_MSG_INIT  
[2025/08/11 17:33:36 633] lgi        299  lgi  lgi_  268436457  1588040621  
[2025/08/11 17:33:36 634] lgi        332  lgi params:  appid =5e7d9f3e, work_dir = .  
[2025/08/11 17:33:36 634] lgi        346  auth_time_str=  2025/08/11 17:33:36  
[2025/08/11 17:33:36 634] lgi        352  auth_appid=  5e7d9f3e  
[2025/08/11 17:33:36 634] lgi        363  token:  nil  
[2025/08/11 17:33:36 634] lgi        436  msc cver : 5.0.38.1195  
[2025/08/11 17:33:36 634] lgi        479  ns_enable=  1  
[2025/08/11 17:33:36 634] lgi        491  prot_ver=1  
[2025/08/11 17:33:36 634] lgi        502  prot_type=tcp  
[2025/08/11 17:33:36 635] lgi        653  SYS_MSG_UNLOAD  go bg!  
[2025/08/11 17:33:36 635] lgi        657  SYS_MSG_SHUTDOWN  
============================================================
Time  2025/08/11 17:33:37 100 
============================================================
[2025/08/11 17:33:37 101] lgi        644  SYS_MSG_LOAD  
[2025/08/11 17:33:37 105] lgi        666  SYS_MSG_REGCB  msp_status_cb  func(70053250) 
[2025/08/11 17:33:37 105] lgi        292  LGI_MSG_INIT  
[2025/08/11 17:33:37 105] lgi        299  lgi  lgi_  268436457  1588040621  
[2025/08/11 17:33:37 106] lgi        332  lgi params:  appid =5e7d9f3e, work_dir = .  
[2025/08/11 17:33:37 106] lgi        346  auth_time_str=  2025/08/11 17:33:37  
[2025/08/11 17:33:37 106] lgi        352  auth_appid=  5e7d9f3e  
[2025/08/11 17:33:37 106] lgi        363  token:  nil  
[2025/08/11 17:33:37 106] lgi        436  msc cver : 5.0.38.1195  
[2025/08/11 17:33:37 106] lgi        479  ns_enable=  1  
[2025/08/11 17:33:37 107] lgi        491  prot_ver=1  
[2025/08/11 17:33:37 107] lgi        502  prot_type=tcp  
[2025/08/11 17:33:37 107] lgi        653  SYS_MSG_UNLOAD  go bg!  
[2025/08/11 17:33:37 111] lgi        657  SYS_MSG_SHUTDOWN  
[2025/08/11 17:33:37 674] lgi        657  SYS_MSG_SHUTDOWN  
============================================================
Time  2025/08/11 17:34:27 639 
============================================================
[2025/08/11 17:34:27 639] lgi        644  SYS_MSG_LOAD  
[2025/08/11 17:34:27 641] lgi        666  SYS_MSG_REGCB  msp_status_cb  func(74013640) 
[2025/08/11 17:34:27 641] lgi        292  LGI_MSG_INIT  
[2025/08/11 17:34:27 641] lgi        299  lgi  lgi_  268436457  1588040621  
[2025/08/11 17:34:27 641] lgi        332  lgi params:  appid =5e7d9f3e, work_dir = .  
[2025/08/11 17:34:27 641] lgi        346  auth_time_str=  2025/08/11 17:34:27  
[2025/08/11 17:34:27 641] lgi        352  auth_appid=  5e7d9f3e  
[2025/08/11 17:34:27 641] lgi        363  token:  nil  
[2025/08/11 17:34:27 641] lgi        436  msc cver : 5.0.38.1195  
[2025/08/11 17:34:27 642] lgi        479  ns_enable=  1  
[2025/08/11 17:34:27 642] lgi        491  prot_ver=1  
[2025/08/11 17:34:27 642] lgi        502  prot_type=tcp  
[2025/08/11 17:34:27 642] lgi        653  SYS_MSG_UNLOAD  go bg!  
============================================================
Time  2025/08/11 17:34:27 760 
============================================================
[2025/08/11 17:34:27 760] lgi        644  SYS_MSG_LOAD  
[2025/08/11 17:34:27 762] lgi        666  SYS_MSG_REGCB  msp_status_cb  func(58013820) 
[2025/08/11 17:34:27 762] lgi        292  LGI_MSG_INIT  
[2025/08/11 17:34:27 762] lgi        299  lgi  lgi_  268436457  1588040621  
[2025/08/11 17:34:27 762] lgi        332  lgi params:  appid =5e7d9f3e, work_dir = .  
[2025/08/11 17:34:27 763] lgi        346  auth_time_str=  2025/08/11 17:34:27  
[2025/08/11 17:34:27 763] lgi        352  auth_appid=  5e7d9f3e  
[2025/08/11 17:34:27 763] lgi        363  token:  nil  
[2025/08/11 17:34:27 763] lgi        436  msc cver : 5.0.38.1195  
[2025/08/11 17:34:27 763] lgi        479  ns_enable=  1  
[2025/08/11 17:34:27 763] lgi        491  prot_ver=1  
[2025/08/11 17:34:27 763] lgi        502  prot_type=tcp  
[2025/08/11 17:34:27 763] lgi        653  SYS_MSG_UNLOAD  go bg!  
[2025/08/11 17:34:27 791] lgi        657  SYS_MSG_SHUTDOWN  
============================================================
Time  2025/08/11 17:34:27 903 
============================================================
[2025/08/11 17:34:27 903] lgi        644  SYS_MSG_LOAD  
[2025/08/11 17:34:27 905] lgi        666  SYS_MSG_REGCB  msp_status_cb  func(90053070) 
[2025/08/11 17:34:27 905] lgi        292  LGI_MSG_INIT  
[2025/08/11 17:34:27 906] lgi        299  lgi  lgi_  268436457  1588040621  
[2025/08/11 17:34:27 906] lgi        332  lgi params:  appid =5e7d9f3e, work_dir = .  
[2025/08/11 17:34:27 906] lgi        346  auth_time_str=  2025/08/11 17:34:27  
[2025/08/11 17:34:27 906] lgi        352  auth_appid=  5e7d9f3e  
[2025/08/11 17:34:27 906] lgi        363  token:  nil  
[2025/08/11 17:34:27 906] lgi        436  msc cver : 5.0.38.1195  
[2025/08/11 17:34:27 906] lgi        479  ns_enable=  1  
[2025/08/11 17:34:27 907] lgi        491  prot_ver=1  
[2025/08/11 17:34:27 907] lgi        502  prot_type=tcp  
[2025/08/11 17:34:27 908] lgi        653  SYS_MSG_UNLOAD  go bg!  
[2025/08/11 17:34:28 071] lgi        657  SYS_MSG_SHUTDOWN  
[2025/08/11 17:34:28 194] lgi        657  SYS_MSG_SHUTDOWN  
