[2023/09/06 16:05:26 875] isr        1307 0  nil  2  
[2023/09/06 16:05:26 875] isr        1636 ASR_MSG_GRSLT,   local  
[2023/09/06 16:05:26 875] isr        1307 0  nil  2  
[2023/09/06 16:05:26 876] isr        1636 ASR_MSG_GRSLT,   local  
[2023/09/06 16:05:26 876] isr        1307 0  nil  2  
[2023/09/06 16:05:26 876] isr        1636 ASR_MSG_GRSLT,   local  
[2023/09/06 16:05:26 876] isr        1307 0  nil  2  
[2023/09/06 16:05:26 876] isr        1636 ASR_MSG_GRSLT,   local  
[2023/09/06 16:05:26 877] isr        1307 0  nil  2  
[2023/09/06 16:05:26 877] isr        1636 ASR_MSG_GRSLT,   local  
[2023/09/06 16:05:26 877] isr        1307 0  nil  2  
[2023/09/06 16:05:26 877] isr        1636 ASR_MSG_GRSLT,   local  
[2023/09/06 16:05:26 877] isr        1307 0  nil  2  
[2023/09/06 16:05:26 878] isr        1636 ASR_MSG_GRSLT,   local  
[2023/09/06 16:05:26 878] isr        1307 0  nil  2  
[2023/09/06 16:05:26 878] isr        1636 ASR_MSG_GRSLT,   local  
[2023/09/06 16:05:26 878] isr        1307 0  nil  2  
[2023/09/06 16:05:26 878] isr        1636 ASR_MSG_GRSLT,   local  
[2023/09/06 16:05:26 879] isr        1307 0  nil  2  
[2023/09/06 16:05:26 879] isr        1636 ASR_MSG_GRSLT,   local  
[2023/09/06 16:05:26 879] isr        1307 0  nil  2  
[2023/09/06 16:05:26 879] isr        1636 ASR_MSG_GRSLT,   local  
[2023/09/06 16:05:26 879] isr        1307 0  nil  2  
[2023/09/06 16:05:26 880] isr        1636 ASR_MSG_GRSLT,   local  
[2023/09/06 16:05:26 880] isr        1307 0  nil  2  
[2023/09/06 16:05:26 880] isr        1636 ASR_MSG_GRSLT,   local  
[2023/09/06 16:05:26 880] isr        1307 0  nil  2  
[2023/09/06 16:05:26 882] isr        1636 ASR_MSG_GRSLT,   local  
[2023/09/06 16:05:26 882] isr        1307 0  nil  2  
[2023/09/06 16:05:26 882] isr        1636 ASR_MSG_GRSLT,   local  
[2023/09/06 16:05:26 882] isr        1307 0  nil  2  
[2023/09/06 16:05:26 882] isr        1636 ASR_MSG_GRSLT,   local  
[2023/09/06 16:05:26 882] isr        1307 0  nil  2  
[2023/09/06 16:05:26 883] isr        1636 ASR_MSG_GRSLT,   local  
[2023/09/06 16:05:26 883] isr        1307 0  nil  2  
[2023/09/06 16:05:26 883] isr        1636 ASR_MSG_GRSLT,   local  
[2023/09/06 16:05:26 883] isr        1307 0  nil  2  
[2023/09/06 16:05:26 883] isr        1636 ASR_MSG_GRSLT,   local  
[2023/09/06 16:05:26 883] isr        1307 0  nil  2  
[2023/09/06 16:05:26 884] isr        1636 ASR_MSG_GRSLT,   local  
[2023/09/06 16:05:26 884] isr        1307 0  nil  2  
[2023/09/06 16:05:26 884] isr        1636 ASR_MSG_GRSLT,   local  
[2023/09/06 16:05:26 884] isr        1307 0  nil  2  
[2023/09/06 16:05:26 884] isr        1636 ASR_MSG_GRSLT,   local  
[2023/09/06 16:05:26 884] isr        1307 0  nil  2  
[2023/09/06 16:05:26 885] isr        1636 ASR_MSG_GRSLT,   local  
[2023/09/06 16:05:26 885] isr        1307 0  nil  2  
[2023/09/06 16:05:26 885] isr        1636 ASR_MSG_GRSLT,   local  
[2023/09/06 16:05:26 885] isr        1307 0  nil  2  
[2023/09/06 16:05:26 885] isr        1636 ASR_MSG_GRSLT,   local  
[2023/09/06 16:05:26 885] isr        1307 0  nil  2  
[2023/09/06 16:05:26 886] isr        1636 ASR_MSG_GRSLT,   local  
[2023/09/06 16:05:26 886] isr        1307 0  nil  2  
[2023/09/06 16:05:26 886] isr        1636 ASR_MSG_GRSLT,   local  
[2023/09/06 16:05:26 886] isr        1307 0  nil  2  
[2023/09/06 16:05:26 886] isr        1636 ASR_MSG_GRSLT,   local  
[2023/09/06 16:05:26 886] isr        1307 0  nil  2  
[2023/09/06 16:05:26 887] isr        1636 ASR_MSG_GRSLT,   local  
[2023/09/06 16:05:26 887] isr        1307 0  nil  2  
[2023/09/06 16:05:26 887] isr        1636 ASR_MSG_GRSLT,   local  
[2023/09/06 16:05:26 887] isr        1307 0  nil  2  
[2023/09/06 16:05:26 887] isr        1636 ASR_MSG_GRSLT,   local  
[2023/09/06 16:05:26 888] isr        1307 0  nil  2  
[2023/09/06 16:05:26 888] isr        1636 ASR_MSG_GRSLT,   local  
[2023/09/06 16:05:26 888] isr        1307 0  nil  2  
[2023/09/06 16:05:26 888] isr        1636 ASR_MSG_GRSLT,   local  
[2023/09/06 16:05:26 888] isr        1307 0  nil  2  
[2023/09/06 16:05:26 889] isr        1636 ASR_MSG_GRSLT,   local  
[2023/09/06 16:05:26 889] isr        1307 0  nil  2  
[2023/09/06 16:05:26 889] isr        1636 ASR_MSG_GRSLT,   local  
[2023/09/06 16:05:26 889] isr        1307 0  nil  2  
[2023/09/06 16:05:26 889] isr        1636 ASR_MSG_GRSLT,   local  
[2023/09/06 16:05:26 889] isr        1307 0  nil  2  
[2023/09/06 16:05:26 890] isr        1636 ASR_MSG_GRSLT,   local  
[2023/09/06 16:05:26 890] isr        1307 0  nil  2  
[2023/09/06 16:05:26 890] isr        1636 ASR_MSG_GRSLT,   local  
[2023/09/06 16:05:26 890] isr        1307 0  nil  2  
[2023/09/06 16:05:26 890] isr        1636 ASR_MSG_GRSLT,   local  
[2023/09/06 16:05:26 890] isr        1307 0  nil  2  
[2023/09/06 16:05:26 891] isr        1636 ASR_MSG_GRSLT,   local  
[2023/09/06 16:05:26 891] isr        1307 0  nil  2  
[2023/09/06 16:05:26 892] isr        723  local_cbmsg_handler  ,msg=  407  param1=  nil  
[2023/09/06 16:05:26 893] isr        641  process_result call:  local  nil  0  2  
[2023/09/06 16:05:26 893] isr        798  3  msc  
[2023/09/06 16:05:26 893] isr        800  already speech end  
[2023/09/06 16:05:26 893] isr        723  local_cbmsg_handler  ,msg=  408  param1=  nil  
[2023/09/06 16:05:26 893] isr        734  local session recognized end!  
[2023/09/06 16:05:26 893] isr        1636 ASR_MSG_GRSLT,   local  
[2023/09/06 16:05:26 893] isr        1307 0  nil  5  
[2023/09/06 16:05:26 894] isr        1639 ASR_MSG_SSE,   local  
[2023/09/06 16:05:26 894] isr        1356 session_end() [in]  
[2023/09/06 16:05:26 894] isr        1377 local_session_end() [in]  
[2023/09/06 16:05:26 895] isr        1416 ASR_LOCAL_MSG_SSE net_type  nil  
[2023/09/06 16:05:26 899] isr        1667 isr unload!  
============================================================
Time  2023/09/06 16:05:27 557 
============================================================
[2023/09/06 16:05:27 557] isr        1659 isr loaded!  
[2023/09/06 16:05:27 557] isr        1642 SYS_MSG_REGCB param0 =   msp_status_cb  param1 =   func(78131690) 
[2023/09/06 16:05:27 558] isr        1537 ASR_MSG_SSB  
[2023/09/06 16:05:27 558] isr        1066 session_begin() [in], params:   engine_type = local, 		asr_res_path = fo|res/asr/common.jet, sample_rate = 16000, 		grm_build_path = res/asr/GrmBuilld, local_grammar = call, 		result_type = xml, result_encoding = UTF-8,   nil  
[2023/09/06 16:05:27 558] isr        927  vad_set [in]  
[2023/09/06 16:05:27 558] isr        962  vad_enable :  true  
[2023/09/06 16:05:27 558] isr        980  vad_bos :  10000  
[2023/09/06 16:05:27 558] isr        981  vad_eos :  2000  
[2023/09/06 16:05:27 558] isr        886  enable_vad [in]  
[2023/09/06 16:05:27 560] isr        918  vad enabled!  2000  10000  
[2023/09/06 16:05:27 561] isr        921  enable_vad [out]  
[2023/09/06 16:05:27 561] isr        987  vad_set [out] | ret =  0  
[2023/09/06 16:05:27 561] isr        1182 cur_engine_type =   local  
[2023/09/06 16:05:27 562] isr        992  local_session_begin  
[2023/09/06 16:05:27 683] isr        1547 ASR_MSG_AUW,   local  
[2023/09/06 16:05:27 683] isr        1559 3200  1  
[2023/09/06 16:05:27 683] isr        1569 once_bytes:   3200  
[2023/09/06 16:05:27 689] isr        851  [aud] speech start  
[2023/09/06 16:05:27 689] isr        798  1  msc  
[2023/09/06 16:05:27 785] isr        1547 ASR_MSG_AUW,   local  
[2023/09/06 16:05:27 785] isr        1559 3200  2  
[2023/09/06 16:05:27 884] isr        1547 ASR_MSG_AUW,   local  
[2023/09/06 16:05:27 884] isr        1559 3200  2  
[2023/09/06 16:05:27 987] isr        1547 ASR_MSG_AUW,   local  
[2023/09/06 16:05:27 987] isr        1559 3200  2  
[2023/09/06 16:05:28 087] isr        1547 ASR_MSG_AUW,   local  
[2023/09/06 16:05:28 087] isr        1559 3200  2  
[2023/09/06 16:05:28 187] isr        1547 ASR_MSG_AUW,   local  
[2023/09/06 16:05:28 187] isr        1559 3200  2  
[2023/09/06 16:05:28 285] isr        1547 ASR_MSG_AUW,   local  
[2023/09/06 16:05:28 285] isr        1559 3200  2  
[2023/09/06 16:05:28 387] isr        1547 ASR_MSG_AUW,   local  
[2023/09/06 16:05:28 387] isr        1559 3200  2  
[2023/09/06 16:05:28 487] isr        1547 ASR_MSG_AUW,   local  
[2023/09/06 16:05:28 487] isr        1559 3200  2  
[2023/09/06 16:05:28 587] isr        1547 ASR_MSG_AUW,   local  
[2023/09/06 16:05:28 587] isr        1559 3200  2  
[2023/09/06 16:05:28 687] isr        1547 ASR_MSG_AUW,   local  
[2023/09/06 16:05:28 687] isr        1559 3200  2  
[2023/09/06 16:05:28 787] isr        1547 ASR_MSG_AUW,   local  
[2023/09/06 16:05:28 787] isr        1559 3200  2  
[2023/09/06 16:05:28 887] isr        1547 ASR_MSG_AUW,   local  
[2023/09/06 16:05:28 887] isr        1559 3200  2  
[2023/09/06 16:05:28 987] isr        1547 ASR_MSG_AUW,   local  
[2023/09/06 16:05:28 987] isr        1559 3200  2  
[2023/09/06 16:05:29 087] isr        1547 ASR_MSG_AUW,   local  
[2023/09/06 16:05:29 087] isr        1559 3200  2  
[2023/09/06 16:05:29 103] isr        723  local_cbmsg_handler  ,msg=  404  param1=  nil  
[2023/09/06 16:05:29 187] isr        1547 ASR_MSG_AUW,   local  
[2023/09/06 16:05:29 187] isr        1559 3200  2  
[2023/09/06 16:05:29 287] isr        1547 ASR_MSG_AUW,   local  
[2023/09/06 16:05:29 287] isr        1559 3200  2  
[2023/09/06 16:05:29 383] isr        1547 ASR_MSG_AUW,   local  
[2023/09/06 16:05:29 383] isr        1559 3200  2  
[2023/09/06 16:05:29 486] isr        1547 ASR_MSG_AUW,   local  
[2023/09/06 16:05:29 486] isr        1559 3200  2  
[2023/09/06 16:05:29 586] isr        1547 ASR_MSG_AUW,   local  
[2023/09/06 16:05:29 586] isr        1559 3200  2  
[2023/09/06 16:05:29 687] isr        1547 ASR_MSG_AUW,   local  
[2023/09/06 16:05:29 687] isr        1559 3200  2  
[2023/09/06 16:05:29 786] isr        1547 ASR_MSG_AUW,   local  
[2023/09/06 16:05:29 786] isr        1559 3200  2  
[2023/09/06 16:05:29 882] isr        1547 ASR_MSG_AUW,   local  
[2023/09/06 16:05:29 882] isr        1559 3200  2  
[2023/09/06 16:05:29 982] isr        1547 ASR_MSG_AUW,   local  
[2023/09/06 16:05:29 982] isr        1559 3200  2  
[2023/09/06 16:05:30 082] isr        1547 ASR_MSG_AUW,   local  
[2023/09/06 16:05:30 082] isr        1559 3200  2  
[2023/09/06 16:05:30 182] isr        1547 ASR_MSG_AUW,   local  
[2023/09/06 16:05:30 182] isr        1559 3200  2  
[2023/09/06 16:05:30 282] isr        1547 ASR_MSG_AUW,   local  
[2023/09/06 16:05:30 282] isr        1559 3200  2  
[2023/09/06 16:05:30 382] isr        1547 ASR_MSG_AUW,   local  
[2023/09/06 16:05:30 382] isr        1559 3200  2  
[2023/09/06 16:05:30 482] isr        1547 ASR_MSG_AUW,   local  
[2023/09/06 16:05:30 482] isr        1559 3200  2  
[2023/09/06 16:05:30 580] isr        1547 ASR_MSG_AUW,   local  
[2023/09/06 16:05:30 580] isr        1559 0  4  
[2023/09/06 16:05:30 580] isr        1592 aud end, USER  
[2023/09/06 16:05:30 582] isr        1636 ASR_MSG_GRSLT,   local  
[2023/09/06 16:05:30 582] isr        1307 0  nil  2  
[2023/09/06 16:05:30 582] isr        1636 ASR_MSG_GRSLT,   local  
[2023/09/06 16:05:30 582] isr        1307 0  nil  2  
[2023/09/06 16:05:30 582] isr        1636 ASR_MSG_GRSLT,   local  
[2023/09/06 16:05:30 582] isr        1307 0  nil  2  
[2023/09/06 16:05:30 583] isr        1636 ASR_MSG_GRSLT,   local  
[2023/09/06 16:05:30 583] isr        1307 0  nil  2  
[2023/09/06 16:05:30 583] isr        1636 ASR_MSG_GRSLT,   local  
[2023/09/06 16:05:30 583] isr        1307 0  nil  2  
[2023/09/06 16:05:30 584] isr        1636 ASR_MSG_GRSLT,   local  
[2023/09/06 16:05:30 584] isr        1307 0  nil  2  
[2023/09/06 16:05:30 584] isr        1636 ASR_MSG_GRSLT,   local  
[2023/09/06 16:05:30 584] isr        1307 0  nil  2  
[2023/09/06 16:05:30 584] isr        1636 ASR_MSG_GRSLT,   local  
[2023/09/06 16:05:30 584] isr        1307 0  nil  2  
[2023/09/06 16:05:30 585] isr        1636 ASR_MSG_GRSLT,   local  
[2023/09/06 16:05:30 585] isr        1307 0  nil  2  
[2023/09/06 16:05:30 585] isr        1636 ASR_MSG_GRSLT,   local  
[2023/09/06 16:05:30 585] isr        1307 0  nil  2  
[2023/09/06 16:05:30 585] isr        1636 ASR_MSG_GRSLT,   local  
[2023/09/06 16:05:30 585] isr        1307 0  nil  2  
[2023/09/06 16:05:30 586] isr        1636 ASR_MSG_GRSLT,   local  
[2023/09/06 16:05:30 586] isr        1307 0  nil  2  
[2023/09/06 16:05:30 587] isr        1636 ASR_MSG_GRSLT,   local  
[2023/09/06 16:05:30 587] isr        1307 0  nil  2  
[2023/09/06 16:05:30 587] isr        1636 ASR_MSG_GRSLT,   local  
[2023/09/06 16:05:30 587] isr        1307 0  nil  2  
[2023/09/06 16:05:30 588] isr        1636 ASR_MSG_GRSLT,   local  
[2023/09/06 16:05:30 588] isr        1307 0  nil  2  
[2023/09/06 16:05:30 588] isr        1636 ASR_MSG_GRSLT,   local  
[2023/09/06 16:05:30 588] isr        1307 0  nil  2  
[2023/09/06 16:05:30 588] isr        1636 ASR_MSG_GRSLT,   local  
[2023/09/06 16:05:30 589] isr        1307 0  nil  2  
[2023/09/06 16:05:30 589] isr        854  [aud] speech end  
[2023/09/06 16:05:30 589] isr        798  3  msc  
[2023/09/06 16:05:30 591] isr        723  local_cbmsg_handler  ,msg=  406  param1=  nil  
[2023/09/06 16:05:30 591] isr        1636 ASR_MSG_GRSLT,   local  
[2023/09/06 16:05:30 591] isr        1307 0  nil  2  
[2023/09/06 16:05:30 591] isr        1636 ASR_MSG_GRSLT,   local  
[2023/09/06 16:05:30 591] isr        1307 0  nil  2  
[2023/09/06 16:05:30 592] isr        1636 ASR_MSG_GRSLT,   local  
[2023/09/06 16:05:30 592] isr        1307 0  nil  2  
[2023/09/06 16:05:30 592] isr        1636 ASR_MSG_GRSLT,   local  
[2023/09/06 16:05:30 592] isr        1307 0  nil  2  
[2023/09/06 16:05:30 592] isr        1636 ASR_MSG_GRSLT,   local  
[2023/09/06 16:05:30 592] isr        1307 0  nil  2  
[2023/09/06 16:05:30 593] isr        1636 ASR_MSG_GRSLT,   local  
[2023/09/06 16:05:30 593] isr        1307 0  nil  2  
[2023/09/06 16:05:30 593] isr        1636 ASR_MSG_GRSLT,   local  
[2023/09/06 16:05:30 593] isr        1307 0  nil  2  
[2023/09/06 16:05:30 593] isr        1636 ASR_MSG_GRSLT,   local  
[2023/09/06 16:05:30 593] isr        1307 0  nil  2  
[2023/09/06 16:05:30 594] isr        1636 ASR_MSG_GRSLT,   local  
[2023/09/06 16:05:30 594] isr        1307 0  nil  2  
[2023/09/06 16:05:30 594] isr        1636 ASR_MSG_GRSLT,   local  
[2023/09/06 16:05:30 594] isr        1307 0  nil  2  
[2023/09/06 16:05:30 595] isr        1636 ASR_MSG_GRSLT,   local  
[2023/09/06 16:05:30 595] isr        1307 0  nil  2  
[2023/09/06 16:05:30 595] isr        1636 ASR_MSG_GRSLT,   local  
[2023/09/06 16:05:30 595] isr        1307 0  nil  2  
[2023/09/06 16:05:30 595] isr        1636 ASR_MSG_GRSLT,   local  
[2023/09/06 16:05:30 595] isr        1307 0  nil  2  
[2023/09/06 16:05:30 596] isr        1636 ASR_MSG_GRSLT,   local  
[2023/09/06 16:05:30 596] isr        1307 0  nil  2  
[2023/09/06 16:05:30 596] isr        1636 ASR_MSG_GRSLT,   local  
[2023/09/06 16:05:30 596] isr        1307 0  nil  2  
[2023/09/06 16:05:30 596] isr        1636 ASR_MSG_GRSLT,   local  
[2023/09/06 16:05:30 596] isr        1307 0  nil  2  
[2023/09/06 16:05:30 597] isr        1636 ASR_MSG_GRSLT,   local  
[2023/09/06 16:05:30 597] isr        1307 0  nil  2  
[2023/09/06 16:05:30 597] isr        1636 ASR_MSG_GRSLT,   local  
[2023/09/06 16:05:30 597] isr        1307 0  nil  2  
[2023/09/06 16:05:30 597] isr        1636 ASR_MSG_GRSLT,   local  
[2023/09/06 16:05:30 597] isr        1307 0  nil  2  
[2023/09/06 16:05:30 598] isr        1636 ASR_MSG_GRSLT,   local  
[2023/09/06 16:05:30 598] isr        1307 0  nil  2  
[2023/09/06 16:05:30 598] isr        1636 ASR_MSG_GRSLT,   local  
[2023/09/06 16:05:30 598] isr        1307 0  nil  2  
[2023/09/06 16:05:30 598] isr        1636 ASR_MSG_GRSLT,   local  
[2023/09/06 16:05:30 599] isr        1307 0  nil  2  
[2023/09/06 16:05:30 599] isr        1636 ASR_MSG_GRSLT,   local  
[2023/09/06 16:05:30 599] isr        1307 0  nil  2  
[2023/09/06 16:05:30 599] isr        1636 ASR_MSG_GRSLT,   local  
[2023/09/06 16:05:30 599] isr        1307 0  nil  2  
[2023/09/06 16:05:30 600] isr        1636 ASR_MSG_GRSLT,   local  
[2023/09/06 16:05:30 600] isr        1307 0  nil  2  
[2023/09/06 16:05:30 600] isr        1636 ASR_MSG_GRSLT,   local  
[2023/09/06 16:05:30 600] isr        1307 0  nil  2  
[2023/09/06 16:05:30 600] isr        1636 ASR_MSG_GRSLT,   local  
[2023/09/06 16:05:30 600] isr        1307 0  nil  2  
[2023/09/06 16:05:30 601] isr        1636 ASR_MSG_GRSLT,   local  
[2023/09/06 16:05:30 601] isr        1307 0  nil  2  
[2023/09/06 16:05:30 601] isr        1636 ASR_MSG_GRSLT,   local  
[2023/09/06 16:05:30 601] isr        1307 0  nil  2  
[2023/09/06 16:05:30 601] isr        1636 ASR_MSG_GRSLT,   local  
[2023/09/06 16:05:30 601] isr        1307 0  nil  2  
[2023/09/06 16:05:30 602] isr        1636 ASR_MSG_GRSLT,   local  
[2023/09/06 16:05:30 602] isr        1307 0  nil  2  
[2023/09/06 16:05:30 602] isr        1636 ASR_MSG_GRSLT,   local  
[2023/09/06 16:05:30 602] isr        1307 0  nil  2  
[2023/09/06 16:05:30 602] isr        1636 ASR_MSG_GRSLT,   local  
[2023/09/06 16:05:30 602] isr        1307 0  nil  2  
[2023/09/06 16:05:30 603] isr        1636 ASR_MSG_GRSLT,   local  
[2023/09/06 16:05:30 603] isr        1307 0  nil  2  
[2023/09/06 16:05:30 603] isr        1636 ASR_MSG_GRSLT,   local  
[2023/09/06 16:05:30 603] isr        1307 0  nil  2  
[2023/09/06 16:05:30 603] isr        1636 ASR_MSG_GRSLT,   local  
[2023/09/06 16:05:30 604] isr        1307 0  nil  2  
[2023/09/06 16:05:30 604] isr        1636 ASR_MSG_GRSLT,   local  
[2023/09/06 16:05:30 604] isr        1307 0  nil  2  
[2023/09/06 16:05:30 604] isr        1636 ASR_MSG_GRSLT,   local  
[2023/09/06 16:05:30 604] isr        1307 0  nil  2  
[2023/09/06 16:05:30 605] isr        1636 ASR_MSG_GRSLT,   local  
[2023/09/06 16:05:30 605] isr        1307 0  nil  2  
[2023/09/06 16:05:30 605] isr        1636 ASR_MSG_GRSLT,   local  
[2023/09/06 16:05:30 605] isr        1307 0  nil  2  
[2023/09/06 16:05:30 605] isr        1636 ASR_MSG_GRSLT,   local  
[2023/09/06 16:05:30 605] isr        1307 0  nil  2  
[2023/09/06 16:05:30 606] isr        1636 ASR_MSG_GRSLT,   local  
[2023/09/06 16:05:30 606] isr        1307 0  nil  2  
[2023/09/06 16:05:30 606] isr        1636 ASR_MSG_GRSLT,   local  
[2023/09/06 16:05:30 606] isr        1307 0  nil  2  
[2023/09/06 16:05:30 606] isr        1636 ASR_MSG_GRSLT,   local  
[2023/09/06 16:05:30 606] isr        1307 0  nil  2  
[2023/09/06 16:05:30 607] isr        1636 ASR_MSG_GRSLT,   local  
[2023/09/06 16:05:30 607] isr        1307 0  nil  2  
[2023/09/06 16:05:30 607] isr        1636 ASR_MSG_GRSLT,   local  
[2023/09/06 16:05:30 607] isr        1307 0  nil  2  
[2023/09/06 16:05:30 607] isr        1636 ASR_MSG_GRSLT,   local  
[2023/09/06 16:05:30 607] isr        1307 0  nil  2  
[2023/09/06 16:05:30 608] isr        1636 ASR_MSG_GRSLT,   local  
[2023/09/06 16:05:30 608] isr        1307 0  nil  2  
[2023/09/06 16:05:30 608] isr        1636 ASR_MSG_GRSLT,   local  
[2023/09/06 16:05:30 608] isr        1307 0  nil  2  
[2023/09/06 16:05:30 608] isr        1636 ASR_MSG_GRSLT,   local  
[2023/09/06 16:05:30 608] isr        1307 0  nil  2  
[2023/09/06 16:05:30 609] isr        1636 ASR_MSG_GRSLT,   local  
[2023/09/06 16:05:30 609] isr        1307 0  nil  2  
[2023/09/06 16:05:30 609] isr        1636 ASR_MSG_GRSLT,   local  
[2023/09/06 16:05:30 609] isr        1307 0  nil  2  
[2023/09/06 16:05:30 609] isr        1636 ASR_MSG_GRSLT,   local  
[2023/09/06 16:05:30 610] isr        1307 0  nil  2  
[2023/09/06 16:05:30 610] isr        1636 ASR_MSG_GRSLT,   local  
[2023/09/06 16:05:30 610] isr        1307 0  nil  2  
[2023/09/06 16:05:30 610] isr        1636 ASR_MSG_GRSLT,   local  
[2023/09/06 16:05:30 610] isr        1307 0  nil  2  
[2023/09/06 16:05:30 611] isr        1636 ASR_MSG_GRSLT,   local  
[2023/09/06 16:05:30 611] isr        1307 0  nil  2  
[2023/09/06 16:05:30 611] isr        1636 ASR_MSG_GRSLT,   local  
[2023/09/06 16:05:30 611] isr        1307 0  nil  2  
[2023/09/06 16:05:30 611] isr        1636 ASR_MSG_GRSLT,   local  
[2023/09/06 16:05:30 611] isr        1307 0  nil  2  
[2023/09/06 16:05:30 612] isr        1636 ASR_MSG_GRSLT,   local  
[2023/09/06 16:05:30 612] isr        1307 0  nil  2  
[2023/09/06 16:05:30 612] isr        1636 ASR_MSG_GRSLT,   local  
[2023/09/06 16:05:30 612] isr        1307 0  nil  2  
[2023/09/06 16:05:30 612] isr        1636 ASR_MSG_GRSLT,   local  
[2023/09/06 16:05:30 612] isr        1307 0  nil  2  
[2023/09/06 16:05:30 613] isr        1636 ASR_MSG_GRSLT,   local  
[2023/09/06 16:05:30 613] isr        1307 0  nil  2  
[2023/09/06 16:05:30 613] isr        1636 ASR_MSG_GRSLT,   local  
[2023/09/06 16:05:30 613] isr        1307 0  nil  2  
[2023/09/06 16:05:30 613] isr        1636 ASR_MSG_GRSLT,   local  
[2023/09/06 16:05:30 613] isr        1307 0  nil  2  
[2023/09/06 16:05:30 614] isr        1636 ASR_MSG_GRSLT,   local  
[2023/09/06 16:05:30 614] isr        1307 0  nil  2  
[2023/09/06 16:05:30 614] isr        1636 ASR_MSG_GRSLT,   local  
[2023/09/06 16:05:30 614] isr        1307 0  nil  2  
[2023/09/06 16:05:30 614] isr        1636 ASR_MSG_GRSLT,   local  
[2023/09/06 16:05:30 614] isr        1307 0  nil  2  
[2023/09/06 16:05:30 615] isr        1636 ASR_MSG_GRSLT,   local  
[2023/09/06 16:05:30 615] isr        1307 0  nil  2  
[2023/09/06 16:05:30 615] isr        1636 ASR_MSG_GRSLT,   local  
[2023/09/06 16:05:30 615] isr        1307 0  nil  2  
[2023/09/06 16:05:30 615] isr        1636 ASR_MSG_GRSLT,   local  
[2023/09/06 16:05:30 616] isr        1307 0  nil  2  
[2023/09/06 16:05:30 616] isr        1636 ASR_MSG_GRSLT,   local  
[2023/09/06 16:05:30 616] isr        1307 0  nil  2  
[2023/09/06 16:05:30 616] isr        1636 ASR_MSG_GRSLT,   local  
[2023/09/06 16:05:30 616] isr        1307 0  nil  2  
[2023/09/06 16:05:30 617] isr        1636 ASR_MSG_GRSLT,   local  
[2023/09/06 16:05:30 617] isr        1307 0  nil  2  
[2023/09/06 16:05:30 617] isr        1636 ASR_MSG_GRSLT,   local  
[2023/09/06 16:05:30 617] isr        1307 0  nil  2  
[2023/09/06 16:05:30 617] isr        1636 ASR_MSG_GRSLT,   local  
[2023/09/06 16:05:30 617] isr        1307 0  nil  2  
[2023/09/06 16:05:30 618] isr        1636 ASR_MSG_GRSLT,   local  
[2023/09/06 16:05:30 618] isr        1307 0  nil  2  
[2023/09/06 16:05:30 618] isr        1636 ASR_MSG_GRSLT,   local  
[2023/09/06 16:05:30 618] isr        1307 0  nil  2  
[2023/09/06 16:05:30 618] isr        1636 ASR_MSG_GRSLT,   local  
[2023/09/06 16:05:30 618] isr        1307 0  nil  2  
[2023/09/06 16:05:30 619] isr        1636 ASR_MSG_GRSLT,   local  
[2023/09/06 16:05:30 619] isr        1307 0  nil  2  
[2023/09/06 16:05:30 619] isr        1636 ASR_MSG_GRSLT,   local  
[2023/09/06 16:05:30 619] isr        1307 0  nil  2  
[2023/09/06 16:05:30 619] isr        1636 ASR_MSG_GRSLT,   local  
[2023/09/06 16:05:30 619] isr        1307 0  nil  2  
[2023/09/06 16:05:30 620] isr        1636 ASR_MSG_GRSLT,   local  
[2023/09/06 16:05:30 620] isr        1307 0  nil  2  
[2023/09/06 16:05:30 620] isr        1636 ASR_MSG_GRSLT,   local  
[2023/09/06 16:05:30 620] isr        1307 0  nil  2  
[2023/09/06 16:05:30 620] isr        1636 ASR_MSG_GRSLT,   local  
[2023/09/06 16:05:30 620] isr        1307 0  nil  2  
[2023/09/06 16:05:30 621] isr        1636 ASR_MSG_GRSLT,   local  
[2023/09/06 16:05:30 621] isr        1307 0  nil  2  
[2023/09/06 16:05:30 621] isr        1636 ASR_MSG_GRSLT,   local  
[2023/09/06 16:05:30 621] isr        1307 0  nil  2  
[2023/09/06 16:05:30 622] isr        1636 ASR_MSG_GRSLT,   local  
[2023/09/06 16:05:30 622] isr        1307 0  nil  2  
[2023/09/06 16:05:30 622] isr        1636 ASR_MSG_GRSLT,   local  
[2023/09/06 16:05:30 622] isr        1307 0  nil  2  
[2023/09/06 16:05:30 622] isr        1636 ASR_MSG_GRSLT,   local  
[2023/09/06 16:05:30 622] isr        1307 0  nil  2  
[2023/09/06 16:05:30 623] isr        1636 ASR_MSG_GRSLT,   local  
[2023/09/06 16:05:30 623] isr        1307 0  nil  2  
[2023/09/06 16:05:30 623] isr        1636 ASR_MSG_GRSLT,   local  
[2023/09/06 16:05:30 623] isr        1307 0  nil  2  
[2023/09/06 16:05:30 623] isr        1636 ASR_MSG_GRSLT,   local  
[2023/09/06 16:05:30 623] isr        1307 0  nil  2  
[2023/09/06 16:05:30 624] isr        1636 ASR_MSG_GRSLT,   local  
[2023/09/06 16:05:30 624] isr        1307 0  nil  2  
[2023/09/06 16:05:30 624] isr        1636 ASR_MSG_GRSLT,   local  
[2023/09/06 16:05:30 624] isr        1307 0  nil  2  
[2023/09/06 16:05:30 624] isr        1636 ASR_MSG_GRSLT,   local  
[2023/09/06 16:05:30 624] isr        1307 0  nil  2  
[2023/09/06 16:05:30 625] isr        1636 ASR_MSG_GRSLT,   local  
[2023/09/06 16:05:30 625] isr        1307 0  nil  2  
[2023/09/06 16:05:30 625] isr        1636 ASR_MSG_GRSLT,   local  
[2023/09/06 16:05:30 625] isr        1307 0  nil  2  
[2023/09/06 16:05:30 626] isr        1636 ASR_MSG_GRSLT,   local  
[2023/09/06 16:05:30 626] isr        1307 0  nil  2  
[2023/09/06 16:05:30 626] isr        1636 ASR_MSG_GRSLT,   local  
[2023/09/06 16:05:30 626] isr        1307 0  nil  2  
[2023/09/06 16:05:30 626] isr        1636 ASR_MSG_GRSLT,   local  
[2023/09/06 16:05:30 626] isr        1307 0  nil  2  
[2023/09/06 16:05:30 627] isr        1636 ASR_MSG_GRSLT,   local  
[2023/09/06 16:05:30 627] isr        1307 0  nil  2  
[2023/09/06 16:05:30 627] isr        1636 ASR_MSG_GRSLT,   local  
[2023/09/06 16:05:30 627] isr        1307 0  nil  2  
[2023/09/06 16:05:30 627] isr        1636 ASR_MSG_GRSLT,   local  
[2023/09/06 16:05:30 627] isr        1307 0  nil  2  
[2023/09/06 16:05:30 628] isr        1636 ASR_MSG_GRSLT,   local  
[2023/09/06 16:05:30 628] isr        1307 0  nil  2  
[2023/09/06 16:05:30 628] isr        1636 ASR_MSG_GRSLT,   local  
[2023/09/06 16:05:30 628] isr        1307 0  nil  2  
[2023/09/06 16:05:30 628] isr        1636 ASR_MSG_GRSLT,   local  
[2023/09/06 16:05:30 629] isr        1307 0  nil  2  
[2023/09/06 16:05:30 629] isr        1636 ASR_MSG_GRSLT,   local  
[2023/09/06 16:05:30 629] isr        1307 0  nil  2  
[2023/09/06 16:05:30 629] isr        1636 ASR_MSG_GRSLT,   local  
[2023/09/06 16:05:30 629] isr        1307 0  nil  2  
[2023/09/06 16:05:30 630] isr        1636 ASR_MSG_GRSLT,   local  
[2023/09/06 16:05:30 630] isr        1307 0  nil  2  
[2023/09/06 16:05:30 630] isr        1636 ASR_MSG_GRSLT,   local  
[2023/09/06 16:05:30 630] isr        1307 0  nil  2  
[2023/09/06 16:05:30 630] isr        1636 ASR_MSG_GRSLT,   local  
[2023/09/06 16:05:30 630] isr        1307 0  nil  2  
[2023/09/06 16:05:30 631] isr        1636 ASR_MSG_GRSLT,   local  
[2023/09/06 16:05:30 631] isr        1307 0  nil  2  
[2023/09/06 16:05:30 631] isr        1636 ASR_MSG_GRSLT,   local  
[2023/09/06 16:05:30 631] isr        1307 0  nil  2  
[2023/09/06 16:05:30 631] isr        1636 ASR_MSG_GRSLT,   local  
[2023/09/06 16:05:30 631] isr        1307 0  nil  2  
[2023/09/06 16:05:30 632] isr        1636 ASR_MSG_GRSLT,   local  
[2023/09/06 16:05:30 632] isr        1307 0  nil  2  
[2023/09/06 16:05:30 632] isr        1636 ASR_MSG_GRSLT,   local  
[2023/09/06 16:05:30 632] isr        1307 0  nil  2  
[2023/09/06 16:05:30 632] isr        1636 ASR_MSG_GRSLT,   local  
[2023/09/06 16:05:30 632] isr        1307 0  nil  2  
[2023/09/06 16:05:30 633] isr        1636 ASR_MSG_GRSLT,   local  
[2023/09/06 16:05:30 633] isr        1307 0  nil  2  
[2023/09/06 16:05:30 633] isr        1636 ASR_MSG_GRSLT,   local  
[2023/09/06 16:05:30 633] isr        1307 0  nil  2  
[2023/09/06 16:05:30 633] isr        1636 ASR_MSG_GRSLT,   local  
[2023/09/06 16:05:30 633] isr        1307 0  nil  2  
[2023/09/06 16:05:30 634] isr        1636 ASR_MSG_GRSLT,   local  
[2023/09/06 16:05:30 634] isr        1307 0  nil  2  
[2023/09/06 16:05:30 634] isr        1636 ASR_MSG_GRSLT,   local  
[2023/09/06 16:05:30 634] isr        1307 0  nil  2  
[2023/09/06 16:05:30 634] isr        1636 ASR_MSG_GRSLT,   local  
[2023/09/06 16:05:30 635] isr        1307 0  nil  2  
[2023/09/06 16:05:30 635] isr        1636 ASR_MSG_GRSLT,   local  
[2023/09/06 16:05:30 635] isr        1307 0  nil  2  
[2023/09/06 16:05:30 635] isr        1636 ASR_MSG_GRSLT,   local  
[2023/09/06 16:05:30 635] isr        1307 0  nil  2  
[2023/09/06 16:05:30 636] isr        1636 ASR_MSG_GRSLT,   local  
[2023/09/06 16:05:30 636] isr        1307 0  nil  2  
[2023/09/06 16:05:30 636] isr        1636 ASR_MSG_GRSLT,   local  
[2023/09/06 16:05:30 636] isr        1307 0  nil  2  
[2023/09/06 16:05:30 636] isr        1636 ASR_MSG_GRSLT,   local  
[2023/09/06 16:05:30 636] isr        1307 0  nil  2  
[2023/09/06 16:05:30 637] isr        1636 ASR_MSG_GRSLT,   local  
[2023/09/06 16:05:30 637] isr        1307 0  nil  2  
[2023/09/06 16:05:30 637] isr        1636 ASR_MSG_GRSLT,   local  
[2023/09/06 16:05:30 637] isr        1307 0  nil  2  
[2023/09/06 16:05:30 637] isr        1636 ASR_MSG_GRSLT,   local  
[2023/09/06 16:05:30 637] isr        1307 0  nil  2  
[2023/09/06 16:05:30 638] isr        1636 ASR_MSG_GRSLT,   local  
[2023/09/06 16:05:30 638] isr        1307 0  nil  2  
[2023/09/06 16:05:30 638] isr        1636 ASR_MSG_GRSLT,   local  
[2023/09/06 16:05:30 638] isr        1307 0  nil  2  
[2023/09/06 16:05:30 638] isr        1636 ASR_MSG_GRSLT,   local  
[2023/09/06 16:05:30 638] isr        1307 0  nil  2  
[2023/09/06 16:05:30 639] isr        1636 ASR_MSG_GRSLT,   local  
[2023/09/06 16:05:30 639] isr        1307 0  nil  2  
[2023/09/06 16:05:30 639] isr        1636 ASR_MSG_GRSLT,   local  
[2023/09/06 16:05:30 639] isr        1307 0  nil  2  
[2023/09/06 16:05:30 639] isr        1636 ASR_MSG_GRSLT,   local  
[2023/09/06 16:05:30 639] isr        1307 0  nil  2  
[2023/09/06 16:05:30 640] isr        1636 ASR_MSG_GRSLT,   local  
[2023/09/06 16:05:30 640] isr        1307 0  nil  2  
[2023/09/06 16:05:30 640] isr        1636 ASR_MSG_GRSLT,   local  
[2023/09/06 16:05:30 640] isr        1307 0  nil  2  
[2023/09/06 16:05:30 640] isr        1636 ASR_MSG_GRSLT,   local  
[2023/09/06 16:05:30 641] isr        1307 0  nil  2  
[2023/09/06 16:05:30 641] isr        1636 ASR_MSG_GRSLT,   local  
[2023/09/06 16:05:30 641] isr        1307 0  nil  2  
[2023/09/06 16:05:30 641] isr        1636 ASR_MSG_GRSLT,   local  
[2023/09/06 16:05:30 641] isr        1307 0  nil  2  
[2023/09/06 16:05:30 642] isr        1636 ASR_MSG_GRSLT,   local  
[2023/09/06 16:05:30 642] isr        1307 0  nil  2  
[2023/09/06 16:05:30 642] isr        1636 ASR_MSG_GRSLT,   local  
[2023/09/06 16:05:30 642] isr        1307 0  nil  2  
[2023/09/06 16:05:30 642] isr        1636 ASR_MSG_GRSLT,   local  
[2023/09/06 16:05:30 642] isr        1307 0  nil  2  
[2023/09/06 16:05:30 643] isr        1636 ASR_MSG_GRSLT,   local  
[2023/09/06 16:05:30 643] isr        1307 0  nil  2  
[2023/09/06 16:05:30 643] isr        1636 ASR_MSG_GRSLT,   local  
[2023/09/06 16:05:30 643] isr        1307 0  nil  2  
[2023/09/06 16:05:30 643] isr        1636 ASR_MSG_GRSLT,   local  
[2023/09/06 16:05:30 643] isr        1307 0  nil  2  
[2023/09/06 16:05:30 644] isr        1636 ASR_MSG_GRSLT,   local  
[2023/09/06 16:05:30 644] isr        1307 0  nil  2  
[2023/09/06 16:05:30 644] isr        1636 ASR_MSG_GRSLT,   local  
[2023/09/06 16:05:30 644] isr        1307 0  nil  2  
[2023/09/06 16:05:30 644] isr        1636 ASR_MSG_GRSLT,   local  
[2023/09/06 16:05:30 644] isr        1307 0  nil  2  
[2023/09/06 16:05:30 645] isr        1636 ASR_MSG_GRSLT,   local  
[2023/09/06 16:05:30 646] isr        1307 0  nil  2  
[2023/09/06 16:05:30 646] isr        1636 ASR_MSG_GRSLT,   local  
[2023/09/06 16:05:30 646] isr        1307 0  nil  2  
[2023/09/06 16:05:30 647] isr        1636 ASR_MSG_GRSLT,   local  
[2023/09/06 16:05:30 648] isr        1307 0  nil  2  
[2023/09/06 16:05:30 648] isr        1636 ASR_MSG_GRSLT,   local  
[2023/09/06 16:05:30 649] isr        1307 0  nil  2  
[2023/09/06 16:05:30 650] isr        1636 ASR_MSG_GRSLT,   local  
[2023/09/06 16:05:30 651] isr        1307 0  nil  2  
[2023/09/06 16:05:30 652] isr        1636 ASR_MSG_GRSLT,   local  
[2023/09/06 16:05:30 652] isr        1307 0  nil  2  
[2023/09/06 16:05:30 653] isr        1636 ASR_MSG_GRSLT,   local  
[2023/09/06 16:05:30 653] isr        1307 0  nil  2  
[2023/09/06 16:05:30 654] isr        1636 ASR_MSG_GRSLT,   local  
[2023/09/06 16:05:30 654] isr        1307 0  nil  2  
[2023/09/06 16:05:30 655] isr        1636 ASR_MSG_GRSLT,   local  
[2023/09/06 16:05:30 655] isr        1307 0  nil  2  
[2023/09/06 16:05:30 655] isr        1636 ASR_MSG_GRSLT,   local  
[2023/09/06 16:05:30 656] isr        1307 0  nil  2  
[2023/09/06 16:05:30 656] isr        1636 ASR_MSG_GRSLT,   local  
[2023/09/06 16:05:30 656] isr        1307 0  nil  2  
[2023/09/06 16:05:30 657] isr        1636 ASR_MSG_GRSLT,   local  
[2023/09/06 16:05:30 657] isr        1307 0  nil  2  
[2023/09/06 16:05:30 657] isr        1636 ASR_MSG_GRSLT,   local  
[2023/09/06 16:05:30 657] isr        1307 0  nil  2  
[2023/09/06 16:05:30 657] isr        1636 ASR_MSG_GRSLT,   local  
[2023/09/06 16:05:30 658] isr        1307 0  nil  2  
[2023/09/06 16:05:30 658] isr        1636 ASR_MSG_GRSLT,   local  
[2023/09/06 16:05:30 658] isr        1307 0  nil  2  
[2023/09/06 16:05:30 658] isr        1636 ASR_MSG_GRSLT,   local  
[2023/09/06 16:05:30 658] isr        1307 0  nil  2  
[2023/09/06 16:05:30 659] isr        1636 ASR_MSG_GRSLT,   local  
[2023/09/06 16:05:30 659] isr        1307 0  nil  2  
[2023/09/06 16:05:30 659] isr        1636 ASR_MSG_GRSLT,   local  
[2023/09/06 16:05:30 659] isr        1307 0  nil  2  
[2023/09/06 16:05:30 659] isr        1636 ASR_MSG_GRSLT,   local  
[2023/09/06 16:05:30 659] isr        1307 0  nil  2  
[2023/09/06 16:05:30 660] isr        1636 ASR_MSG_GRSLT,   local  
[2023/09/06 16:05:30 660] isr        1307 0  nil  2  
[2023/09/06 16:05:30 660] isr        1636 ASR_MSG_GRSLT,   local  
[2023/09/06 16:05:30 660] isr        1307 0  nil  2  
[2023/09/06 16:05:30 661] isr        1636 ASR_MSG_GRSLT,   local  
[2023/09/06 16:05:30 661] isr        1307 0  nil  2  
[2023/09/06 16:05:30 661] isr        1636 ASR_MSG_GRSLT,   local  
[2023/09/06 16:05:30 661] isr        1307 0  nil  2  
[2023/09/06 16:05:30 661] isr        1636 ASR_MSG_GRSLT,   local  
[2023/09/06 16:05:30 661] isr        1307 0  nil  2  
[2023/09/06 16:05:30 662] isr        1636 ASR_MSG_GRSLT,   local  
[2023/09/06 16:05:30 662] isr        1307 0  nil  2  
[2023/09/06 16:05:30 662] isr        1636 ASR_MSG_GRSLT,   local  
[2023/09/06 16:05:30 662] isr        1307 0  nil  2  
[2023/09/06 16:05:30 663] isr        1636 ASR_MSG_GRSLT,   local  
[2023/09/06 16:05:30 663] isr        1307 0  nil  2  
[2023/09/06 16:05:30 663] isr        1636 ASR_MSG_GRSLT,   local  
[2023/09/06 16:05:30 663] isr        1307 0  nil  2  
[2023/09/06 16:05:30 663] isr        1636 ASR_MSG_GRSLT,   local  
[2023/09/06 16:05:30 664] isr        1307 0  nil  2  
[2023/09/06 16:05:30 664] isr        1636 ASR_MSG_GRSLT,   local  
[2023/09/06 16:05:30 664] isr        1307 0  nil  2  
[2023/09/06 16:05:30 664] isr        1636 ASR_MSG_GRSLT,   local  
[2023/09/06 16:05:30 664] isr        1307 0  nil  2  
[2023/09/06 16:05:30 665] isr        1636 ASR_MSG_GRSLT,   local  
[2023/09/06 16:05:30 665] isr        1307 0  nil  2  
[2023/09/06 16:05:30 665] isr        1636 ASR_MSG_GRSLT,   local  
[2023/09/06 16:05:30 665] isr        1307 0  nil  2  
[2023/09/06 16:05:30 666] isr        1636 ASR_MSG_GRSLT,   local  
[2023/09/06 16:05:30 666] isr        1307 0  nil  2  
[2023/09/06 16:05:30 666] isr        1636 ASR_MSG_GRSLT,   local  
[2023/09/06 16:05:30 666] isr        1307 0  nil  2  
[2023/09/06 16:05:30 666] isr        1636 ASR_MSG_GRSLT,   local  
[2023/09/06 16:05:30 667] isr        1307 0  nil  2  
[2023/09/06 16:05:30 667] isr        1636 ASR_MSG_GRSLT,   local  
[2023/09/06 16:05:30 667] isr        1307 0  nil  2  
[2023/09/06 16:05:30 667] isr        1636 ASR_MSG_GRSLT,   local  
[2023/09/06 16:05:30 667] isr        1307 0  nil  2  
[2023/09/06 16:05:30 668] isr        1636 ASR_MSG_GRSLT,   local  
[2023/09/06 16:05:30 668] isr        1307 0  nil  2  
[2023/09/06 16:05:30 668] isr        1636 ASR_MSG_GRSLT,   local  
[2023/09/06 16:05:30 668] isr        1307 0  nil  2  
[2023/09/06 16:05:30 668] isr        1636 ASR_MSG_GRSLT,   local  
[2023/09/06 16:05:30 668] isr        1307 0  nil  2  
[2023/09/06 16:05:30 669] isr        1636 ASR_MSG_GRSLT,   local  
[2023/09/06 16:05:30 669] isr        1307 0  nil  2  
[2023/09/06 16:05:30 669] isr        1636 ASR_MSG_GRSLT,   local  
[2023/09/06 16:05:30 669] isr        1307 0  nil  2  
[2023/09/06 16:05:30 669] isr        1636 ASR_MSG_GRSLT,   local  
[2023/09/06 16:05:30 669] isr        1307 0  nil  2  
[2023/09/06 16:05:30 670] isr        1636 ASR_MSG_GRSLT,   local  
[2023/09/06 16:05:30 670] isr        1307 0  nil  2  
[2023/09/06 16:05:30 670] isr        1636 ASR_MSG_GRSLT,   local  
[2023/09/06 16:05:30 670] isr        1307 0  nil  2  
[2023/09/06 16:05:30 670] isr        1636 ASR_MSG_GRSLT,   local  
[2023/09/06 16:05:30 670] isr        1307 0  nil  2  
[2023/09/06 16:05:30 671] isr        1636 ASR_MSG_GRSLT,   local  
[2023/09/06 16:05:30 671] isr        1307 0  nil  2  
[2023/09/06 16:05:30 671] isr        1636 ASR_MSG_GRSLT,   local  
[2023/09/06 16:05:30 671] isr        1307 0  nil  2  
[2023/09/06 16:05:30 672] isr        1636 ASR_MSG_GRSLT,   local  
[2023/09/06 16:05:30 672] isr        1307 0  nil  2  
[2023/09/06 16:05:30 672] isr        1636 ASR_MSG_GRSLT,   local  
[2023/09/06 16:05:30 672] isr        1307 0  nil  2  
[2023/09/06 16:05:30 672] isr        1636 ASR_MSG_GRSLT,   local  
[2023/09/06 16:05:30 672] isr        1307 0  nil  2  
[2023/09/06 16:05:30 673] isr        1636 ASR_MSG_GRSLT,   local  
[2023/09/06 16:05:30 673] isr        1307 0  nil  2  
[2023/09/06 16:05:30 673] isr        1636 ASR_MSG_GRSLT,   local  
[2023/09/06 16:05:30 673] isr        1307 0  nil  2  
[2023/09/06 16:05:30 674] isr        1636 ASR_MSG_GRSLT,   local  
[2023/09/06 16:05:30 674] isr        1307 0  nil  2  
[2023/09/06 16:05:30 674] isr        1636 ASR_MSG_GRSLT,   local  
[2023/09/06 16:05:30 674] isr        1307 0  nil  2  
[2023/09/06 16:05:30 674] isr        1636 ASR_MSG_GRSLT,   local  
[2023/09/06 16:05:30 674] isr        1307 0  nil  2  
[2023/09/06 16:05:30 675] isr        1636 ASR_MSG_GRSLT,   local  
[2023/09/06 16:05:30 675] isr        1307 0  nil  2  
[2023/09/06 16:05:30 675] isr        1636 ASR_MSG_GRSLT,   local  
[2023/09/06 16:05:30 675] isr        1307 0  nil  2  
[2023/09/06 16:05:30 675] isr        1636 ASR_MSG_GRSLT,   local  
[2023/09/06 16:05:30 675] isr        1307 0  nil  2  
[2023/09/06 16:05:30 676] isr        1636 ASR_MSG_GRSLT,   local  
[2023/09/06 16:05:30 676] isr        1307 0  nil  2  
[2023/09/06 16:05:30 676] isr        1636 ASR_MSG_GRSLT,   local  
[2023/09/06 16:05:30 676] isr        1307 0  nil  2  
[2023/09/06 16:05:30 676] isr        1636 ASR_MSG_GRSLT,   local  
[2023/09/06 16:05:30 677] isr        1307 0  nil  2  
[2023/09/06 16:05:30 677] isr        1636 ASR_MSG_GRSLT,   local  
[2023/09/06 16:05:30 677] isr        1307 0  nil  2  
[2023/09/06 16:05:30 677] isr        1636 ASR_MSG_GRSLT,   local  
[2023/09/06 16:05:30 677] isr        1307 0  nil  2  
[2023/09/06 16:05:30 677] isr        1636 ASR_MSG_GRSLT,   local  
[2023/09/06 16:05:30 678] isr        1307 0  nil  2  
[2023/09/06 16:05:30 678] isr        1636 ASR_MSG_GRSLT,   local  
[2023/09/06 16:05:30 678] isr        1307 0  nil  2  
[2023/09/06 16:05:30 678] isr        1636 ASR_MSG_GRSLT,   local  
[2023/09/06 16:05:30 678] isr        1307 0  nil  2  
[2023/09/06 16:05:30 679] isr        1636 ASR_MSG_GRSLT,   local  
[2023/09/06 16:05:30 679] isr        1307 0  nil  2  
[2023/09/06 16:05:30 679] isr        1636 ASR_MSG_GRSLT,   local  
[2023/09/06 16:05:30 679] isr        1307 0  nil  2  
[2023/09/06 16:05:30 679] isr        1636 ASR_MSG_GRSLT,   local  
[2023/09/06 16:05:30 679] isr        1307 0  nil  2  
[2023/09/06 16:05:30 680] isr        1636 ASR_MSG_GRSLT,   local  
[2023/09/06 16:05:30 680] isr        1307 0  nil  2  
[2023/09/06 16:05:30 680] isr        1636 ASR_MSG_GRSLT,   local  
[2023/09/06 16:05:30 680] isr        1307 0  nil  2  
[2023/09/06 16:05:30 680] isr        1636 ASR_MSG_GRSLT,   local  
[2023/09/06 16:05:30 680] isr        1307 0  nil  2  
[2023/09/06 16:05:30 681] isr        1636 ASR_MSG_GRSLT,   local  
[2023/09/06 16:05:30 681] isr        1307 0  nil  2  
[2023/09/06 16:05:30 681] isr        1636 ASR_MSG_GRSLT,   local  
[2023/09/06 16:05:30 681] isr        1307 0  nil  2  
[2023/09/06 16:05:30 681] isr        1636 ASR_MSG_GRSLT,   local  
[2023/09/06 16:05:30 681] isr        1307 0  nil  2  
[2023/09/06 16:05:30 682] isr        1636 ASR_MSG_GRSLT,   local  
[2023/09/06 16:05:30 682] isr        1307 0  nil  2  
[2023/09/06 16:05:30 682] isr        1636 ASR_MSG_GRSLT,   local  
[2023/09/06 16:05:30 682] isr        1307 0  nil  2  
[2023/09/06 16:05:30 682] isr        1636 ASR_MSG_GRSLT,   local  
[2023/09/06 16:05:30 682] isr        1307 0  nil  2  
[2023/09/06 16:05:30 683] isr        1636 ASR_MSG_GRSLT,   local  
[2023/09/06 16:05:30 683] isr        1307 0  nil  2  
[2023/09/06 16:05:30 685] isr        723  local_cbmsg_handler  ,msg=  407  param1=  udata(782742b8) 
[2023/09/06 16:05:30 685] isr        641  process_result call:  local  udata(782742b8) 39  2  
[2023/09/06 16:05:30 685] isr        798  3  msc  
[2023/09/06 16:05:30 685] isr        800  already speech end  
[2023/09/06 16:05:30 685] isr        723  local_cbmsg_handler  ,msg=  408  param1=  nil  
[2023/09/06 16:05:30 685] isr        734  local session recognized end!  
[2023/09/06 16:05:30 686] isr        1636 ASR_MSG_GRSLT,   local  
[2023/09/06 16:05:30 686] isr        1307 0  udata(782742b8) 5  
[2023/09/06 16:05:30 686] isr        1639 ASR_MSG_SSE,   local  
[2023/09/06 16:05:30 686] isr        1356 session_end() [in]  
[2023/09/06 16:05:30 686] isr        1377 local_session_end() [in]  
[2023/09/06 16:05:30 687] isr        1416 ASR_LOCAL_MSG_SSE net_type  nil  
[2023/09/06 16:05:30 691] isr        1667 isr unload!  
============================================================
Time  2023/09/06 16:05:31 498 
============================================================
[2023/09/06 16:05:31 498] isr        1659 isr loaded!  
[2023/09/06 16:05:31 498] isr        1642 SYS_MSG_REGCB param0 =   msp_status_cb  param1 =   func(94131690) 
[2023/09/06 16:05:31 499] isr        1537 ASR_MSG_SSB  
[2023/09/06 16:05:31 499] isr        1066 session_begin() [in], params:   engine_type = local, 		asr_res_path = fo|res/asr/common.jet, sample_rate = 16000, 		grm_build_path = res/asr/GrmBuilld, local_grammar = call, 		result_type = xml, result_encoding = UTF-8,   nil  
[2023/09/06 16:05:31 499] isr        927  vad_set [in]  
[2023/09/06 16:05:31 499] isr        962  vad_enable :  true  
[2023/09/06 16:05:31 499] isr        980  vad_bos :  10000  
[2023/09/06 16:05:31 499] isr        981  vad_eos :  2000  
[2023/09/06 16:05:31 499] isr        886  enable_vad [in]  
[2023/09/06 16:05:31 500] isr        918  vad enabled!  2000  10000  
[2023/09/06 16:05:31 500] isr        921  enable_vad [out]  
[2023/09/06 16:05:31 500] isr        987  vad_set [out] | ret =  0  
[2023/09/06 16:05:31 500] isr        1182 cur_engine_type =   local  
[2023/09/06 16:05:31 500] isr        992  local_session_begin  
[2023/09/06 16:05:31 608] isr        1547 ASR_MSG_AUW,   local  
[2023/09/06 16:05:31 608] isr        1559 3200  1  
[2023/09/06 16:05:31 608] isr        1569 once_bytes:   3200  
[2023/09/06 16:05:31 615] isr        851  [aud] speech start  
[2023/09/06 16:05:31 615] isr        798  1  msc  
[2023/09/06 16:05:31 711] isr        1547 ASR_MSG_AUW,   local  
[2023/09/06 16:05:31 712] isr        1559 3200  2  
[2023/09/06 16:05:31 808] isr        1547 ASR_MSG_AUW,   local  
[2023/09/06 16:05:31 808] isr        1559 3200  2  
[2023/09/06 16:05:31 911] isr        1547 ASR_MSG_AUW,   local  
[2023/09/06 16:05:31 911] isr        1559 3200  2  
[2023/09/06 16:05:32 011] isr        1547 ASR_MSG_AUW,   local  
[2023/09/06 16:05:32 012] isr        1559 3200  2  
[2023/09/06 16:05:32 112] isr        1547 ASR_MSG_AUW,   local  
[2023/09/06 16:05:32 112] isr        1559 3200  2  
[2023/09/06 16:05:32 212] isr        1547 ASR_MSG_AUW,   local  
[2023/09/06 16:05:32 212] isr        1559 3200  2  
[2023/09/06 16:05:32 312] isr        1547 ASR_MSG_AUW,   local  
[2023/09/06 16:05:32 312] isr        1559 3200  2  
[2023/09/06 16:05:32 412] isr        1547 ASR_MSG_AUW,   local  
[2023/09/06 16:05:32 412] isr        1559 3200  2  
[2023/09/06 16:05:32 512] isr        1547 ASR_MSG_AUW,   local  
[2023/09/06 16:05:32 512] isr        1559 3200  2  
[2023/09/06 16:05:32 608] isr        1547 ASR_MSG_AUW,   local  
[2023/09/06 16:05:32 608] isr        1559 3200  2  
[2023/09/06 16:05:32 712] isr        1547 ASR_MSG_AUW,   local  
[2023/09/06 16:05:32 712] isr        1559 3200  2  
[2023/09/06 16:05:32 812] isr        1547 ASR_MSG_AUW,   local  
[2023/09/06 16:05:32 812] isr        1559 3200  2  
[2023/09/06 16:05:32 912] isr        1547 ASR_MSG_AUW,   local  
[2023/09/06 16:05:32 912] isr        1559 3200  2  
[2023/09/06 16:05:33 012] isr        1547 ASR_MSG_AUW,   local  
[2023/09/06 16:05:33 012] isr        1559 3200  2  
[2023/09/06 16:05:33 111] isr        1547 ASR_MSG_AUW,   local  
[2023/09/06 16:05:33 111] isr        1559 3200  2  
[2023/09/06 16:05:33 211] isr        1547 ASR_MSG_AUW,   local  
[2023/09/06 16:05:33 211] isr        1559 3200  2  
[2023/09/06 16:05:33 311] isr        1547 ASR_MSG_AUW,   local  
[2023/09/06 16:05:33 311] isr        1559 3200  2  
[2023/09/06 16:05:33 411] isr        1547 ASR_MSG_AUW,   local  
[2023/09/06 16:05:33 411] isr        1559 3200  2  
[2023/09/06 16:05:33 507] isr        1547 ASR_MSG_AUW,   local  
[2023/09/06 16:05:33 507] isr        1559 3200  2  
[2023/09/06 16:05:33 612] isr        1547 ASR_MSG_AUW,   local  
[2023/09/06 16:05:33 613] isr        1559 3200  2  
[2023/09/06 16:05:33 707] isr        1547 ASR_MSG_AUW,   local  
[2023/09/06 16:05:33 707] isr        1559 3200  2  
[2023/09/06 16:05:33 807] isr        1547 ASR_MSG_AUW,   local  
[2023/09/06 16:05:33 807] isr        1559 3200  2  
[2023/09/06 16:05:33 908] isr        1547 ASR_MSG_AUW,   local  
[2023/09/06 16:05:33 909] isr        1559 3200  2  
[2023/09/06 16:05:34 007] isr        1547 ASR_MSG_AUW,   local  
[2023/09/06 16:05:34 007] isr        1559 3200  2  
[2023/09/06 16:05:34 107] isr        1547 ASR_MSG_AUW,   local  
[2023/09/06 16:05:34 107] isr        1559 3200  2  
[2023/09/06 16:05:34 207] isr        1547 ASR_MSG_AUW,   local  
[2023/09/06 16:05:34 207] isr        1559 3200  2  
[2023/09/06 16:05:34 307] isr        1547 ASR_MSG_AUW,   local  
[2023/09/06 16:05:34 307] isr        1559 3200  2  
[2023/09/06 16:05:34 407] isr        1547 ASR_MSG_AUW,   local  
[2023/09/06 16:05:34 407] isr        1559 3200  2  
[2023/09/06 16:05:34 505] isr        1547 ASR_MSG_AUW,   local  
[2023/09/06 16:05:34 505] isr        1559 0  4  
[2023/09/06 16:05:34 505] isr        1592 aud end, USER  
[2023/09/06 16:05:34 506] isr        1636 ASR_MSG_GRSLT,   local  
[2023/09/06 16:05:34 507] isr        1307 0  nil  2  
[2023/09/06 16:05:34 507] isr        1636 ASR_MSG_GRSLT,   local  
[2023/09/06 16:05:34 507] isr        1307 0  nil  2  
[2023/09/06 16:05:34 508] isr        1636 ASR_MSG_GRSLT,   local  
[2023/09/06 16:05:34 508] isr        1307 0  nil  2  
[2023/09/06 16:05:34 508] isr        1636 ASR_MSG_GRSLT,   local  
[2023/09/06 16:05:34 508] isr        1307 0  nil  2  
[2023/09/06 16:05:34 508] isr        1636 ASR_MSG_GRSLT,   local  
[2023/09/06 16:05:34 509] isr        1307 0  nil  2  
[2023/09/06 16:05:34 509] isr        854  [aud] speech end  
[2023/09/06 16:05:34 509] isr        798  3  msc  
[2023/09/06 16:05:34 509] isr        1636 ASR_MSG_GRSLT,   local  
[2023/09/06 16:05:34 510] isr        1307 0  nil  2  
[2023/09/06 16:05:34 510] isr        1636 ASR_MSG_GRSLT,   local  
[2023/09/06 16:05:34 510] isr        1307 0  nil  2  
[2023/09/06 16:05:34 510] isr        1636 ASR_MSG_GRSLT,   local  
[2023/09/06 16:05:34 510] isr        1307 0  nil  2  
[2023/09/06 16:05:34 511] isr        1636 ASR_MSG_GRSLT,   local  
[2023/09/06 16:05:34 511] isr        1307 0  nil  2  
[2023/09/06 16:05:34 511] isr        1636 ASR_MSG_GRSLT,   local  
[2023/09/06 16:05:34 511] isr        1307 0  nil  2  
[2023/09/06 16:05:34 511] isr        1636 ASR_MSG_GRSLT,   local  
[2023/09/06 16:05:34 511] isr        1307 0  nil  2  
[2023/09/06 16:05:34 512] isr        1636 ASR_MSG_GRSLT,   local  
[2023/09/06 16:05:34 512] isr        1307 0  nil  2  
[2023/09/06 16:05:34 512] isr        1636 ASR_MSG_GRSLT,   local  
[2023/09/06 16:05:34 512] isr        1307 0  nil  2  
[2023/09/06 16:05:34 512] isr        1636 ASR_MSG_GRSLT,   local  
[2023/09/06 16:05:34 512] isr        1307 0  nil  2  
[2023/09/06 16:05:34 513] isr        1636 ASR_MSG_GRSLT,   local  
[2023/09/06 16:05:34 513] isr        1307 0  nil  2  
[2023/09/06 16:05:34 513] isr        1636 ASR_MSG_GRSLT,   local  
[2023/09/06 16:05:34 513] isr        1307 0  nil  2  
[2023/09/06 16:05:34 514] isr        1636 ASR_MSG_GRSLT,   local  
[2023/09/06 16:05:34 514] isr        1307 0  nil  2  
[2023/09/06 16:05:34 514] isr        1636 ASR_MSG_GRSLT,   local  
[2023/09/06 16:05:34 514] isr        1307 0  nil  2  
[2023/09/06 16:05:34 514] isr        1636 ASR_MSG_GRSLT,   local  
[2023/09/06 16:05:34 514] isr        1307 0  nil  2  
[2023/09/06 16:05:34 515] isr        1636 ASR_MSG_GRSLT,   local  
[2023/09/06 16:05:34 515] isr        1307 0  nil  2  
[2023/09/06 16:05:34 515] isr        1636 ASR_MSG_GRSLT,   local  
[2023/09/06 16:05:34 515] isr        1307 0  nil  2  
[2023/09/06 16:05:34 515] isr        1636 ASR_MSG_GRSLT,   local  
[2023/09/06 16:05:34 515] isr        1307 0  nil  2  
[2023/09/06 16:05:34 516] isr        1636 ASR_MSG_GRSLT,   local  
[2023/09/06 16:05:34 516] isr        1307 0  nil  2  
[2023/09/06 16:05:34 516] isr        1636 ASR_MSG_GRSLT,   local  
[2023/09/06 16:05:34 516] isr        1307 0  nil  2  
[2023/09/06 16:05:34 516] isr        1636 ASR_MSG_GRSLT,   local  
[2023/09/06 16:05:34 516] isr        1307 0  nil  2  
[2023/09/06 16:05:34 517] isr        1636 ASR_MSG_GRSLT,   local  
[2023/09/06 16:05:34 517] isr        1307 0  nil  2  
[2023/09/06 16:05:34 517] isr        1636 ASR_MSG_GRSLT,   local  
[2023/09/06 16:05:34 517] isr        1307 0  nil  2  
[2023/09/06 16:05:34 517] isr        1636 ASR_MSG_GRSLT,   local  
[2023/09/06 16:05:34 518] isr        1307 0  nil  2  
[2023/09/06 16:05:34 518] isr        1636 ASR_MSG_GRSLT,   local  
[2023/09/06 16:05:34 518] isr        1307 0  nil  2  
[2023/09/06 16:05:34 518] isr        1636 ASR_MSG_GRSLT,   local  
[2023/09/06 16:05:34 518] isr        1307 0  nil  2  
[2023/09/06 16:05:34 519] isr        1636 ASR_MSG_GRSLT,   local  
[2023/09/06 16:05:34 519] isr        1307 0  nil  2  
[2023/09/06 16:05:34 519] isr        1636 ASR_MSG_GRSLT,   local  
[2023/09/06 16:05:34 519] isr        1307 0  nil  2  
[2023/09/06 16:05:34 519] isr        1636 ASR_MSG_GRSLT,   local  
[2023/09/06 16:05:34 519] isr        1307 0  nil  2  
[2023/09/06 16:05:34 520] isr        1636 ASR_MSG_GRSLT,   local  
[2023/09/06 16:05:34 520] isr        1307 0  nil  2  
[2023/09/06 16:05:34 521] isr        1636 ASR_MSG_GRSLT,   local  
[2023/09/06 16:05:34 521] isr        1307 0  nil  2  
[2023/09/06 16:05:34 521] isr        723  local_cbmsg_handler  ,msg=  406  param1=  nil  
[2023/09/06 16:05:34 522] isr        1636 ASR_MSG_GRSLT,   local  
[2023/09/06 16:05:34 522] isr        1307 0  nil  2  
[2023/09/06 16:05:34 522] isr        1636 ASR_MSG_GRSLT,   local  
[2023/09/06 16:05:34 522] isr        1307 0  nil  2  
[2023/09/06 16:05:34 522] isr        1636 ASR_MSG_GRSLT,   local  
[2023/09/06 16:05:34 522] isr        1307 0  nil  2  
[2023/09/06 16:05:34 523] isr        1636 ASR_MSG_GRSLT,   local  
[2023/09/06 16:05:34 523] isr        1307 0  nil  2  
[2023/09/06 16:05:34 523] isr        1636 ASR_MSG_GRSLT,   local  
[2023/09/06 16:05:34 523] isr        1307 0  nil  2  
[2023/09/06 16:05:34 524] isr        1636 ASR_MSG_GRSLT,   local  
[2023/09/06 16:05:34 524] isr        1307 0  nil  2  
[2023/09/06 16:05:34 524] isr        1636 ASR_MSG_GRSLT,   local  
[2023/09/06 16:05:34 524] isr        1307 0  nil  2  
[2023/09/06 16:05:34 524] isr        1636 ASR_MSG_GRSLT,   local  
[2023/09/06 16:05:34 524] isr        1307 0  nil  2  
[2023/09/06 16:05:34 525] isr        1636 ASR_MSG_GRSLT,   local  
[2023/09/06 16:05:34 525] isr        1307 0  nil  2  
[2023/09/06 16:05:34 525] isr        1636 ASR_MSG_GRSLT,   local  
[2023/09/06 16:05:34 525] isr        1307 0  nil  2  
[2023/09/06 16:05:34 525] isr        1636 ASR_MSG_GRSLT,   local  
[2023/09/06 16:05:34 526] isr        1307 0  nil  2  
[2023/09/06 16:05:34 526] isr        1636 ASR_MSG_GRSLT,   local  
[2023/09/06 16:05:34 526] isr        1307 0  nil  2  
[2023/09/06 16:05:34 526] isr        1636 ASR_MSG_GRSLT,   local  
[2023/09/06 16:05:34 526] isr        1307 0  nil  2  
[2023/09/06 16:05:34 527] isr        1636 ASR_MSG_GRSLT,   local  
[2023/09/06 16:05:34 527] isr        1307 0  nil  2  
[2023/09/06 16:05:34 527] isr        1636 ASR_MSG_GRSLT,   local  
[2023/09/06 16:05:34 527] isr        1307 0  nil  2  
[2023/09/06 16:05:34 527] isr        1636 ASR_MSG_GRSLT,   local  
[2023/09/06 16:05:34 527] isr        1307 0  nil  2  
[2023/09/06 16:05:34 528] isr        1636 ASR_MSG_GRSLT,   local  
[2023/09/06 16:05:34 528] isr        1307 0  nil  2  
[2023/09/06 16:05:34 528] isr        1636 ASR_MSG_GRSLT,   local  
[2023/09/06 16:05:34 528] isr        1307 0  nil  2  
[2023/09/06 16:05:34 528] isr        1636 ASR_MSG_GRSLT,   local  
[2023/09/06 16:05:34 528] isr        1307 0  nil  2  
[2023/09/06 16:05:34 529] isr        1636 ASR_MSG_GRSLT,   local  
[2023/09/06 16:05:34 529] isr        1307 0  nil  2  
[2023/09/06 16:05:34 529] isr        1636 ASR_MSG_GRSLT,   local  
[2023/09/06 16:05:34 529] isr        1307 0  nil  2  
[2023/09/06 16:05:34 530] isr        1636 ASR_MSG_GRSLT,   local  
[2023/09/06 16:05:34 530] isr        1307 0  nil  2  
[2023/09/06 16:05:34 530] isr        1636 ASR_MSG_GRSLT,   local  
[2023/09/06 16:05:34 530] isr        1307 0  nil  2  
[2023/09/06 16:05:34 530] isr        1636 ASR_MSG_GRSLT,   local  
[2023/09/06 16:05:34 530] isr        1307 0  nil  2  
[2023/09/06 16:05:34 531] isr        1636 ASR_MSG_GRSLT,   local  
[2023/09/06 16:05:34 531] isr        1307 0  nil  2  
[2023/09/06 16:05:34 531] isr        1636 ASR_MSG_GRSLT,   local  
[2023/09/06 16:05:34 531] isr        1307 0  nil  2  
[2023/09/06 16:05:34 531] isr        1636 ASR_MSG_GRSLT,   local  
[2023/09/06 16:05:34 531] isr        1307 0  nil  2  
[2023/09/06 16:05:34 532] isr        1636 ASR_MSG_GRSLT,   local  
[2023/09/06 16:05:34 532] isr        1307 0  nil  2  
[2023/09/06 16:05:34 532] isr        1636 ASR_MSG_GRSLT,   local  
[2023/09/06 16:05:34 532] isr        1307 0  nil  2  
[2023/09/06 16:05:34 532] isr        1636 ASR_MSG_GRSLT,   local  
[2023/09/06 16:05:34 532] isr        1307 0  nil  2  
[2023/09/06 16:05:34 533] isr        1636 ASR_MSG_GRSLT,   local  
[2023/09/06 16:05:34 533] isr        1307 0  nil  2  
[2023/09/06 16:05:34 533] isr        1636 ASR_MSG_GRSLT,   local  
[2023/09/06 16:05:34 533] isr        1307 0  nil  2  
[2023/09/06 16:05:34 533] isr        1636 ASR_MSG_GRSLT,   local  
[2023/09/06 16:05:34 534] isr        1307 0  nil  2  
[2023/09/06 16:05:34 534] isr        1636 ASR_MSG_GRSLT,   local  
[2023/09/06 16:05:34 534] isr        1307 0  nil  2  
[2023/09/06 16:05:34 534] isr        1636 ASR_MSG_GRSLT,   local  
[2023/09/06 16:05:34 534] isr        1307 0  nil  2  
[2023/09/06 16:05:34 535] isr        1636 ASR_MSG_GRSLT,   local  
[2023/09/06 16:05:34 535] isr        1307 0  nil  2  
[2023/09/06 16:05:34 535] isr        1636 ASR_MSG_GRSLT,   local  
[2023/09/06 16:05:34 535] isr        1307 0  nil  2  
[2023/09/06 16:05:34 535] isr        1636 ASR_MSG_GRSLT,   local  
[2023/09/06 16:05:34 535] isr        1307 0  nil  2  
[2023/09/06 16:05:34 536] isr        1636 ASR_MSG_GRSLT,   local  
[2023/09/06 16:05:34 536] isr        1307 0  nil  2  
[2023/09/06 16:05:34 536] isr        1636 ASR_MSG_GRSLT,   local  
[2023/09/06 16:05:34 536] isr        1307 0  nil  2  
[2023/09/06 16:05:34 536] isr        1636 ASR_MSG_GRSLT,   local  
[2023/09/06 16:05:34 536] isr        1307 0  nil  2  
[2023/09/06 16:05:34 537] isr        1636 ASR_MSG_GRSLT,   local  
[2023/09/06 16:05:34 537] isr        1307 0  nil  2  
[2023/09/06 16:05:34 537] isr        1636 ASR_MSG_GRSLT,   local  
[2023/09/06 16:05:34 537] isr        1307 0  nil  2  
[2023/09/06 16:05:34 538] isr        1636 ASR_MSG_GRSLT,   local  
[2023/09/06 16:05:34 538] isr        1307 0  nil  2  
[2023/09/06 16:05:34 538] isr        1636 ASR_MSG_GRSLT,   local  
[2023/09/06 16:05:34 538] isr        1307 0  nil  2  
[2023/09/06 16:05:34 538] isr        1636 ASR_MSG_GRSLT,   local  
[2023/09/06 16:05:34 538] isr        1307 0  nil  2  
[2023/09/06 16:05:34 539] isr        1636 ASR_MSG_GRSLT,   local  
[2023/09/06 16:05:34 539] isr        1307 0  nil  2  
[2023/09/06 16:05:34 539] isr        1636 ASR_MSG_GRSLT,   local  
[2023/09/06 16:05:34 539] isr        1307 0  nil  2  
[2023/09/06 16:05:34 539] isr        1636 ASR_MSG_GRSLT,   local  
[2023/09/06 16:05:34 539] isr        1307 0  nil  2  
[2023/09/06 16:05:34 540] isr        1636 ASR_MSG_GRSLT,   local  
[2023/09/06 16:05:34 540] isr        1307 0  nil  2  
[2023/09/06 16:05:34 540] isr        1636 ASR_MSG_GRSLT,   local  
[2023/09/06 16:05:34 540] isr        1307 0  nil  2  
[2023/09/06 16:05:34 540] isr        1636 ASR_MSG_GRSLT,   local  
[2023/09/06 16:05:34 540] isr        1307 0  nil  2  
[2023/09/06 16:05:34 541] isr        1636 ASR_MSG_GRSLT,   local  
[2023/09/06 16:05:34 541] isr        1307 0  nil  2  
[2023/09/06 16:05:34 541] isr        1636 ASR_MSG_GRSLT,   local  
[2023/09/06 16:05:34 541] isr        1307 0  nil  2  
[2023/09/06 16:05:34 542] isr        1636 ASR_MSG_GRSLT,   local  
[2023/09/06 16:05:34 542] isr        1307 0  nil  2  
[2023/09/06 16:05:34 542] isr        1636 ASR_MSG_GRSLT,   local  
[2023/09/06 16:05:34 542] isr        1307 0  nil  2  
[2023/09/06 16:05:34 542] isr        1636 ASR_MSG_GRSLT,   local  
[2023/09/06 16:05:34 542] isr        1307 0  nil  2  
[2023/09/06 16:05:34 543] isr        1636 ASR_MSG_GRSLT,   local  
[2023/09/06 16:05:34 543] isr        1307 0  nil  2  
[2023/09/06 16:05:34 543] isr        1636 ASR_MSG_GRSLT,   local  
[2023/09/06 16:05:34 543] isr        1307 0  nil  2  
[2023/09/06 16:05:34 543] isr        1636 ASR_MSG_GRSLT,   local  
[2023/09/06 16:05:34 543] isr        1307 0  nil  2  
[2023/09/06 16:05:34 544] isr        1636 ASR_MSG_GRSLT,   local  
[2023/09/06 16:05:34 544] isr        1307 0  nil  2  
[2023/09/06 16:05:34 544] isr        1636 ASR_MSG_GRSLT,   local  
[2023/09/06 16:05:34 544] isr        1307 0  nil  2  
[2023/09/06 16:05:34 544] isr        1636 ASR_MSG_GRSLT,   local  
[2023/09/06 16:05:34 544] isr        1307 0  nil  2  
[2023/09/06 16:05:34 545] isr        1636 ASR_MSG_GRSLT,   local  
[2023/09/06 16:05:34 545] isr        1307 0  nil  2  
[2023/09/06 16:05:34 545] isr        1636 ASR_MSG_GRSLT,   local  
[2023/09/06 16:05:34 545] isr        1307 0  nil  2  
[2023/09/06 16:05:34 545] isr        1636 ASR_MSG_GRSLT,   local  
[2023/09/06 16:05:34 546] isr        1307 0  nil  2  
[2023/09/06 16:05:34 546] isr        1636 ASR_MSG_GRSLT,   local  
[2023/09/06 16:05:34 546] isr        1307 0  nil  2  
[2023/09/06 16:05:34 546] isr        1636 ASR_MSG_GRSLT,   local  
[2023/09/06 16:05:34 546] isr        1307 0  nil  2  
[2023/09/06 16:05:34 547] isr        1636 ASR_MSG_GRSLT,   local  
[2023/09/06 16:05:34 547] isr        1307 0  nil  2  
[2023/09/06 16:05:34 547] isr        1636 ASR_MSG_GRSLT,   local  
[2023/09/06 16:05:34 547] isr        1307 0  nil  2  
[2023/09/06 16:05:34 547] isr        1636 ASR_MSG_GRSLT,   local  
[2023/09/06 16:05:34 547] isr        1307 0  nil  2  
[2023/09/06 16:05:34 548] isr        1636 ASR_MSG_GRSLT,   local  
[2023/09/06 16:05:34 548] isr        1307 0  nil  2  
[2023/09/06 16:05:34 548] isr        1636 ASR_MSG_GRSLT,   local  
[2023/09/06 16:05:34 548] isr        1307 0  nil  2  
[2023/09/06 16:05:34 548] isr        1636 ASR_MSG_GRSLT,   local  
[2023/09/06 16:05:34 548] isr        1307 0  nil  2  
[2023/09/06 16:05:34 549] isr        1636 ASR_MSG_GRSLT,   local  
[2023/09/06 16:05:34 549] isr        1307 0  nil  2  
[2023/09/06 16:05:34 549] isr        1636 ASR_MSG_GRSLT,   local  
[2023/09/06 16:05:34 549] isr        1307 0  nil  2  
[2023/09/06 16:05:34 549] isr        1636 ASR_MSG_GRSLT,   local  
[2023/09/06 16:05:34 550] isr        1307 0  nil  2  
[2023/09/06 16:05:34 550] isr        1636 ASR_MSG_GRSLT,   local  
[2023/09/06 16:05:34 550] isr        1307 0  nil  2  
[2023/09/06 16:05:34 550] isr        1636 ASR_MSG_GRSLT,   local  
[2023/09/06 16:05:34 550] isr        1307 0  nil  2  
[2023/09/06 16:05:34 551] isr        1636 ASR_MSG_GRSLT,   local  
[2023/09/06 16:05:34 551] isr        1307 0  nil  2  
[2023/09/06 16:05:34 551] isr        1636 ASR_MSG_GRSLT,   local  
[2023/09/06 16:05:34 551] isr        1307 0  nil  2  
[2023/09/06 16:05:34 551] isr        1636 ASR_MSG_GRSLT,   local  
[2023/09/06 16:05:34 551] isr        1307 0  nil  2  
[2023/09/06 16:05:34 552] isr        1636 ASR_MSG_GRSLT,   local  
[2023/09/06 16:05:34 552] isr        1307 0  nil  2  
[2023/09/06 16:05:34 552] isr        1636 ASR_MSG_GRSLT,   local  
[2023/09/06 16:05:34 552] isr        1307 0  nil  2  
[2023/09/06 16:05:34 552] isr        1636 ASR_MSG_GRSLT,   local  
[2023/09/06 16:05:34 552] isr        1307 0  nil  2  
[2023/09/06 16:05:34 553] isr        1636 ASR_MSG_GRSLT,   local  
[2023/09/06 16:05:34 553] isr        1307 0  nil  2  
[2023/09/06 16:05:34 553] isr        1636 ASR_MSG_GRSLT,   local  
[2023/09/06 16:05:34 553] isr        1307 0  nil  2  
[2023/09/06 16:05:34 553] isr        1636 ASR_MSG_GRSLT,   local  
[2023/09/06 16:05:34 554] isr        1307 0  nil  2  
[2023/09/06 16:05:34 554] isr        1636 ASR_MSG_GRSLT,   local  
[2023/09/06 16:05:34 554] isr        1307 0  nil  2  
[2023/09/06 16:05:34 554] isr        1636 ASR_MSG_GRSLT,   local  
[2023/09/06 16:05:34 554] isr        1307 0  nil  2  
[2023/09/06 16:05:34 555] isr        1636 ASR_MSG_GRSLT,   local  
[2023/09/06 16:05:34 555] isr        1307 0  nil  2  
[2023/09/06 16:05:34 555] isr        1636 ASR_MSG_GRSLT,   local  
[2023/09/06 16:05:34 555] isr        1307 0  nil  2  
[2023/09/06 16:05:34 555] isr        1636 ASR_MSG_GRSLT,   local  
[2023/09/06 16:05:34 555] isr        1307 0  nil  2  
[2023/09/06 16:05:34 556] isr        1636 ASR_MSG_GRSLT,   local  
[2023/09/06 16:05:34 556] isr        1307 0  nil  2  
[2023/09/06 16:05:34 556] isr        1636 ASR_MSG_GRSLT,   local  
[2023/09/06 16:05:34 556] isr        1307 0  nil  2  
[2023/09/06 16:05:34 557] isr        1636 ASR_MSG_GRSLT,   local  
[2023/09/06 16:05:34 557] isr        1307 0  nil  2  
[2023/09/06 16:05:34 557] isr        1636 ASR_MSG_GRSLT,   local  
[2023/09/06 16:05:34 557] isr        1307 0  nil  2  
[2023/09/06 16:05:34 557] isr        1636 ASR_MSG_GRSLT,   local  
[2023/09/06 16:05:34 557] isr        1307 0  nil  2  
[2023/09/06 16:05:34 558] isr        1636 ASR_MSG_GRSLT,   local  
[2023/09/06 16:05:34 558] isr        1307 0  nil  2  
[2023/09/06 16:05:34 558] isr        1636 ASR_MSG_GRSLT,   local  
[2023/09/06 16:05:34 558] isr        1307 0  nil  2  
[2023/09/06 16:05:34 558] isr        1636 ASR_MSG_GRSLT,   local  
[2023/09/06 16:05:34 558] isr        1307 0  nil  2  
[2023/09/06 16:05:34 559] isr        1636 ASR_MSG_GRSLT,   local  
[2023/09/06 16:05:34 559] isr        1307 0  nil  2  
[2023/09/06 16:05:34 559] isr        1636 ASR_MSG_GRSLT,   local  
[2023/09/06 16:05:34 559] isr        1307 0  nil  2  
[2023/09/06 16:05:34 560] isr        1636 ASR_MSG_GRSLT,   local  
[2023/09/06 16:05:34 560] isr        1307 0  nil  2  
[2023/09/06 16:05:34 560] isr        1636 ASR_MSG_GRSLT,   local  
[2023/09/06 16:05:34 560] isr        1307 0  nil  2  
[2023/09/06 16:05:34 560] isr        1636 ASR_MSG_GRSLT,   local  
[2023/09/06 16:05:34 560] isr        1307 0  nil  2  
[2023/09/06 16:05:34 561] isr        1636 ASR_MSG_GRSLT,   local  
[2023/09/06 16:05:34 561] isr        1307 0  nil  2  
[2023/09/06 16:05:34 561] isr        1636 ASR_MSG_GRSLT,   local  
[2023/09/06 16:05:34 561] isr        1307 0  nil  2  
[2023/09/06 16:05:34 561] isr        1636 ASR_MSG_GRSLT,   local  
[2023/09/06 16:05:34 561] isr        1307 0  nil  2  
[2023/09/06 16:05:34 562] isr        1636 ASR_MSG_GRSLT,   local  
[2023/09/06 16:05:34 562] isr        1307 0  nil  2  
[2023/09/06 16:05:34 562] isr        1636 ASR_MSG_GRSLT,   local  
[2023/09/06 16:05:34 562] isr        1307 0  nil  2  
[2023/09/06 16:05:34 562] isr        1636 ASR_MSG_GRSLT,   local  
[2023/09/06 16:05:34 562] isr        1307 0  nil  2  
[2023/09/06 16:05:34 563] isr        1636 ASR_MSG_GRSLT,   local  
[2023/09/06 16:05:34 563] isr        1307 0  nil  2  
[2023/09/06 16:05:34 563] isr        1636 ASR_MSG_GRSLT,   local  
[2023/09/06 16:05:34 563] isr        1307 0  nil  2  
[2023/09/06 16:05:34 564] isr        1636 ASR_MSG_GRSLT,   local  
[2023/09/06 16:05:34 564] isr        1307 0  nil  2  
[2023/09/06 16:05:34 564] isr        1636 ASR_MSG_GRSLT,   local  
[2023/09/06 16:05:34 564] isr        1307 0  nil  2  
[2023/09/06 16:05:34 564] isr        1636 ASR_MSG_GRSLT,   local  
[2023/09/06 16:05:34 564] isr        1307 0  nil  2  
[2023/09/06 16:05:34 565] isr        1636 ASR_MSG_GRSLT,   local  
[2023/09/06 16:05:34 565] isr        1307 0  nil  2  
[2023/09/06 16:05:34 565] isr        1636 ASR_MSG_GRSLT,   local  
[2023/09/06 16:05:34 565] isr        1307 0  nil  2  
[2023/09/06 16:05:34 565] isr        1636 ASR_MSG_GRSLT,   local  
[2023/09/06 16:05:34 565] isr        1307 0  nil  2  
[2023/09/06 16:05:34 566] isr        1636 ASR_MSG_GRSLT,   local  
[2023/09/06 16:05:34 566] isr        1307 0  nil  2  
[2023/09/06 16:05:34 566] isr        1636 ASR_MSG_GRSLT,   local  
[2023/09/06 16:05:34 566] isr        1307 0  nil  2  
[2023/09/06 16:05:34 566] isr        1636 ASR_MSG_GRSLT,   local  
[2023/09/06 16:05:34 566] isr        1307 0  nil  2  
[2023/09/06 16:05:34 567] isr        1636 ASR_MSG_GRSLT,   local  
[2023/09/06 16:05:34 567] isr        1307 0  nil  2  
[2023/09/06 16:05:34 567] isr        1636 ASR_MSG_GRSLT,   local  
[2023/09/06 16:05:34 567] isr        1307 0  nil  2  
[2023/09/06 16:05:34 567] isr        1636 ASR_MSG_GRSLT,   local  
[2023/09/06 16:05:34 568] isr        1307 0  nil  2  
[2023/09/06 16:05:34 568] isr        1636 ASR_MSG_GRSLT,   local  
[2023/09/06 16:05:34 568] isr        1307 0  nil  2  
[2023/09/06 16:05:34 568] isr        1636 ASR_MSG_GRSLT,   local  
[2023/09/06 16:05:34 568] isr        1307 0  nil  2  
[2023/09/06 16:05:34 569] isr        1636 ASR_MSG_GRSLT,   local  
[2023/09/06 16:05:34 569] isr        1307 0  nil  2  
[2023/09/06 16:05:34 569] isr        1636 ASR_MSG_GRSLT,   local  
[2023/09/06 16:05:34 569] isr        1307 0  nil  2  
[2023/09/06 16:05:34 569] isr        1636 ASR_MSG_GRSLT,   local  
[2023/09/06 16:05:34 569] isr        1307 0  nil  2  
[2023/09/06 16:05:34 570] isr        1636 ASR_MSG_GRSLT,   local  
[2023/09/06 16:05:34 570] isr        1307 0  nil  2  
[2023/09/06 16:05:34 570] isr        1636 ASR_MSG_GRSLT,   local  
[2023/09/06 16:05:34 570] isr        1307 0  nil  2  
[2023/09/06 16:05:34 570] isr        1636 ASR_MSG_GRSLT,   local  
[2023/09/06 16:05:34 570] isr        1307 0  nil  2  
[2023/09/06 16:05:34 571] isr        1636 ASR_MSG_GRSLT,   local  
[2023/09/06 16:05:34 571] isr        1307 0  nil  2  
[2023/09/06 16:05:34 571] isr        1636 ASR_MSG_GRSLT,   local  
[2023/09/06 16:05:34 571] isr        1307 0  nil  2  
[2023/09/06 16:05:34 571] isr        1636 ASR_MSG_GRSLT,   local  
[2023/09/06 16:05:34 572] isr        1307 0  nil  2  
[2023/09/06 16:05:34 572] isr        1636 ASR_MSG_GRSLT,   local  
[2023/09/06 16:05:34 572] isr        1307 0  nil  2  
[2023/09/06 16:05:34 572] isr        1636 ASR_MSG_GRSLT,   local  
[2023/09/06 16:05:34 572] isr        1307 0  nil  2  
[2023/09/06 16:05:34 573] isr        1636 ASR_MSG_GRSLT,   local  
[2023/09/06 16:05:34 573] isr        1307 0  nil  2  
[2023/09/06 16:05:34 573] isr        1636 ASR_MSG_GRSLT,   local  
[2023/09/06 16:05:34 573] isr        1307 0  nil  2  
[2023/09/06 16:05:34 573] isr        1636 ASR_MSG_GRSLT,   local  
[2023/09/06 16:05:34 573] isr        1307 0  nil  2  
[2023/09/06 16:05:34 574] isr        1636 ASR_MSG_GRSLT,   local  
[2023/09/06 16:05:34 574] isr        1307 0  nil  2  
[2023/09/06 16:05:34 574] isr        1636 ASR_MSG_GRSLT,   local  
[2023/09/06 16:05:34 574] isr        1307 0  nil  2  
[2023/09/06 16:05:34 574] isr        1636 ASR_MSG_GRSLT,   local  
[2023/09/06 16:05:34 574] isr        1307 0  nil  2  
[2023/09/06 16:05:34 575] isr        1636 ASR_MSG_GRSLT,   local  
[2023/09/06 16:05:34 575] isr        1307 0  nil  2  
[2023/09/06 16:05:34 575] isr        1636 ASR_MSG_GRSLT,   local  
[2023/09/06 16:05:34 575] isr        1307 0  nil  2  
[2023/09/06 16:05:34 575] isr        1636 ASR_MSG_GRSLT,   local  
[2023/09/06 16:05:34 575] isr        1307 0  nil  2  
[2023/09/06 16:05:34 576] isr        1636 ASR_MSG_GRSLT,   local  
[2023/09/06 16:05:34 576] isr        1307 0  nil  2  
[2023/09/06 16:05:34 576] isr        1636 ASR_MSG_GRSLT,   local  
[2023/09/06 16:05:34 576] isr        1307 0  nil  2  
[2023/09/06 16:05:34 578] isr        1636 ASR_MSG_GRSLT,   local  
[2023/09/06 16:05:34 578] isr        1307 0  nil  2  
[2023/09/06 16:05:34 579] isr        1636 ASR_MSG_GRSLT,   local  
[2023/09/06 16:05:34 579] isr        1307 0  nil  2  
[2023/09/06 16:05:34 579] isr        1636 ASR_MSG_GRSLT,   local  
[2023/09/06 16:05:34 580] isr        1307 0  nil  2  
[2023/09/06 16:05:34 582] isr        1636 ASR_MSG_GRSLT,   local  
[2023/09/06 16:05:34 582] isr        1307 0  nil  2  
[2023/09/06 16:05:34 583] isr        1636 ASR_MSG_GRSLT,   local  
[2023/09/06 16:05:34 583] isr        1307 0  nil  2  
[2023/09/06 16:05:34 584] isr        1636 ASR_MSG_GRSLT,   local  
[2023/09/06 16:05:34 584] isr        1307 0  nil  2  
[2023/09/06 16:05:34 585] isr        1636 ASR_MSG_GRSLT,   local  
[2023/09/06 16:05:34 585] isr        1307 0  nil  2  
[2023/09/06 16:05:34 586] isr        1636 ASR_MSG_GRSLT,   local  
[2023/09/06 16:05:34 586] isr        1307 0  nil  2  
[2023/09/06 16:05:34 587] isr        1636 ASR_MSG_GRSLT,   local  
[2023/09/06 16:05:34 587] isr        1307 0  nil  2  
[2023/09/06 16:05:34 588] isr        1636 ASR_MSG_GRSLT,   local  
[2023/09/06 16:05:34 588] isr        1307 0  nil  2  
[2023/09/06 16:05:34 588] isr        1636 ASR_MSG_GRSLT,   local  
[2023/09/06 16:05:34 588] isr        1307 0  nil  2  
[2023/09/06 16:05:34 589] isr        1636 ASR_MSG_GRSLT,   local  
[2023/09/06 16:05:34 589] isr        1307 0  nil  2  
[2023/09/06 16:05:34 589] isr        1636 ASR_MSG_GRSLT,   local  
[2023/09/06 16:05:34 589] isr        1307 0  nil  2  
[2023/09/06 16:05:34 589] isr        1636 ASR_MSG_GRSLT,   local  
[2023/09/06 16:05:34 589] isr        1307 0  nil  2  
[2023/09/06 16:05:34 590] isr        1636 ASR_MSG_GRSLT,   local  
[2023/09/06 16:05:34 590] isr        1307 0  nil  2  
[2023/09/06 16:05:34 590] isr        1636 ASR_MSG_GRSLT,   local  
[2023/09/06 16:05:34 590] isr        1307 0  nil  2  
[2023/09/06 16:05:34 591] isr        1636 ASR_MSG_GRSLT,   local  
[2023/09/06 16:05:34 591] isr        1307 0  nil  2  
[2023/09/06 16:05:34 591] isr        1636 ASR_MSG_GRSLT,   local  
[2023/09/06 16:05:34 591] isr        1307 0  nil  2  
[2023/09/06 16:05:34 591] isr        1636 ASR_MSG_GRSLT,   local  
[2023/09/06 16:05:34 592] isr        1307 0  nil  2  
[2023/09/06 16:05:34 592] isr        1636 ASR_MSG_GRSLT,   local  
[2023/09/06 16:05:34 592] isr        1307 0  nil  2  
[2023/09/06 16:05:34 592] isr        1636 ASR_MSG_GRSLT,   local  
[2023/09/06 16:05:34 592] isr        1307 0  nil  2  
[2023/09/06 16:05:34 593] isr        1636 ASR_MSG_GRSLT,   local  
[2023/09/06 16:05:34 593] isr        1307 0  nil  2  
[2023/09/06 16:05:34 593] isr        1636 ASR_MSG_GRSLT,   local  
[2023/09/06 16:05:34 593] isr        1307 0  nil  2  
[2023/09/06 16:05:34 594] isr        1636 ASR_MSG_GRSLT,   local  
[2023/09/06 16:05:34 594] isr        1307 0  nil  2  
[2023/09/06 16:05:34 594] isr        1636 ASR_MSG_GRSLT,   local  
[2023/09/06 16:05:34 594] isr        1307 0  nil  2  
[2023/09/06 16:05:34 595] isr        1636 ASR_MSG_GRSLT,   local  
[2023/09/06 16:05:34 595] isr        1307 0  nil  2  
[2023/09/06 16:05:34 595] isr        1636 ASR_MSG_GRSLT,   local  
[2023/09/06 16:05:34 595] isr        1307 0  nil  2  
[2023/09/06 16:05:34 596] isr        1636 ASR_MSG_GRSLT,   local  
[2023/09/06 16:05:34 596] isr        1307 0  nil  2  
[2023/09/06 16:05:34 596] isr        1636 ASR_MSG_GRSLT,   local  
[2023/09/06 16:05:34 596] isr        1307 0  nil  2  
[2023/09/06 16:05:34 596] isr        1636 ASR_MSG_GRSLT,   local  
[2023/09/06 16:05:34 597] isr        1307 0  nil  2  
[2023/09/06 16:05:34 597] isr        1636 ASR_MSG_GRSLT,   local  
[2023/09/06 16:05:34 597] isr        1307 0  nil  2  
[2023/09/06 16:05:34 597] isr        1636 ASR_MSG_GRSLT,   local  
[2023/09/06 16:05:34 597] isr        1307 0  nil  2  
[2023/09/06 16:05:34 598] isr        1636 ASR_MSG_GRSLT,   local  
[2023/09/06 16:05:34 598] isr        1307 0  nil  2  
[2023/09/06 16:05:34 598] isr        1636 ASR_MSG_GRSLT,   local  
[2023/09/06 16:05:34 598] isr        1307 0  nil  2  
[2023/09/06 16:05:34 598] isr        1636 ASR_MSG_GRSLT,   local  
[2023/09/06 16:05:34 598] isr        1307 0  nil  2  
[2023/09/06 16:05:34 599] isr        1636 ASR_MSG_GRSLT,   local  
[2023/09/06 16:05:34 599] isr        1307 0  nil  2  
[2023/09/06 16:05:34 599] isr        1636 ASR_MSG_GRSLT,   local  
[2023/09/06 16:05:34 599] isr        1307 0  nil  2  
[2023/09/06 16:05:34 599] isr        1636 ASR_MSG_GRSLT,   local  
[2023/09/06 16:05:34 599] isr        1307 0  nil  2  
[2023/09/06 16:05:34 600] isr        1636 ASR_MSG_GRSLT,   local  
[2023/09/06 16:05:34 600] isr        1307 0  nil  2  
[2023/09/06 16:05:34 600] isr        1636 ASR_MSG_GRSLT,   local  
[2023/09/06 16:05:34 600] isr        1307 0  nil  2  
[2023/09/06 16:05:34 600] isr        1636 ASR_MSG_GRSLT,   local  
[2023/09/06 16:05:34 600] isr        1307 0  nil  2  
[2023/09/06 16:05:34 601] isr        1636 ASR_MSG_GRSLT,   local  
[2023/09/06 16:05:34 601] isr        1307 0  nil  2  
[2023/09/06 16:05:34 601] isr        1636 ASR_MSG_GRSLT,   local  
[2023/09/06 16:05:34 601] isr        1307 0  nil  2  
[2023/09/06 16:05:34 601] isr        1636 ASR_MSG_GRSLT,   local  
[2023/09/06 16:05:34 601] isr        1307 0  nil  2  
[2023/09/06 16:05:34 602] isr        1636 ASR_MSG_GRSLT,   local  
[2023/09/06 16:05:34 602] isr        1307 0  nil  2  
[2023/09/06 16:05:34 602] isr        1636 ASR_MSG_GRSLT,   local  
[2023/09/06 16:05:34 602] isr        1307 0  nil  2  
[2023/09/06 16:05:34 602] isr        1636 ASR_MSG_GRSLT,   local  
[2023/09/06 16:05:34 603] isr        1307 0  nil  2  
[2023/09/06 16:05:34 603] isr        1636 ASR_MSG_GRSLT,   local  
[2023/09/06 16:05:34 603] isr        1307 0  nil  2  
[2023/09/06 16:05:34 603] isr        1636 ASR_MSG_GRSLT,   local  
[2023/09/06 16:05:34 603] isr        1307 0  nil  2  
[2023/09/06 16:05:34 604] isr        1636 ASR_MSG_GRSLT,   local  
[2023/09/06 16:05:34 604] isr        1307 0  nil  2  
[2023/09/06 16:05:34 604] isr        1636 ASR_MSG_GRSLT,   local  
[2023/09/06 16:05:34 604] isr        1307 0  nil  2  
[2023/09/06 16:05:34 604] isr        1636 ASR_MSG_GRSLT,   local  
[2023/09/06 16:05:34 604] isr        1307 0  nil  2  
[2023/09/06 16:05:34 605] isr        1636 ASR_MSG_GRSLT,   local  
[2023/09/06 16:05:34 605] isr        1307 0  nil  2  
[2023/09/06 16:05:34 605] isr        1636 ASR_MSG_GRSLT,   local  
[2023/09/06 16:05:34 605] isr        1307 0  nil  2  
[2023/09/06 16:05:34 606] isr        1636 ASR_MSG_GRSLT,   local  
[2023/09/06 16:05:34 606] isr        1307 0  nil  2  
[2023/09/06 16:05:34 606] isr        1636 ASR_MSG_GRSLT,   local  
[2023/09/06 16:05:34 606] isr        1307 0  nil  2  
[2023/09/06 16:05:34 607] isr        1636 ASR_MSG_GRSLT,   local  
[2023/09/06 16:05:34 607] isr        1307 0  nil  2  
[2023/09/06 16:05:34 607] isr        1636 ASR_MSG_GRSLT,   local  
[2023/09/06 16:05:34 607] isr        1307 0  nil  2  
[2023/09/06 16:05:34 607] isr        1636 ASR_MSG_GRSLT,   local  
[2023/09/06 16:05:34 607] isr        1307 0  nil  2  
[2023/09/06 16:05:34 608] isr        1636 ASR_MSG_GRSLT,   local  
[2023/09/06 16:05:34 608] isr        1307 0  nil  2  
[2023/09/06 16:05:34 608] isr        1636 ASR_MSG_GRSLT,   local  
[2023/09/06 16:05:34 608] isr        1307 0  nil  2  
[2023/09/06 16:05:34 609] isr        1636 ASR_MSG_GRSLT,   local  
[2023/09/06 16:05:34 609] isr        1307 0  nil  2  
[2023/09/06 16:05:34 609] isr        1636 ASR_MSG_GRSLT,   local  
[2023/09/06 16:05:34 609] isr        1307 0  nil  2  
[2023/09/06 16:05:34 609] isr        1636 ASR_MSG_GRSLT,   local  
[2023/09/06 16:05:34 609] isr        1307 0  nil  2  
[2023/09/06 16:05:34 610] isr        1636 ASR_MSG_GRSLT,   local  
[2023/09/06 16:05:34 610] isr        1307 0  nil  2  
[2023/09/06 16:05:34 610] isr        1636 ASR_MSG_GRSLT,   local  
[2023/09/06 16:05:34 610] isr        1307 0  nil  2  
[2023/09/06 16:05:34 610] isr        1636 ASR_MSG_GRSLT,   local  
[2023/09/06 16:05:34 610] isr        1307 0  nil  2  
[2023/09/06 16:05:34 611] isr        1636 ASR_MSG_GRSLT,   local  
[2023/09/06 16:05:34 611] isr        1307 0  nil  2  
[2023/09/06 16:05:34 611] isr        1636 ASR_MSG_GRSLT,   local  
[2023/09/06 16:05:34 611] isr        1307 0  nil  2  
[2023/09/06 16:05:34 611] isr        1636 ASR_MSG_GRSLT,   local  
[2023/09/06 16:05:34 611] isr        1307 0  nil  2  
[2023/09/06 16:05:34 612] isr        1636 ASR_MSG_GRSLT,   local  
[2023/09/06 16:05:34 612] isr        1307 0  nil  2  
[2023/09/06 16:05:34 612] isr        1636 ASR_MSG_GRSLT,   local  
[2023/09/06 16:05:34 612] isr        1307 0  nil  2  
[2023/09/06 16:05:34 612] isr        1636 ASR_MSG_GRSLT,   local  
[2023/09/06 16:05:34 612] isr        1307 0  nil  2  
[2023/09/06 16:05:34 613] isr        1636 ASR_MSG_GRSLT,   local  
[2023/09/06 16:05:34 613] isr        1307 0  nil  2  
[2023/09/06 16:05:34 613] isr        1636 ASR_MSG_GRSLT,   local  
[2023/09/06 16:05:34 613] isr        1307 0  nil  2  
[2023/09/06 16:05:34 613] isr        1636 ASR_MSG_GRSLT,   local  
[2023/09/06 16:05:34 614] isr        1307 0  nil  2  
[2023/09/06 16:05:34 614] isr        1636 ASR_MSG_GRSLT,   local  
[2023/09/06 16:05:34 614] isr        1307 0  nil  2  
[2023/09/06 16:05:34 614] isr        1636 ASR_MSG_GRSLT,   local  
[2023/09/06 16:05:34 614] isr        1307 0  nil  2  
[2023/09/06 16:05:34 616] isr        1636 ASR_MSG_GRSLT,   local  
[2023/09/06 16:05:34 616] isr        1307 0  nil  2  
[2023/09/06 16:05:34 617] isr        723  local_cbmsg_handler  ,msg=  407  param1=  nil  
[2023/09/06 16:05:34 617] isr        641  process_result call:  local  nil  0  2  
[2023/09/06 16:05:34 617] isr        798  3  msc  
[2023/09/06 16:05:34 617] isr        800  already speech end  
[2023/09/06 16:05:34 617] isr        1636 ASR_MSG_GRSLT,   local  
[2023/09/06 16:05:34 617] isr        1307 0  nil  5  
[2023/09/06 16:05:34 618] isr        723  local_cbmsg_handler  ,msg=  408  param1=  nil  
[2023/09/06 16:05:34 618] isr        734  local session recognized end!  
[2023/09/06 16:05:34 618] isr        1639 ASR_MSG_SSE,   local  
[2023/09/06 16:05:34 618] isr        1356 session_end() [in]  
[2023/09/06 16:05:34 618] isr        1377 local_session_end() [in]  
[2023/09/06 16:05:34 619] isr        1416 ASR_LOCAL_MSG_SSE net_type  nil  
[2023/09/06 16:05:34 620] isr        1667 isr unload!  
============================================================
Time  2023/09/06 16:05:35 276 
============================================================
[2023/09/06 16:05:35 276] isr        1659 isr loaded!  
[2023/09/06 16:05:35 276] isr        1642 SYS_MSG_REGCB param0 =   msp_status_cb  param1 =   func(741318b0) 
[2023/09/06 16:05:35 276] isr        1537 ASR_MSG_SSB  
[2023/09/06 16:05:35 277] isr        1066 session_begin() [in], params:   engine_type = local, 		asr_res_path = fo|res/asr/common.jet, sample_rate = 16000, 		grm_build_path = res/asr/GrmBuilld, local_grammar = call, 		result_type = xml, result_encoding = UTF-8,   nil  
[2023/09/06 16:05:35 277] isr        927  vad_set [in]  
[2023/09/06 16:05:35 277] isr        962  vad_enable :  true  
[2023/09/06 16:05:35 277] isr        980  vad_bos :  10000  
[2023/09/06 16:05:35 277] isr        981  vad_eos :  2000  
[2023/09/06 16:05:35 277] isr        886  enable_vad [in]  
[2023/09/06 16:05:35 280] isr        918  vad enabled!  2000  10000  
[2023/09/06 16:05:35 280] isr        921  enable_vad [out]  
[2023/09/06 16:05:35 280] isr        987  vad_set [out] | ret =  0  
[2023/09/06 16:05:35 281] isr        1182 cur_engine_type =   local  
[2023/09/06 16:05:35 281] isr        992  local_session_begin  
[2023/09/06 16:05:35 406] isr        1547 ASR_MSG_AUW,   local  
[2023/09/06 16:05:35 406] isr        1559 3200  1  
[2023/09/06 16:05:35 406] isr        1569 once_bytes:   3200  
[2023/09/06 16:05:35 410] isr        851  [aud] speech start  
[2023/09/06 16:05:35 410] isr        798  1  msc  
[2023/09/06 16:05:35 507] isr        1547 ASR_MSG_AUW,   local  
[2023/09/06 16:05:35 507] isr        1559 3200  2  
[2023/09/06 16:05:35 607] isr        1547 ASR_MSG_AUW,   local  
[2023/09/06 16:05:35 607] isr        1559 3200  2  
[2023/09/06 16:05:35 706] isr        1547 ASR_MSG_AUW,   local  
[2023/09/06 16:05:35 706] isr        1559 3200  2  
[2023/09/06 16:05:35 807] isr        1547 ASR_MSG_AUW,   local  
[2023/09/06 16:05:35 807] isr        1559 3200  2  
[2023/09/06 16:05:35 910] isr        1547 ASR_MSG_AUW,   local  
[2023/09/06 16:05:35 910] isr        1559 3200  2  
[2023/09/06 16:05:36 010] isr        1547 ASR_MSG_AUW,   local  
[2023/09/06 16:05:36 010] isr        1559 3200  2  
[2023/09/06 16:05:36 027] isr        723  local_cbmsg_handler  ,msg=  404  param1=  nil  
[2023/09/06 16:05:36 110] isr        1547 ASR_MSG_AUW,   local  
[2023/09/06 16:05:36 110] isr        1559 3200  2  
[2023/09/06 16:05:36 210] isr        1547 ASR_MSG_AUW,   local  
[2023/09/06 16:05:36 210] isr        1559 3200  2  
[2023/09/06 16:05:36 310] isr        1547 ASR_MSG_AUW,   local  
[2023/09/06 16:05:36 310] isr        1559 3200  2  
[2023/09/06 16:05:36 410] isr        1547 ASR_MSG_AUW,   local  
[2023/09/06 16:05:36 410] isr        1559 3200  2  
[2023/09/06 16:05:36 510] isr        1547 ASR_MSG_AUW,   local  
[2023/09/06 16:05:36 510] isr        1559 3200  2  
[2023/09/06 16:05:36 610] isr        1547 ASR_MSG_AUW,   local  
[2023/09/06 16:05:36 610] isr        1559 3200  2  
[2023/09/06 16:05:36 710] isr        1547 ASR_MSG_AUW,   local  
[2023/09/06 16:05:36 710] isr        1559 3200  2  
[2023/09/06 16:05:36 810] isr        1547 ASR_MSG_AUW,   local  
[2023/09/06 16:05:36 810] isr        1559 3200  2  
[2023/09/06 16:05:36 905] isr        1547 ASR_MSG_AUW,   local  
[2023/09/06 16:05:36 906] isr        1559 3200  2  
[2023/09/06 16:05:37 005] isr        1547 ASR_MSG_AUW,   local  
[2023/09/06 16:05:37 006] isr        1559 3200  2  
[2023/09/06 16:05:37 106] isr        1547 ASR_MSG_AUW,   local  
[2023/09/06 16:05:37 106] isr        1559 3200  2  
[2023/09/06 16:05:37 206] isr        1547 ASR_MSG_AUW,   local  
[2023/09/06 16:05:37 206] isr        1559 3200  2  
[2023/09/06 16:05:37 306] isr        1547 ASR_MSG_AUW,   local  
[2023/09/06 16:05:37 306] isr        1559 3200  2  
[2023/09/06 16:05:37 406] isr        1547 ASR_MSG_AUW,   local  
[2023/09/06 16:05:37 406] isr        1559 3200  2  
[2023/09/06 16:05:37 506] isr        1547 ASR_MSG_AUW,   local  
[2023/09/06 16:05:37 506] isr        1559 3200  2  
[2023/09/06 16:05:37 605] isr        1547 ASR_MSG_AUW,   local  
[2023/09/06 16:05:37 605] isr        1559 3200  2  
[2023/09/06 16:05:37 705] isr        1547 ASR_MSG_AUW,   local  
[2023/09/06 16:05:37 705] isr        1559 3200  2  
[2023/09/06 16:05:37 805] isr        1547 ASR_MSG_AUW,   local  
[2023/09/06 16:05:37 805] isr        1559 3200  2  
[2023/09/06 16:05:37 905] isr        1547 ASR_MSG_AUW,   local  
[2023/09/06 16:05:37 905] isr        1559 3200  2  
[2023/09/06 16:05:38 005] isr        1547 ASR_MSG_AUW,   local  
[2023/09/06 16:05:38 005] isr        1559 3200  2  
[2023/09/06 16:05:38 105] isr        1547 ASR_MSG_AUW,   local  
[2023/09/06 16:05:38 105] isr        1559 3200  2  
[2023/09/06 16:05:38 205] isr        1547 ASR_MSG_AUW,   local  
[2023/09/06 16:05:38 205] isr        1559 3200  2  
[2023/09/06 16:05:38 303] isr        1547 ASR_MSG_AUW,   local  
[2023/09/06 16:05:38 304] isr        1559 0  4  
[2023/09/06 16:05:38 304] isr        1592 aud end, USER  
[2023/09/06 16:05:38 306] isr        854  [aud] speech end  
[2023/09/06 16:05:38 306] isr        798  3  msc  
[2023/09/06 16:05:38 306] isr        1636 ASR_MSG_GRSLT,   local  
[2023/09/06 16:05:38 307] isr        1307 0  nil  2  
[2023/09/06 16:05:38 308] isr        723  local_cbmsg_handler  ,msg=  406  param1=  nil  
[2023/09/06 16:05:38 308] isr        1636 ASR_MSG_GRSLT,   local  
[2023/09/06 16:05:38 308] isr        1307 0  nil  2  
[2023/09/06 16:05:38 309] isr        1636 ASR_MSG_GRSLT,   local  
[2023/09/06 16:05:38 309] isr        1307 0  nil  2  
[2023/09/06 16:05:38 309] isr        1636 ASR_MSG_GRSLT,   local  
[2023/09/06 16:05:38 309] isr        1307 0  nil  2  
[2023/09/06 16:05:38 310] isr        1636 ASR_MSG_GRSLT,   local  
[2023/09/06 16:05:38 310] isr        1307 0  nil  2  
[2023/09/06 16:05:38 310] isr        1636 ASR_MSG_GRSLT,   local  
[2023/09/06 16:05:38 310] isr        1307 0  nil  2  
[2023/09/06 16:05:38 310] isr        1636 ASR_MSG_GRSLT,   local  
[2023/09/06 16:05:38 310] isr        1307 0  nil  2  
[2023/09/06 16:05:38 311] isr        1636 ASR_MSG_GRSLT,   local  
[2023/09/06 16:05:38 311] isr        1307 0  nil  2  
[2023/09/06 16:05:38 311] isr        1636 ASR_MSG_GRSLT,   local  
[2023/09/06 16:05:38 311] isr        1307 0  nil  2  
[2023/09/06 16:05:38 311] isr        1636 ASR_MSG_GRSLT,   local  
[2023/09/06 16:05:38 311] isr        1307 0  nil  2  
[2023/09/06 16:05:38 312] isr        1636 ASR_MSG_GRSLT,   local  
[2023/09/06 16:05:38 312] isr        1307 0  nil  2  
[2023/09/06 16:05:38 312] isr        1636 ASR_MSG_GRSLT,   local  
[2023/09/06 16:05:38 312] isr        1307 0  nil  2  
[2023/09/06 16:05:38 313] isr        1636 ASR_MSG_GRSLT,   local  
[2023/09/06 16:05:38 313] isr        1307 0  nil  2  
[2023/09/06 16:05:38 313] isr        1636 ASR_MSG_GRSLT,   local  
[2023/09/06 16:05:38 313] isr        1307 0  nil  2  
[2023/09/06 16:05:38 313] isr        1636 ASR_MSG_GRSLT,   local  
[2023/09/06 16:05:38 313] isr        1307 0  nil  2  
[2023/09/06 16:05:38 314] isr        1636 ASR_MSG_GRSLT,   local  
[2023/09/06 16:05:38 314] isr        1307 0  nil  2  
[2023/09/06 16:05:38 314] isr        1636 ASR_MSG_GRSLT,   local  
[2023/09/06 16:05:38 314] isr        1307 0  nil  2  
[2023/09/06 16:05:38 314] isr        1636 ASR_MSG_GRSLT,   local  
[2023/09/06 16:05:38 315] isr        1307 0  nil  2  
[2023/09/06 16:05:38 315] isr        1636 ASR_MSG_GRSLT,   local  
[2023/09/06 16:05:38 315] isr        1307 0  nil  2  
[2023/09/06 16:05:38 315] isr        1636 ASR_MSG_GRSLT,   local  
[2023/09/06 16:05:38 315] isr        1307 0  nil  2  
[2023/09/06 16:05:38 316] isr        1636 ASR_MSG_GRSLT,   local  
[2023/09/06 16:05:38 316] isr        1307 0  nil  2  
[2023/09/06 16:05:38 316] isr        1636 ASR_MSG_GRSLT,   local  
[2023/09/06 16:05:38 316] isr        1307 0  nil  2  
[2023/09/06 16:05:38 316] isr        1636 ASR_MSG_GRSLT,   local  
[2023/09/06 16:05:38 316] isr        1307 0  nil  2  
[2023/09/06 16:05:38 317] isr        1636 ASR_MSG_GRSLT,   local  
[2023/09/06 16:05:38 317] isr        1307 0  nil  2  
[2023/09/06 16:05:38 317] isr        1636 ASR_MSG_GRSLT,   local  
[2023/09/06 16:05:38 317] isr        1307 0  nil  2  
[2023/09/06 16:05:38 317] isr        1636 ASR_MSG_GRSLT,   local  
[2023/09/06 16:05:38 317] isr        1307 0  nil  2  
[2023/09/06 16:05:38 318] isr        1636 ASR_MSG_GRSLT,   local  
[2023/09/06 16:05:38 318] isr        1307 0  nil  2  
[2023/09/06 16:05:38 318] isr        1636 ASR_MSG_GRSLT,   local  
[2023/09/06 16:05:38 318] isr        1307 0  nil  2  
[2023/09/06 16:05:38 319] isr        1636 ASR_MSG_GRSLT,   local  
[2023/09/06 16:05:38 319] isr        1307 0  nil  2  
[2023/09/06 16:05:38 319] isr        1636 ASR_MSG_GRSLT,   local  
[2023/09/06 16:05:38 319] isr        1307 0  nil  2  
[2023/09/06 16:05:38 319] isr        1636 ASR_MSG_GRSLT,   local  
[2023/09/06 16:05:38 319] isr        1307 0  nil  2  
[2023/09/06 16:05:38 320] isr        1636 ASR_MSG_GRSLT,   local  
[2023/09/06 16:05:38 320] isr        1307 0  nil  2  
[2023/09/06 16:05:38 320] isr        1636 ASR_MSG_GRSLT,   local  
[2023/09/06 16:05:38 320] isr        1307 0  nil  2  
[2023/09/06 16:05:38 320] isr        1636 ASR_MSG_GRSLT,   local  
[2023/09/06 16:05:38 320] isr        1307 0  nil  2  
[2023/09/06 16:05:38 321] isr        1636 ASR_MSG_GRSLT,   local  
[2023/09/06 16:05:38 321] isr        1307 0  nil  2  
[2023/09/06 16:05:38 321] isr        1636 ASR_MSG_GRSLT,   local  
[2023/09/06 16:05:38 321] isr        1307 0  nil  2  
[2023/09/06 16:05:38 321] isr        1636 ASR_MSG_GRSLT,   local  
[2023/09/06 16:05:38 322] isr        1307 0  nil  2  
[2023/09/06 16:05:38 322] isr        1636 ASR_MSG_GRSLT,   local  
[2023/09/06 16:05:38 322] isr        1307 0  nil  2  
[2023/09/06 16:05:38 322] isr        1636 ASR_MSG_GRSLT,   local  
[2023/09/06 16:05:38 322] isr        1307 0  nil  2  
[2023/09/06 16:05:38 323] isr        1636 ASR_MSG_GRSLT,   local  
[2023/09/06 16:05:38 323] isr        1307 0  nil  2  
[2023/09/06 16:05:38 323] isr        1636 ASR_MSG_GRSLT,   local  
[2023/09/06 16:05:38 323] isr        1307 0  nil  2  
[2023/09/06 16:05:38 323] isr        1636 ASR_MSG_GRSLT,   local  
[2023/09/06 16:05:38 323] isr        1307 0  nil  2  
[2023/09/06 16:05:38 324] isr        1636 ASR_MSG_GRSLT,   local  
[2023/09/06 16:05:38 324] isr        1307 0  nil  2  
[2023/09/06 16:05:38 324] isr        1636 ASR_MSG_GRSLT,   local  
[2023/09/06 16:05:38 324] isr        1307 0  nil  2  
[2023/09/06 16:05:38 324] isr        1636 ASR_MSG_GRSLT,   local  
[2023/09/06 16:05:38 324] isr        1307 0  nil  2  
[2023/09/06 16:05:38 325] isr        1636 ASR_MSG_GRSLT,   local  
[2023/09/06 16:05:38 325] isr        1307 0  nil  2  
[2023/09/06 16:05:38 325] isr        1636 ASR_MSG_GRSLT,   local  
[2023/09/06 16:05:38 325] isr        1307 0  nil  2  
[2023/09/06 16:05:38 326] isr        1636 ASR_MSG_GRSLT,   local  
[2023/09/06 16:05:38 326] isr        1307 0  nil  2  
[2023/09/06 16:05:38 326] isr        1636 ASR_MSG_GRSLT,   local  
[2023/09/06 16:05:38 326] isr        1307 0  nil  2  
[2023/09/06 16:05:38 326] isr        1636 ASR_MSG_GRSLT,   local  
[2023/09/06 16:05:38 326] isr        1307 0  nil  2  
[2023/09/06 16:05:38 327] isr        1636 ASR_MSG_GRSLT,   local  
[2023/09/06 16:05:38 327] isr        1307 0  nil  2  
[2023/09/06 16:05:38 327] isr        1636 ASR_MSG_GRSLT,   local  
[2023/09/06 16:05:38 327] isr        1307 0  nil  2  
[2023/09/06 16:05:38 327] isr        1636 ASR_MSG_GRSLT,   local  
[2023/09/06 16:05:38 327] isr        1307 0  nil  2  
[2023/09/06 16:05:38 328] isr        1636 ASR_MSG_GRSLT,   local  
[2023/09/06 16:05:38 328] isr        1307 0  nil  2  
[2023/09/06 16:05:38 328] isr        1636 ASR_MSG_GRSLT,   local  
[2023/09/06 16:05:38 328] isr        1307 0  nil  2  
[2023/09/06 16:05:38 328] isr        1636 ASR_MSG_GRSLT,   local  
[2023/09/06 16:05:38 328] isr        1307 0  nil  2  
[2023/09/06 16:05:38 329] isr        1636 ASR_MSG_GRSLT,   local  
[2023/09/06 16:05:38 329] isr        1307 0  nil  2  
[2023/09/06 16:05:38 329] isr        1636 ASR_MSG_GRSLT,   local  
[2023/09/06 16:05:38 329] isr        1307 0  nil  2  
[2023/09/06 16:05:38 330] isr        1636 ASR_MSG_GRSLT,   local  
[2023/09/06 16:05:38 330] isr        1307 0  nil  2  
[2023/09/06 16:05:38 330] isr        1636 ASR_MSG_GRSLT,   local  
[2023/09/06 16:05:38 330] isr        1307 0  nil  2  
[2023/09/06 16:05:38 330] isr        1636 ASR_MSG_GRSLT,   local  
[2023/09/06 16:05:38 330] isr        1307 0  nil  2  
[2023/09/06 16:05:38 331] isr        1636 ASR_MSG_GRSLT,   local  
[2023/09/06 16:05:38 331] isr        1307 0  nil  2  
[2023/09/06 16:05:38 331] isr        1636 ASR_MSG_GRSLT,   local  
[2023/09/06 16:05:38 331] isr        1307 0  nil  2  
[2023/09/06 16:05:38 331] isr        1636 ASR_MSG_GRSLT,   local  
[2023/09/06 16:05:38 331] isr        1307 0  nil  2  
[2023/09/06 16:05:38 332] isr        1636 ASR_MSG_GRSLT,   local  
[2023/09/06 16:05:38 332] isr        1307 0  nil  2  
[2023/09/06 16:05:38 332] isr        1636 ASR_MSG_GRSLT,   local  
[2023/09/06 16:05:38 332] isr        1307 0  nil  2  
[2023/09/06 16:05:38 332] isr        1636 ASR_MSG_GRSLT,   local  
[2023/09/06 16:05:38 332] isr        1307 0  nil  2  
[2023/09/06 16:05:38 333] isr        1636 ASR_MSG_GRSLT,   local  
[2023/09/06 16:05:38 333] isr        1307 0  nil  2  
[2023/09/06 16:05:38 333] isr        1636 ASR_MSG_GRSLT,   local  
[2023/09/06 16:05:38 333] isr        1307 0  nil  2  
[2023/09/06 16:05:38 333] isr        1636 ASR_MSG_GRSLT,   local  
[2023/09/06 16:05:38 334] isr        1307 0  nil  2  
[2023/09/06 16:05:38 334] isr        1636 ASR_MSG_GRSLT,   local  
[2023/09/06 16:05:38 334] isr        1307 0  nil  2  
[2023/09/06 16:05:38 334] isr        1636 ASR_MSG_GRSLT,   local  
[2023/09/06 16:05:38 334] isr        1307 0  nil  2  
[2023/09/06 16:05:38 335] isr        1636 ASR_MSG_GRSLT,   local  
[2023/09/06 16:05:38 335] isr        1307 0  nil  2  
[2023/09/06 16:05:38 335] isr        1636 ASR_MSG_GRSLT,   local  
[2023/09/06 16:05:38 335] isr        1307 0  nil  2  
[2023/09/06 16:05:38 335] isr        1636 ASR_MSG_GRSLT,   local  
[2023/09/06 16:05:38 335] isr        1307 0  nil  2  
[2023/09/06 16:05:38 336] isr        1636 ASR_MSG_GRSLT,   local  
[2023/09/06 16:05:38 336] isr        1307 0  nil  2  
[2023/09/06 16:05:38 336] isr        1636 ASR_MSG_GRSLT,   local  
[2023/09/06 16:05:38 336] isr        1307 0  nil  2  
[2023/09/06 16:05:38 336] isr        1636 ASR_MSG_GRSLT,   local  
[2023/09/06 16:05:38 336] isr        1307 0  nil  2  
[2023/09/06 16:05:38 337] isr        1636 ASR_MSG_GRSLT,   local  
[2023/09/06 16:05:38 337] isr        1307 0  nil  2  
[2023/09/06 16:05:38 337] isr        1636 ASR_MSG_GRSLT,   local  
[2023/09/06 16:05:38 337] isr        1307 0  nil  2  
[2023/09/06 16:05:38 337] isr        1636 ASR_MSG_GRSLT,   local  
[2023/09/06 16:05:38 338] isr        1307 0  nil  2  
[2023/09/06 16:05:38 338] isr        1636 ASR_MSG_GRSLT,   local  
[2023/09/06 16:05:38 338] isr        1307 0  nil  2  
[2023/09/06 16:05:38 338] isr        1636 ASR_MSG_GRSLT,   local  
[2023/09/06 16:05:38 338] isr        1307 0  nil  2  
[2023/09/06 16:05:38 339] isr        1636 ASR_MSG_GRSLT,   local  
[2023/09/06 16:05:38 339] isr        1307 0  nil  2  
[2023/09/06 16:05:38 339] isr        1636 ASR_MSG_GRSLT,   local  
[2023/09/06 16:05:38 339] isr        1307 0  nil  2  
[2023/09/06 16:05:38 339] isr        1636 ASR_MSG_GRSLT,   local  
[2023/09/06 16:05:38 339] isr        1307 0  nil  2  
[2023/09/06 16:05:38 340] isr        1636 ASR_MSG_GRSLT,   local  
[2023/09/06 16:05:38 340] isr        1307 0  nil  2  
[2023/09/06 16:05:38 340] isr        1636 ASR_MSG_GRSLT,   local  
[2023/09/06 16:05:38 340] isr        1307 0  nil  2  
[2023/09/06 16:05:38 340] isr        1636 ASR_MSG_GRSLT,   local  
[2023/09/06 16:05:38 340] isr        1307 0  nil  2  
[2023/09/06 16:05:38 341] isr        1636 ASR_MSG_GRSLT,   local  
[2023/09/06 16:05:38 341] isr        1307 0  nil  2  
[2023/09/06 16:05:38 341] isr        1636 ASR_MSG_GRSLT,   local  
[2023/09/06 16:05:38 341] isr        1307 0  nil  2  
[2023/09/06 16:05:38 341] isr        1636 ASR_MSG_GRSLT,   local  
[2023/09/06 16:05:38 341] isr        1307 0  nil  2  
[2023/09/06 16:05:38 342] isr        1636 ASR_MSG_GRSLT,   local  
[2023/09/06 16:05:38 342] isr        1307 0  nil  2  
[2023/09/06 16:05:38 342] isr        1636 ASR_MSG_GRSLT,   local  
[2023/09/06 16:05:38 342] isr        1307 0  nil  2  
[2023/09/06 16:05:38 343] isr        1636 ASR_MSG_GRSLT,   local  
[2023/09/06 16:05:38 343] isr        1307 0  nil  2  
[2023/09/06 16:05:38 343] isr        1636 ASR_MSG_GRSLT,   local  
[2023/09/06 16:05:38 343] isr        1307 0  nil  2  
[2023/09/06 16:05:38 343] isr        1636 ASR_MSG_GRSLT,   local  
[2023/09/06 16:05:38 343] isr        1307 0  nil  2  
[2023/09/06 16:05:38 344] isr        1636 ASR_MSG_GRSLT,   local  
[2023/09/06 16:05:38 344] isr        1307 0  nil  2  
[2023/09/06 16:05:38 344] isr        1636 ASR_MSG_GRSLT,   local  
[2023/09/06 16:05:38 344] isr        1307 0  nil  2  
[2023/09/06 16:05:38 344] isr        1636 ASR_MSG_GRSLT,   local  
[2023/09/06 16:05:38 344] isr        1307 0  nil  2  
[2023/09/06 16:05:38 345] isr        1636 ASR_MSG_GRSLT,   local  
[2023/09/06 16:05:38 345] isr        1307 0  nil  2  
[2023/09/06 16:05:38 345] isr        1636 ASR_MSG_GRSLT,   local  
[2023/09/06 16:05:38 345] isr        1307 0  nil  2  
[2023/09/06 16:05:38 346] isr        1636 ASR_MSG_GRSLT,   local  
[2023/09/06 16:05:38 346] isr        1307 0  nil  2  
[2023/09/06 16:05:38 346] isr        1636 ASR_MSG_GRSLT,   local  
[2023/09/06 16:05:38 346] isr        1307 0  nil  2  
[2023/09/06 16:05:38 347] isr        1636 ASR_MSG_GRSLT,   local  
[2023/09/06 16:05:38 347] isr        1307 0  nil  2  
[2023/09/06 16:05:38 347] isr        1636 ASR_MSG_GRSLT,   local  
[2023/09/06 16:05:38 347] isr        1307 0  nil  2  
[2023/09/06 16:05:38 347] isr        1636 ASR_MSG_GRSLT,   local  
[2023/09/06 16:05:38 347] isr        1307 0  nil  2  
[2023/09/06 16:05:38 348] isr        1636 ASR_MSG_GRSLT,   local  
[2023/09/06 16:05:38 348] isr        1307 0  nil  2  
[2023/09/06 16:05:38 348] isr        1636 ASR_MSG_GRSLT,   local  
[2023/09/06 16:05:38 348] isr        1307 0  nil  2  
[2023/09/06 16:05:38 349] isr        1636 ASR_MSG_GRSLT,   local  
[2023/09/06 16:05:38 349] isr        1307 0  nil  2  
[2023/09/06 16:05:38 349] isr        1636 ASR_MSG_GRSLT,   local  
[2023/09/06 16:05:38 349] isr        1307 0  nil  2  
[2023/09/06 16:05:38 349] isr        1636 ASR_MSG_GRSLT,   local  
[2023/09/06 16:05:38 349] isr        1307 0  nil  2  
[2023/09/06 16:05:38 350] isr        1636 ASR_MSG_GRSLT,   local  
[2023/09/06 16:05:38 350] isr        1307 0  nil  2  
[2023/09/06 16:05:38 350] isr        1636 ASR_MSG_GRSLT,   local  
[2023/09/06 16:05:38 350] isr        1307 0  nil  2  
[2023/09/06 16:05:38 350] isr        1636 ASR_MSG_GRSLT,   local  
[2023/09/06 16:05:38 350] isr        1307 0  nil  2  
[2023/09/06 16:05:38 351] isr        1636 ASR_MSG_GRSLT,   local  
[2023/09/06 16:05:38 351] isr        1307 0  nil  2  
[2023/09/06 16:05:38 351] isr        1636 ASR_MSG_GRSLT,   local  
[2023/09/06 16:05:38 351] isr        1307 0  nil  2  
[2023/09/06 16:05:38 352] isr        1636 ASR_MSG_GRSLT,   local  
[2023/09/06 16:05:38 352] isr        1307 0  nil  2  
[2023/09/06 16:05:38 352] isr        1636 ASR_MSG_GRSLT,   local  
[2023/09/06 16:05:38 352] isr        1307 0  nil  2  
[2023/09/06 16:05:38 352] isr        1636 ASR_MSG_GRSLT,   local  
[2023/09/06 16:05:38 352] isr        1307 0  nil  2  
[2023/09/06 16:05:38 353] isr        1636 ASR_MSG_GRSLT,   local  
[2023/09/06 16:05:38 353] isr        1307 0  nil  2  
[2023/09/06 16:05:38 353] isr        1636 ASR_MSG_GRSLT,   local  
[2023/09/06 16:05:38 353] isr        1307 0  nil  2  
[2023/09/06 16:05:38 353] isr        1636 ASR_MSG_GRSLT,   local  
[2023/09/06 16:05:38 353] isr        1307 0  nil  2  
[2023/09/06 16:05:38 354] isr        1636 ASR_MSG_GRSLT,   local  
[2023/09/06 16:05:38 354] isr        1307 0  nil  2  
[2023/09/06 16:05:38 354] isr        1636 ASR_MSG_GRSLT,   local  
[2023/09/06 16:05:38 354] isr        1307 0  nil  2  
[2023/09/06 16:05:38 355] isr        1636 ASR_MSG_GRSLT,   local  
[2023/09/06 16:05:38 355] isr        1307 0  nil  2  
[2023/09/06 16:05:38 355] isr        1636 ASR_MSG_GRSLT,   local  
[2023/09/06 16:05:38 355] isr        1307 0  nil  2  
[2023/09/06 16:05:38 355] isr        1636 ASR_MSG_GRSLT,   local  
[2023/09/06 16:05:38 355] isr        1307 0  nil  2  
[2023/09/06 16:05:38 356] isr        1636 ASR_MSG_GRSLT,   local  
[2023/09/06 16:05:38 356] isr        1307 0  nil  2  
[2023/09/06 16:05:38 356] isr        1636 ASR_MSG_GRSLT,   local  
[2023/09/06 16:05:38 356] isr        1307 0  nil  2  
[2023/09/06 16:05:38 356] isr        1636 ASR_MSG_GRSLT,   local  
[2023/09/06 16:05:38 356] isr        1307 0  nil  2  
[2023/09/06 16:05:38 357] isr        1636 ASR_MSG_GRSLT,   local  
[2023/09/06 16:05:38 357] isr        1307 0  nil  2  
[2023/09/06 16:05:38 357] isr        1636 ASR_MSG_GRSLT,   local  
[2023/09/06 16:05:38 357] isr        1307 0  nil  2  
[2023/09/06 16:05:38 357] isr        1636 ASR_MSG_GRSLT,   local  
[2023/09/06 16:05:38 358] isr        1307 0  nil  2  
[2023/09/06 16:05:38 358] isr        1636 ASR_MSG_GRSLT,   local  
[2023/09/06 16:05:38 358] isr        1307 0  nil  2  
[2023/09/06 16:05:38 358] isr        1636 ASR_MSG_GRSLT,   local  
[2023/09/06 16:05:38 358] isr        1307 0  nil  2  
[2023/09/06 16:05:38 359] isr        1636 ASR_MSG_GRSLT,   local  
[2023/09/06 16:05:38 359] isr        1307 0  nil  2  
[2023/09/06 16:05:38 359] isr        1636 ASR_MSG_GRSLT,   local  
[2023/09/06 16:05:38 359] isr        1307 0  nil  2  
[2023/09/06 16:05:38 359] isr        1636 ASR_MSG_GRSLT,   local  
[2023/09/06 16:05:38 359] isr        1307 0  nil  2  
[2023/09/06 16:05:38 360] isr        1636 ASR_MSG_GRSLT,   local  
[2023/09/06 16:05:38 360] isr        1307 0  nil  2  
[2023/09/06 16:05:38 360] isr        1636 ASR_MSG_GRSLT,   local  
[2023/09/06 16:05:38 360] isr        1307 0  nil  2  
[2023/09/06 16:05:38 360] isr        1636 ASR_MSG_GRSLT,   local  
[2023/09/06 16:05:38 360] isr        1307 0  nil  2  
[2023/09/06 16:05:38 361] isr        1636 ASR_MSG_GRSLT,   local  
[2023/09/06 16:05:38 361] isr        1307 0  nil  2  
[2023/09/06 16:05:38 361] isr        1636 ASR_MSG_GRSLT,   local  
[2023/09/06 16:05:38 361] isr        1307 0  nil  2  
[2023/09/06 16:05:38 361] isr        1636 ASR_MSG_GRSLT,   local  
[2023/09/06 16:05:38 362] isr        1307 0  nil  2  
[2023/09/06 16:05:38 362] isr        1636 ASR_MSG_GRSLT,   local  
[2023/09/06 16:05:38 362] isr        1307 0  nil  2  
[2023/09/06 16:05:38 362] isr        1636 ASR_MSG_GRSLT,   local  
[2023/09/06 16:05:38 363] isr        1307 0  nil  2  
[2023/09/06 16:05:38 363] isr        1636 ASR_MSG_GRSLT,   local  
[2023/09/06 16:05:38 364] isr        1307 0  nil  2  
[2023/09/06 16:05:38 365] isr        1636 ASR_MSG_GRSLT,   local  
[2023/09/06 16:05:38 365] isr        1307 0  nil  2  
[2023/09/06 16:05:38 366] isr        1636 ASR_MSG_GRSLT,   local  
[2023/09/06 16:05:38 367] isr        1307 0  nil  2  
[2023/09/06 16:05:38 368] isr        1636 ASR_MSG_GRSLT,   local  
[2023/09/06 16:05:38 369] isr        1307 0  nil  2  
[2023/09/06 16:05:38 370] isr        1636 ASR_MSG_GRSLT,   local  
[2023/09/06 16:05:38 370] isr        1307 0  nil  2  
[2023/09/06 16:05:38 370] isr        1636 ASR_MSG_GRSLT,   local  
[2023/09/06 16:05:38 370] isr        1307 0  nil  2  
[2023/09/06 16:05:38 370] isr        1636 ASR_MSG_GRSLT,   local  
[2023/09/06 16:05:38 370] isr        1307 0  nil  2  
[2023/09/06 16:05:38 371] isr        1636 ASR_MSG_GRSLT,   local  
[2023/09/06 16:05:38 371] isr        1307 0  nil  2  
[2023/09/06 16:05:38 371] isr        1636 ASR_MSG_GRSLT,   local  
[2023/09/06 16:05:38 371] isr        1307 0  nil  2  
[2023/09/06 16:05:38 371] isr        1636 ASR_MSG_GRSLT,   local  
[2023/09/06 16:05:38 371] isr        1307 0  nil  2  
[2023/09/06 16:05:38 372] isr        1636 ASR_MSG_GRSLT,   local  
[2023/09/06 16:05:38 372] isr        1307 0  nil  2  
[2023/09/06 16:05:38 372] isr        1636 ASR_MSG_GRSLT,   local  
[2023/09/06 16:05:38 372] isr        1307 0  nil  2  
[2023/09/06 16:05:38 372] isr        1636 ASR_MSG_GRSLT,   local  
[2023/09/06 16:05:38 373] isr        1307 0  nil  2  
[2023/09/06 16:05:38 373] isr        1636 ASR_MSG_GRSLT,   local  
[2023/09/06 16:05:38 373] isr        1307 0  nil  2  
[2023/09/06 16:05:38 373] isr        1636 ASR_MSG_GRSLT,   local  
[2023/09/06 16:05:38 373] isr        1307 0  nil  2  
[2023/09/06 16:05:38 374] isr        1636 ASR_MSG_GRSLT,   local  
[2023/09/06 16:05:38 374] isr        1307 0  nil  2  
[2023/09/06 16:05:38 374] isr        1636 ASR_MSG_GRSLT,   local  
[2023/09/06 16:05:38 374] isr        1307 0  nil  2  
[2023/09/06 16:05:38 374] isr        1636 ASR_MSG_GRSLT,   local  
[2023/09/06 16:05:38 374] isr        1307 0  nil  2  
[2023/09/06 16:05:38 375] isr        1636 ASR_MSG_GRSLT,   local  
[2023/09/06 16:05:38 375] isr        1307 0  nil  2  
[2023/09/06 16:05:38 375] isr        1636 ASR_MSG_GRSLT,   local  
[2023/09/06 16:05:38 375] isr        1307 0  nil  2  
[2023/09/06 16:05:38 375] isr        1636 ASR_MSG_GRSLT,   local  
[2023/09/06 16:05:38 375] isr        1307 0  nil  2  
[2023/09/06 16:05:38 376] isr        1636 ASR_MSG_GRSLT,   local  
[2023/09/06 16:05:38 376] isr        1307 0  nil  2  
[2023/09/06 16:05:38 376] isr        1636 ASR_MSG_GRSLT,   local  
[2023/09/06 16:05:38 376] isr        1307 0  nil  2  
[2023/09/06 16:05:38 376] isr        1636 ASR_MSG_GRSLT,   local  
[2023/09/06 16:05:38 377] isr        1307 0  nil  2  
[2023/09/06 16:05:38 377] isr        1636 ASR_MSG_GRSLT,   local  
[2023/09/06 16:05:38 377] isr        1307 0  nil  2  
[2023/09/06 16:05:38 377] isr        1636 ASR_MSG_GRSLT,   local  
[2023/09/06 16:05:38 377] isr        1307 0  nil  2  
[2023/09/06 16:05:38 378] isr        1636 ASR_MSG_GRSLT,   local  
[2023/09/06 16:05:38 378] isr        1307 0  nil  2  
[2023/09/06 16:05:38 378] isr        1636 ASR_MSG_GRSLT,   local  
[2023/09/06 16:05:38 378] isr        1307 0  nil  2  
[2023/09/06 16:05:38 378] isr        1636 ASR_MSG_GRSLT,   local  
[2023/09/06 16:05:38 378] isr        1307 0  nil  2  
[2023/09/06 16:05:38 379] isr        1636 ASR_MSG_GRSLT,   local  
[2023/09/06 16:05:38 379] isr        1307 0  nil  2  
[2023/09/06 16:05:38 379] isr        1636 ASR_MSG_GRSLT,   local  
[2023/09/06 16:05:38 379] isr        1307 0  nil  2  
[2023/09/06 16:05:38 379] isr        1636 ASR_MSG_GRSLT,   local  
[2023/09/06 16:05:38 379] isr        1307 0  nil  2  
[2023/09/06 16:05:38 380] isr        1636 ASR_MSG_GRSLT,   local  
[2023/09/06 16:05:38 380] isr        1307 0  nil  2  
[2023/09/06 16:05:38 380] isr        1636 ASR_MSG_GRSLT,   local  
[2023/09/06 16:05:38 380] isr        1307 0  nil  2  
[2023/09/06 16:05:38 380] isr        1636 ASR_MSG_GRSLT,   local  
[2023/09/06 16:05:38 380] isr        1307 0  nil  2  
[2023/09/06 16:05:38 381] isr        1636 ASR_MSG_GRSLT,   local  
[2023/09/06 16:05:38 381] isr        1307 0  nil  2  
[2023/09/06 16:05:38 381] isr        1636 ASR_MSG_GRSLT,   local  
[2023/09/06 16:05:38 381] isr        1307 0  nil  2  
[2023/09/06 16:05:38 382] isr        1636 ASR_MSG_GRSLT,   local  
[2023/09/06 16:05:38 382] isr        1307 0  nil  2  
[2023/09/06 16:05:38 382] isr        1636 ASR_MSG_GRSLT,   local  
[2023/09/06 16:05:38 382] isr        1307 0  nil  2  
[2023/09/06 16:05:38 382] isr        1636 ASR_MSG_GRSLT,   local  
[2023/09/06 16:05:38 382] isr        1307 0  nil  2  
[2023/09/06 16:05:38 383] isr        1636 ASR_MSG_GRSLT,   local  
[2023/09/06 16:05:38 383] isr        1307 0  nil  2  
[2023/09/06 16:05:38 383] isr        1636 ASR_MSG_GRSLT,   local  
[2023/09/06 16:05:38 383] isr        1307 0  nil  2  
[2023/09/06 16:05:38 384] isr        1636 ASR_MSG_GRSLT,   local  
[2023/09/06 16:05:38 384] isr        1307 0  nil  2  
[2023/09/06 16:05:38 384] isr        1636 ASR_MSG_GRSLT,   local  
[2023/09/06 16:05:38 384] isr        1307 0  nil  2  
[2023/09/06 16:05:38 384] isr        1636 ASR_MSG_GRSLT,   local  
[2023/09/06 16:05:38 384] isr        1307 0  nil  2  
[2023/09/06 16:05:38 385] isr        1636 ASR_MSG_GRSLT,   local  
[2023/09/06 16:05:38 385] isr        1307 0  nil  2  
[2023/09/06 16:05:38 385] isr        1636 ASR_MSG_GRSLT,   local  
[2023/09/06 16:05:38 385] isr        1307 0  nil  2  
[2023/09/06 16:05:38 386] isr        1636 ASR_MSG_GRSLT,   local  
[2023/09/06 16:05:38 386] isr        1307 0  nil  2  
[2023/09/06 16:05:38 386] isr        1636 ASR_MSG_GRSLT,   local  
[2023/09/06 16:05:38 386] isr        1307 0  nil  2  
[2023/09/06 16:05:38 386] isr        1636 ASR_MSG_GRSLT,   local  
[2023/09/06 16:05:38 387] isr        1307 0  nil  2  
[2023/09/06 16:05:38 387] isr        1636 ASR_MSG_GRSLT,   local  
[2023/09/06 16:05:38 387] isr        1307 0  nil  2  
[2023/09/06 16:05:38 387] isr        1636 ASR_MSG_GRSLT,   local  
[2023/09/06 16:05:38 387] isr        1307 0  nil  2  
[2023/09/06 16:05:38 388] isr        1636 ASR_MSG_GRSLT,   local  
[2023/09/06 16:05:38 388] isr        1307 0  nil  2  
[2023/09/06 16:05:38 388] isr        1636 ASR_MSG_GRSLT,   local  
[2023/09/06 16:05:38 388] isr        1307 0  nil  2  
[2023/09/06 16:05:38 389] isr        1636 ASR_MSG_GRSLT,   local  
[2023/09/06 16:05:38 389] isr        1307 0  nil  2  
[2023/09/06 16:05:38 389] isr        1636 ASR_MSG_GRSLT,   local  
[2023/09/06 16:05:38 389] isr        1307 0  nil  2  
[2023/09/06 16:05:38 390] isr        1636 ASR_MSG_GRSLT,   local  
[2023/09/06 16:05:38 390] isr        1307 0  nil  2  
[2023/09/06 16:05:38 390] isr        1636 ASR_MSG_GRSLT,   local  
[2023/09/06 16:05:38 390] isr        1307 0  nil  2  
[2023/09/06 16:05:38 391] isr        1636 ASR_MSG_GRSLT,   local  
[2023/09/06 16:05:38 391] isr        1307 0  nil  2  
[2023/09/06 16:05:38 391] isr        1636 ASR_MSG_GRSLT,   local  
[2023/09/06 16:05:38 391] isr        1307 0  nil  2  
[2023/09/06 16:05:38 391] isr        1636 ASR_MSG_GRSLT,   local  
[2023/09/06 16:05:38 391] isr        1307 0  nil  2  
[2023/09/06 16:05:38 392] isr        1636 ASR_MSG_GRSLT,   local  
[2023/09/06 16:05:38 392] isr        1307 0  nil  2  
[2023/09/06 16:05:38 392] isr        1636 ASR_MSG_GRSLT,   local  
[2023/09/06 16:05:38 392] isr        1307 0  nil  2  
[2023/09/06 16:05:38 393] isr        1636 ASR_MSG_GRSLT,   local  
[2023/09/06 16:05:38 393] isr        1307 0  nil  2  
[2023/09/06 16:05:38 393] isr        1636 ASR_MSG_GRSLT,   local  
[2023/09/06 16:05:38 393] isr        1307 0  nil  2  
[2023/09/06 16:05:38 393] isr        1636 ASR_MSG_GRSLT,   local  
[2023/09/06 16:05:38 393] isr        1307 0  nil  2  
[2023/09/06 16:05:38 394] isr        1636 ASR_MSG_GRSLT,   local  
[2023/09/06 16:05:38 394] isr        1307 0  nil  2  
[2023/09/06 16:05:38 394] isr        1636 ASR_MSG_GRSLT,   local  
[2023/09/06 16:05:38 394] isr        1307 0  nil  2  
[2023/09/06 16:05:38 394] isr        1636 ASR_MSG_GRSLT,   local  
[2023/09/06 16:05:38 395] isr        1307 0  nil  2  
[2023/09/06 16:05:38 395] isr        1636 ASR_MSG_GRSLT,   local  
[2023/09/06 16:05:38 395] isr        1307 0  nil  2  
[2023/09/06 16:05:38 395] isr        1636 ASR_MSG_GRSLT,   local  
[2023/09/06 16:05:38 395] isr        1307 0  nil  2  
[2023/09/06 16:05:38 396] isr        1636 ASR_MSG_GRSLT,   local  
[2023/09/06 16:05:38 396] isr        1307 0  nil  2  
[2023/09/06 16:05:38 396] isr        1636 ASR_MSG_GRSLT,   local  
[2023/09/06 16:05:38 396] isr        1307 0  nil  2  
[2023/09/06 16:05:38 396] isr        1636 ASR_MSG_GRSLT,   local  
[2023/09/06 16:05:38 396] isr        1307 0  nil  2  
[2023/09/06 16:05:38 397] isr        1636 ASR_MSG_GRSLT,   local  
[2023/09/06 16:05:38 397] isr        1307 0  nil  2  
[2023/09/06 16:05:38 397] isr        1636 ASR_MSG_GRSLT,   local  
[2023/09/06 16:05:38 397] isr        1307 0  nil  2  
[2023/09/06 16:05:38 398] isr        1636 ASR_MSG_GRSLT,   local  
[2023/09/06 16:05:38 398] isr        1307 0  nil  2  
[2023/09/06 16:05:38 398] isr        1636 ASR_MSG_GRSLT,   local  
[2023/09/06 16:05:38 398] isr        1307 0  nil  2  
[2023/09/06 16:05:38 398] isr        1636 ASR_MSG_GRSLT,   local  
[2023/09/06 16:05:38 400] isr        1307 0  nil  2  
[2023/09/06 16:05:38 400] isr        723  local_cbmsg_handler  ,msg=  407  param1=  nil  
[2023/09/06 16:05:38 400] isr        641  process_result call:  local  nil  0  2  
[2023/09/06 16:05:38 400] isr        798  3  msc  
[2023/09/06 16:05:38 400] isr        800  already speech end  
[2023/09/06 16:05:38 401] isr        723  local_cbmsg_handler  ,msg=  408  param1=  nil  
[2023/09/06 16:05:38 401] isr        734  local session recognized end!  
[2023/09/06 16:05:38 401] isr        1636 ASR_MSG_GRSLT,   local  
[2023/09/06 16:05:38 401] isr        1307 0  nil  5  
[2023/09/06 16:05:38 401] isr        1639 ASR_MSG_SSE,   local  
[2023/09/06 16:05:38 401] isr        1356 session_end() [in]  
[2023/09/06 16:05:38 401] isr        1377 local_session_end() [in]  
[2023/09/06 16:05:38 403] isr        1416 ASR_LOCAL_MSG_SSE net_type  nil  
[2023/09/06 16:05:38 406] isr        1667 isr unload!  
============================================================
Time  2023/09/06 16:05:39 116 
============================================================
[2023/09/06 16:05:39 116] isr        1659 isr loaded!  
[2023/09/06 16:05:39 117] isr        1642 SYS_MSG_REGCB param0 =   msp_status_cb  param1 =   func(68131690) 
[2023/09/06 16:05:39 118] isr        1537 ASR_MSG_SSB  
[2023/09/06 16:05:39 119] isr        1066 session_begin() [in], params:   engine_type = local, 		asr_res_path = fo|res/asr/common.jet, sample_rate = 16000, 		grm_build_path = res/asr/GrmBuilld, local_grammar = call, 		result_type = xml, result_encoding = UTF-8,   nil  
[2023/09/06 16:05:39 120] isr        927  vad_set [in]  
[2023/09/06 16:05:39 120] isr        962  vad_enable :  true  
[2023/09/06 16:05:39 120] isr        980  vad_bos :  10000  
[2023/09/06 16:05:39 121] isr        981  vad_eos :  2000  
[2023/09/06 16:05:39 121] isr        886  enable_vad [in]  
[2023/09/06 16:05:39 124] isr        918  vad enabled!  2000  10000  
[2023/09/06 16:05:39 124] isr        921  enable_vad [out]  
[2023/09/06 16:05:39 124] isr        987  vad_set [out] | ret =  0  
[2023/09/06 16:05:39 125] isr        1182 cur_engine_type =   local  
[2023/09/06 16:05:39 125] isr        992  local_session_begin  
[2023/09/06 16:05:39 237] isr        1547 ASR_MSG_AUW,   local  
[2023/09/06 16:05:39 237] isr        1559 3200  1  
[2023/09/06 16:05:39 237] isr        1569 once_bytes:   3200  
[2023/09/06 16:05:39 242] isr        851  [aud] speech start  
[2023/09/06 16:05:39 242] isr        798  1  msc  
[2023/09/06 16:05:39 341] isr        1547 ASR_MSG_AUW,   local  
[2023/09/06 16:05:39 342] isr        1559 3200  2  
[2023/09/06 16:05:39 437] isr        1547 ASR_MSG_AUW,   local  
[2023/09/06 16:05:39 437] isr        1559 3200  2  
[2023/09/06 16:05:39 541] isr        1547 ASR_MSG_AUW,   local  
[2023/09/06 16:05:39 542] isr        1559 3200  2  
[2023/09/06 16:05:39 641] isr        1547 ASR_MSG_AUW,   local  
[2023/09/06 16:05:39 641] isr        1559 3200  2  
[2023/09/06 16:05:39 741] isr        1547 ASR_MSG_AUW,   local  
[2023/09/06 16:05:39 741] isr        1559 3200  2  
[2023/09/06 16:05:39 841] isr        1547 ASR_MSG_AUW,   local  
[2023/09/06 16:05:39 841] isr        1559 3200  2  
[2023/09/06 16:05:39 941] isr        1547 ASR_MSG_AUW,   local  
[2023/09/06 16:05:39 941] isr        1559 3200  2  
[2023/09/06 16:05:40 041] isr        1547 ASR_MSG_AUW,   local  
[2023/09/06 16:05:40 041] isr        1559 3200  2  
[2023/09/06 16:05:40 138] isr        1547 ASR_MSG_AUW,   local  
[2023/09/06 16:05:40 138] isr        1559 3200  2  
[2023/09/06 16:05:40 237] isr        1547 ASR_MSG_AUW,   local  
[2023/09/06 16:05:40 237] isr        1559 3200  2  
[2023/09/06 16:05:40 341] isr        1547 ASR_MSG_AUW,   local  
[2023/09/06 16:05:40 341] isr        1559 3200  2  
[2023/09/06 16:05:40 441] isr        1547 ASR_MSG_AUW,   local  
[2023/09/06 16:05:40 441] isr        1559 3200  2  
[2023/09/06 16:05:40 541] isr        1547 ASR_MSG_AUW,   local  
[2023/09/06 16:05:40 542] isr        1559 3200  2  
[2023/09/06 16:05:40 557] isr        723  local_cbmsg_handler  ,msg=  404  param1=  nil  
[2023/09/06 16:05:40 641] isr        1547 ASR_MSG_AUW,   local  
[2023/09/06 16:05:40 641] isr        1559 3200  2  
[2023/09/06 16:05:40 736] isr        1547 ASR_MSG_AUW,   local  
[2023/09/06 16:05:40 736] isr        1559 3200  2  
[2023/09/06 16:05:40 836] isr        1547 ASR_MSG_AUW,   local  
[2023/09/06 16:05:40 836] isr        1559 3200  2  
[2023/09/06 16:05:40 936] isr        1547 ASR_MSG_AUW,   local  
[2023/09/06 16:05:40 936] isr        1559 3200  2  
[2023/09/06 16:05:41 036] isr        1547 ASR_MSG_AUW,   local  
[2023/09/06 16:05:41 036] isr        1559 3200  2  
[2023/09/06 16:05:41 136] isr        1547 ASR_MSG_AUW,   local  
[2023/09/06 16:05:41 136] isr        1559 3200  2  
[2023/09/06 16:05:41 236] isr        1547 ASR_MSG_AUW,   local  
[2023/09/06 16:05:41 236] isr        1559 3200  2  
[2023/09/06 16:05:41 336] isr        1547 ASR_MSG_AUW,   local  
[2023/09/06 16:05:41 336] isr        1559 3200  2  
[2023/09/06 16:05:41 436] isr        1547 ASR_MSG_AUW,   local  
[2023/09/06 16:05:41 436] isr        1559 3200  2  
[2023/09/06 16:05:41 536] isr        1547 ASR_MSG_AUW,   local  
[2023/09/06 16:05:41 536] isr        1559 3200  2  
[2023/09/06 16:05:41 636] isr        1547 ASR_MSG_AUW,   local  
[2023/09/06 16:05:41 636] isr        1559 3200  2  
[2023/09/06 16:05:41 736] isr        1547 ASR_MSG_AUW,   local  
[2023/09/06 16:05:41 736] isr        1559 3200  2  
[2023/09/06 16:05:41 836] isr        1547 ASR_MSG_AUW,   local  
[2023/09/06 16:05:41 836] isr        1559 3200  2  
[2023/09/06 16:05:41 936] isr        1547 ASR_MSG_AUW,   local  
[2023/09/06 16:05:41 936] isr        1559 3200  2  
[2023/09/06 16:05:42 036] isr        1547 ASR_MSG_AUW,   local  
[2023/09/06 16:05:42 036] isr        1559 3200  2  
[2023/09/06 16:05:42 134] isr        1547 ASR_MSG_AUW,   local  
[2023/09/06 16:05:42 134] isr        1559 0  4  
[2023/09/06 16:05:42 134] isr        1592 aud end, USER  
[2023/09/06 16:05:42 134] isr        1636 ASR_MSG_GRSLT,   local  
[2023/09/06 16:05:42 134] isr        1307 0  nil  2  
[2023/09/06 16:05:42 135] isr        1636 ASR_MSG_GRSLT,   local  
[2023/09/06 16:05:42 135] isr        1307 0  nil  2  
[2023/09/06 16:05:42 136] isr        1636 ASR_MSG_GRSLT,   local  
[2023/09/06 16:05:42 136] isr        1307 0  nil  2  
[2023/09/06 16:05:42 136] isr        1636 ASR_MSG_GRSLT,   local  
[2023/09/06 16:05:42 136] isr        1307 0  nil  2  
[2023/09/06 16:05:42 136] isr        1636 ASR_MSG_GRSLT,   local  
[2023/09/06 16:05:42 136] isr        1307 0  nil  2  
[2023/09/06 16:05:42 137] isr        1636 ASR_MSG_GRSLT,   local  
[2023/09/06 16:05:42 137] isr        1307 0  nil  2  
[2023/09/06 16:05:42 138] isr        1636 ASR_MSG_GRSLT,   local  
[2023/09/06 16:05:42 139] isr        1307 0  nil  2  
[2023/09/06 16:05:42 140] isr        1636 ASR_MSG_GRSLT,   local  
[2023/09/06 16:05:42 141] isr        1307 0  nil  2  
[2023/09/06 16:05:42 142] isr        1636 ASR_MSG_GRSLT,   local  
[2023/09/06 16:05:42 143] isr        1307 0  nil  2  
[2023/09/06 16:05:42 144] isr        1636 ASR_MSG_GRSLT,   local  
[2023/09/06 16:05:42 144] isr        1307 0  nil  2  
[2023/09/06 16:05:42 146] isr        1636 ASR_MSG_GRSLT,   local  
[2023/09/06 16:05:42 146] isr        1307 0  nil  2  
[2023/09/06 16:05:42 148] isr        854  [aud] speech end  
[2023/09/06 16:05:42 149] isr        798  3  msc  
[2023/09/06 16:05:42 154] isr        723  local_cbmsg_handler  ,msg=  406  param1=  nil  
[2023/09/06 16:05:42 155] isr        1636 ASR_MSG_GRSLT,   local  
[2023/09/06 16:05:42 155] isr        1307 0  nil  2  
[2023/09/06 16:05:42 157] isr        1636 ASR_MSG_GRSLT,   local  
[2023/09/06 16:05:42 157] isr        1307 0  nil  2  
[2023/09/06 16:05:42 159] isr        1636 ASR_MSG_GRSLT,   local  
[2023/09/06 16:05:42 159] isr        1307 0  nil  2  
[2023/09/06 16:05:42 160] isr        1636 ASR_MSG_GRSLT,   local  
[2023/09/06 16:05:42 160] isr        1307 0  nil  2  
[2023/09/06 16:05:42 162] isr        1636 ASR_MSG_GRSLT,   local  
[2023/09/06 16:05:42 162] isr        1307 0  nil  2  
[2023/09/06 16:05:42 163] isr        1636 ASR_MSG_GRSLT,   local  
[2023/09/06 16:05:42 164] isr        1307 0  nil  2  
[2023/09/06 16:05:42 165] isr        1636 ASR_MSG_GRSLT,   local  
[2023/09/06 16:05:42 165] isr        1307 0  nil  2  
[2023/09/06 16:05:42 166] isr        1636 ASR_MSG_GRSLT,   local  
[2023/09/06 16:05:42 167] isr        1307 0  nil  2  
[2023/09/06 16:05:42 168] isr        1636 ASR_MSG_GRSLT,   local  
[2023/09/06 16:05:42 168] isr        1307 0  nil  2  
[2023/09/06 16:05:42 169] isr        1636 ASR_MSG_GRSLT,   local  
[2023/09/06 16:05:42 170] isr        1307 0  nil  2  
[2023/09/06 16:05:42 171] isr        1636 ASR_MSG_GRSLT,   local  
[2023/09/06 16:05:42 171] isr        1307 0  nil  2  
[2023/09/06 16:05:42 173] isr        1636 ASR_MSG_GRSLT,   local  
[2023/09/06 16:05:42 173] isr        1307 0  nil  2  
[2023/09/06 16:05:42 174] isr        1636 ASR_MSG_GRSLT,   local  
[2023/09/06 16:05:42 175] isr        1307 0  nil  2  
[2023/09/06 16:05:42 176] isr        1636 ASR_MSG_GRSLT,   local  
[2023/09/06 16:05:42 177] isr        1307 0  nil  2  
[2023/09/06 16:05:42 178] isr        1636 ASR_MSG_GRSLT,   local  
[2023/09/06 16:05:42 178] isr        1307 0  nil  2  
[2023/09/06 16:05:42 179] isr        1636 ASR_MSG_GRSLT,   local  
[2023/09/06 16:05:42 180] isr        1307 0  nil  2  
[2023/09/06 16:05:42 181] isr        1636 ASR_MSG_GRSLT,   local  
[2023/09/06 16:05:42 181] isr        1307 0  nil  2  
[2023/09/06 16:05:42 183] isr        1636 ASR_MSG_GRSLT,   local  
[2023/09/06 16:05:42 183] isr        1307 0  nil  2  
[2023/09/06 16:05:42 184] isr        1636 ASR_MSG_GRSLT,   local  
[2023/09/06 16:05:42 184] isr        1307 0  nil  2  
[2023/09/06 16:05:42 186] isr        1636 ASR_MSG_GRSLT,   local  
[2023/09/06 16:05:42 186] isr        1307 0  nil  2  
[2023/09/06 16:05:42 188] isr        1636 ASR_MSG_GRSLT,   local  
[2023/09/06 16:05:42 188] isr        1307 0  nil  2  
[2023/09/06 16:05:42 189] isr        1636 ASR_MSG_GRSLT,   local  
[2023/09/06 16:05:42 189] isr        1307 0  nil  2  
[2023/09/06 16:05:42 191] isr        1636 ASR_MSG_GRSLT,   local  
[2023/09/06 16:05:42 191] isr        1307 0  nil  2  
[2023/09/06 16:05:42 192] isr        1636 ASR_MSG_GRSLT,   local  
[2023/09/06 16:05:42 193] isr        1307 0  nil  2  
[2023/09/06 16:05:42 194] isr        1636 ASR_MSG_GRSLT,   local  
[2023/09/06 16:05:42 194] isr        1307 0  nil  2  
[2023/09/06 16:05:42 195] isr        1636 ASR_MSG_GRSLT,   local  
[2023/09/06 16:05:42 196] isr        1307 0  nil  2  
[2023/09/06 16:05:42 197] isr        1636 ASR_MSG_GRSLT,   local  
[2023/09/06 16:05:42 198] isr        1307 0  nil  2  
[2023/09/06 16:05:42 199] isr        1636 ASR_MSG_GRSLT,   local  
[2023/09/06 16:05:42 199] isr        1307 0  nil  2  
[2023/09/06 16:05:42 201] isr        1636 ASR_MSG_GRSLT,   local  
[2023/09/06 16:05:42 201] isr        1307 0  nil  2  
[2023/09/06 16:05:42 202] isr        1636 ASR_MSG_GRSLT,   local  
[2023/09/06 16:05:42 202] isr        1307 0  nil  2  
[2023/09/06 16:05:42 204] isr        1636 ASR_MSG_GRSLT,   local  
[2023/09/06 16:05:42 204] isr        1307 0  nil  2  
[2023/09/06 16:05:42 205] isr        1636 ASR_MSG_GRSLT,   local  
[2023/09/06 16:05:42 205] isr        1307 0  nil  2  
[2023/09/06 16:05:42 208] isr        1636 ASR_MSG_GRSLT,   local  
[2023/09/06 16:05:42 209] isr        1307 0  nil  2  
[2023/09/06 16:05:42 211] isr        1636 ASR_MSG_GRSLT,   local  
[2023/09/06 16:05:42 211] isr        1307 0  nil  2  
[2023/09/06 16:05:42 212] isr        1636 ASR_MSG_GRSLT,   local  
[2023/09/06 16:05:42 212] isr        1307 0  nil  2  
[2023/09/06 16:05:42 213] isr        1636 ASR_MSG_GRSLT,   local  
[2023/09/06 16:05:42 213] isr        1307 0  nil  2  
[2023/09/06 16:05:42 216] isr        1636 ASR_MSG_GRSLT,   local  
[2023/09/06 16:05:42 216] isr        1307 0  nil  2  
[2023/09/06 16:05:42 218] isr        1636 ASR_MSG_GRSLT,   local  
[2023/09/06 16:05:42 219] isr        1307 0  nil  2  
[2023/09/06 16:05:42 221] isr        1636 ASR_MSG_GRSLT,   local  
[2023/09/06 16:05:42 221] isr        1307 0  nil  2  
[2023/09/06 16:05:42 223] isr        1636 ASR_MSG_GRSLT,   local  
[2023/09/06 16:05:42 223] isr        1307 0  nil  2  
[2023/09/06 16:05:42 226] isr        1636 ASR_MSG_GRSLT,   local  
[2023/09/06 16:05:42 226] isr        1307 0  nil  2  
[2023/09/06 16:05:42 228] isr        1636 ASR_MSG_GRSLT,   local  
[2023/09/06 16:05:42 228] isr        1307 0  nil  2  
[2023/09/06 16:05:42 230] isr        1636 ASR_MSG_GRSLT,   local  
[2023/09/06 16:05:42 231] isr        1307 0  nil  2  
[2023/09/06 16:05:42 233] isr        1636 ASR_MSG_GRSLT,   local  
[2023/09/06 16:05:42 233] isr        1307 0  nil  2  
[2023/09/06 16:05:42 236] isr        1636 ASR_MSG_GRSLT,   local  
[2023/09/06 16:05:42 236] isr        1307 0  nil  2  
[2023/09/06 16:05:42 239] isr        1636 ASR_MSG_GRSLT,   local  
[2023/09/06 16:05:42 239] isr        1307 0  nil  2  
[2023/09/06 16:05:42 243] isr        1636 ASR_MSG_GRSLT,   local  
[2023/09/06 16:05:42 243] isr        1307 0  nil  2  
[2023/09/06 16:05:42 245] isr        1636 ASR_MSG_GRSLT,   local  
[2023/09/06 16:05:42 245] isr        1307 0  nil  2  
[2023/09/06 16:05:42 247] isr        1636 ASR_MSG_GRSLT,   local  
[2023/09/06 16:05:42 248] isr        1307 0  nil  2  
[2023/09/06 16:05:42 250] isr        1636 ASR_MSG_GRSLT,   local  
[2023/09/06 16:05:42 250] isr        1307 0  nil  2  
[2023/09/06 16:05:42 252] isr        1636 ASR_MSG_GRSLT,   local  
[2023/09/06 16:05:42 252] isr        1307 0  nil  2  
[2023/09/06 16:05:42 255] isr        1636 ASR_MSG_GRSLT,   local  
[2023/09/06 16:05:42 255] isr        1307 0  nil  2  
[2023/09/06 16:05:42 257] isr        1636 ASR_MSG_GRSLT,   local  
[2023/09/06 16:05:42 257] isr        1307 0  nil  2  
[2023/09/06 16:05:42 262] isr        1636 ASR_MSG_GRSLT,   local  
[2023/09/06 16:05:42 262] isr        1307 0  nil  2  
[2023/09/06 16:05:42 265] isr        723  local_cbmsg_handler  ,msg=  407  param1=  udata(682754f8) 
[2023/09/06 16:05:42 265] isr        641  process_result call:  local  udata(682754f8) 0  2  
[2023/09/06 16:05:42 265] isr        798  3  msc  
[2023/09/06 16:05:42 265] isr        800  already speech end  
[2023/09/06 16:05:42 266] isr        723  local_cbmsg_handler  ,msg=  408  param1=  nil  
[2023/09/06 16:05:42 266] isr        734  local session recognized end!  
[2023/09/06 16:05:42 266] isr        1636 ASR_MSG_GRSLT,   local  
[2023/09/06 16:05:42 266] isr        1307 0  udata(682754f8) 5  
[2023/09/06 16:05:42 266] isr        1639 ASR_MSG_SSE,   local  
[2023/09/06 16:05:42 266] isr        1356 session_end() [in]  
[2023/09/06 16:05:42 266] isr        1377 local_session_end() [in]  
[2023/09/06 16:05:42 268] isr        1416 ASR_LOCAL_MSG_SSE net_type  nil  
[2023/09/06 16:05:42 275] isr        1667 isr unload!  
