============================================================
Time  2023/09/06 15:23:37 473 
============================================================
[2023/09/06 15:23:37 473] isr_local  2168 os_type is:  Linux  
[2023/09/06 15:23:37 473] isr_local  2177 SYS_MSG_LOAD_LOCAL  
[2023/09/06 15:23:37 473] isr_local  2265 last gc at  1693985016  
[2023/09/06 15:23:37 473] isr_local  2206 SYS_MSG_REGCB_LOCAL| param0 =  msp_status_cb  
[2023/09/06 15:23:37 474] isr_local  2265 last gc at  1693985016  
[2023/09/06 15:23:37 474] isr_local  2206 SYS_MSG_REGCB_LOCAL| param0 =  local_service_cbmsg  
[2023/09/06 15:23:37 474] isr_local  2265 last gc at  1693985016  
[2023/09/06 15:23:37 474] isr_local  2114 ASR_LOCAL_MSG_SSB  
[2023/09/06 15:23:37 474] isr_local  1251 esr_session_begin | params:  engine_type=local,asr_res_path=fo|res/asr/common.jet,sample_rate=16000,grm_build_path=res/asr/GrmBuilld,local_grammar=call,result_type=xml,result_encoding=UTF-8  
[2023/09/06 15:23:37 474] isr_local  803  engine_type  :  local  
[2023/09/06 15:23:37 475] isr_local  803  asr_res_path  :  fo|res/asr/common.jet  
[2023/09/06 15:23:37 475] isr_local  803  sample_rate  :  16000  
[2023/09/06 15:23:37 475] isr_local  803  grm_build_path  :  res/asr/GrmBuilld  
[2023/09/06 15:23:37 475] isr_local  803  local_grammar  :  call  
[2023/09/06 15:23:37 475] isr_local  803  result_type  :  xml  
[2023/09/06 15:23:37 475] isr_local  803  result_encoding  :  UTF-8  
[2023/09/06 15:23:37 475] isr_local  1280 init aitalk in ssb  
[2023/09/06 15:23:37 475] isr_local  1162 esr_init | params:  engine_type=local,asr_res_path=fo|res/asr/common.jet,sample_rate=16000,grm_build_path=res/asr/GrmBuilld,local_grammar=call,result_type=xml,result_encoding=UTF-8  
[2023/09/06 15:23:37 475] isr_local  803  engine_type  :  local  
[2023/09/06 15:23:37 475] isr_local  803  asr_res_path  :  fo|res/asr/common.jet  
[2023/09/06 15:23:37 475] isr_local  803  sample_rate  :  16000  
[2023/09/06 15:23:37 476] isr_local  803  grm_build_path  :  res/asr/GrmBuilld  
[2023/09/06 15:23:37 476] isr_local  803  local_grammar  :  call  
[2023/09/06 15:23:37 476] isr_local  803  result_type  :  xml  
[2023/09/06 15:23:37 476] isr_local  803  result_encoding  :  UTF-8  
[2023/09/06 15:23:37 476] isr_local  1083  lucEsr.new   
[2023/09/06 15:23:37 476] isr_local  1000 file count =   1  
[2023/09/06 15:23:37 476] isr_local  923  file open type is:   fo  
[2023/09/06 15:23:37 476] isr_local  956  res/asr/common.jet  0  0  
[2023/09/06 15:23:37 476] isr_local  1018 speech_plus_setting  0  
[2023/09/06 15:23:37 477] isr_local  1031 2  nil  res/asr/common.jet  0  0  
[2023/09/06 15:23:37 477] isr_local  1033 res_ver  2  
[2023/09/06 15:23:37 477] isr_local  1034 res 5  62dd61c88201165be2937d82ec3543bf  
[2023/09/06 15:23:37 477] isr_local  1035 res_new_old_mark  v5pp  
[2023/09/06 15:23:37 477] isr_local  1036 res_usr_name  ""  
[2023/09/06 15:23:37 477] isr_local  1037 res_expires    
[2023/09/06 15:23:37 477] isr_local  1038 err  0  
[2023/09/06 15:23:37 477] isr_local  1054 lgi appid 5  62dd61c88201165be2937d82ec3543bf  
[2023/09/06 15:23:37 477] isr_local  1065 res_expires is null  
[2023/09/06 15:23:37 478] auth       74   aitalk  app  nil  nil  {"aitalk":{"ver":"2","bus":{"forbid":"0","nlimit":2020}}}  
[2023/09/06 15:23:37 478] auth       312  nil  
[2023/09/06 15:23:37 501] isr_local  1294 authorized_aitalk=  nil  
[2023/09/06 15:23:37 502] isr_local  1295 forbid_aitalk=  0  
[2023/09/06 15:23:37 502] auth       570  aitalk  table(6c064240) nil  nil  appid = 5e7d9f3e  
[2023/09/06 15:23:37 502] auth       579  app  nil  nil  nil  
[2023/09/06 15:23:37 502] auth       636  ath rquest  {"authorize":[{"busin":"aitalk","ver":"2.1.1"}]}  
[2023/09/06 15:23:37 505] transport  642  paramkvsport is   nil  
[2023/09/06 15:23:37 505] transport  654  ns_enable=  1  
[2023/09/06 15:23:37 505] transport  656  2017-08--24 is_ns_need_close =   nil  
[2023/09/06 15:23:37 506] transport  662  net.nettype=  standard  
[2023/09/06 15:23:37 506] transport  672  url.full=  nil  
[2023/09/06 15:23:37 506] transport  673  urltmp=  nil  
[2023/09/06 15:23:37 506] transport  677  server_url_host=, server_url_port=, server_url_path=  open.xf-yun.com  nil  /msp.do  
[2023/09/06 15:23:37 506] transport  705  url.full=  nil  
[2023/09/06 15:23:37 506] transport  890  switch 80  
[2023/09/06 15:23:37 506] transport  902  net type:  standard  
[2023/09/06 15:23:37 506] transport  903  net operator:  def  
[2023/09/06 15:23:37 506] transport  904  use proxy:  false  
[2023/09/06 15:23:37 506] auth       691  not login!  
[2023/09/06 15:23:37 507] auth       528  [session] send auth request  
[2023/09/06 15:23:37 507] transport  1102 session.domain=  open.xf-yun.com  
[2023/09/06 15:23:37 507] transport  1103 url.host=  open.xf-yun.com  
[2023/09/06 15:23:37 507] transport  1080 NAMESERVER START  
[2023/09/06 15:23:37 507] transport  1083 name =   ath  
[2023/09/06 15:23:37 507] ns         629  ntt=  standard  
[2023/09/06 15:23:37 507] transport  1086 trans,ns_inprog =  0  
[2023/09/06 15:23:37 507] ns         585  name server start  
[2023/09/06 15:23:37 507] ns         586  ns_sub =   ath  
[2023/09/06 15:23:37 507] ns         588  ns_host=  open.xf-yun.com  
[2023/09/06 15:23:37 507] ns         479  ns_host=  open.xf-yun.com  
[2023/09/06 15:23:37 508] ns         558  GET /sip/resolver?srand=0906152311.32 HTTP/1.1
Host: hdns.openspeech.cn
Connection: Keep-Alive
X-Par: ver=1.3&appid=5e7d9f3e&operator=UNKNOW&nettype=STANDARD&cver=5.0.38.1195&svc=ath&host=open.xf-yun.com&sign=3c2097856e7e6337f980e014bea1d905
User-Agent: iFLYCloud

  
[2023/09/06 15:23:37 508] ns         559  net_type =  standard  
[2023/09/06 15:23:37 508] ns         560  cmwapascmnet =  
[2023/09/06 15:23:37 508] ns         561  uniwapasuninet =  
[2023/09/06 15:23:37 508] ns         562  ctwapasctnet =  
[2023/09/06 15:23:37 508] ns         579  host=  hdns.openspeech.cn  
[2023/09/06 15:23:37 508] network    263  gethostbyname  hdns.openspeech.cn  ns1  
[2023/09/06 15:23:37 509] auth       535  0  
[2023/09/06 15:23:37 509] auth       498  lver:  nil  
[2023/09/06 15:23:37 509] auth       503  cfg_ver:  nil  
[2023/09/06 15:23:37 509] transport  1849 transport_obj.send | in  
[2023/09/06 15:23:37 510] transport  1855 self.msg_flag_q  table(6c031070) 
[2023/09/06 15:23:37 510] transport  1856 self.msg_q  table(6c020c30) 
[2023/09/06 15:23:37 510] transport  1788 transport_obj.try2send | in  
[2023/09/06 15:23:37 510] transport  1789 self.soc  nil  
[2023/09/06 15:23:37 510] transport  1790 self.connected  false  
[2023/09/06 15:23:37 510] transport  1791 self.latesterr  0  
[2023/09/06 15:23:37 510] transport  1862 transport_obj.send | out  
[2023/09/06 15:23:37 511] isr_local  2038 commit path:   res/asr/GrmBuilld/temp/commit  
[2023/09/06 15:23:37 521] isr_local  2076 commit success!  
[2023/09/06 15:23:37 524] isr_local  1409 esr_session_begin | esr_obj:start ret =  0  
[2023/09/06 15:23:37 524] isr_local  2122 esr_session_begin, ret =   0  
[2023/09/06 15:23:37 525] isr_local  2265 last gc at  1693985016  
[2023/09/06 15:23:37 624] isr_local  655  local engine ready  
[2023/09/06 15:23:37 624] isr_local  585  esr_flush_buf_audio buffer audio num:  0  
[2023/09/06 15:23:37 625] isr_local  630  local engine started  
[2023/09/06 15:23:37 668] isr_local  2126 ASR_LOCAL_MSG_AUW  
[2023/09/06 15:23:37 668] isr_local  1558 auwl =   3200  
[2023/09/06 15:23:37 669] isr_local  2135 esr_audio_write, ret =  nil  
[2023/09/06 15:23:37 669] isr_local  2265 last gc at  1693985016  
[2023/09/06 15:23:37 766] isr_local  2126 ASR_LOCAL_MSG_AUW  
[2023/09/06 15:23:37 766] isr_local  1558 auwl =   3200  
[2023/09/06 15:23:37 767] isr_local  2135 esr_audio_write, ret =  nil  
[2023/09/06 15:23:37 767] isr_local  2265 last gc at  1693985016  
[2023/09/06 15:23:37 878] isr_local  2126 ASR_LOCAL_MSG_AUW  
[2023/09/06 15:23:37 878] isr_local  1558 auwl =   3200  
[2023/09/06 15:23:37 879] isr_local  2135 esr_audio_write, ret =  nil  
[2023/09/06 15:23:37 879] isr_local  2265 last gc at  1693985016  
[2023/09/06 15:23:37 979] isr_local  2126 ASR_LOCAL_MSG_AUW  
[2023/09/06 15:23:37 979] isr_local  1558 auwl =   3200  
[2023/09/06 15:23:37 980] isr_local  2135 esr_audio_write, ret =  nil  
[2023/09/06 15:23:37 980] isr_local  2265 last gc at  1693985016  
[2023/09/06 15:23:38 079] isr_local  2126 ASR_LOCAL_MSG_AUW  
[2023/09/06 15:23:38 079] isr_local  1558 auwl =   3200  
[2023/09/06 15:23:38 080] isr_local  2135 esr_audio_write, ret =  nil  
[2023/09/06 15:23:38 080] isr_local  2265 last gc at  1693985016  
[2023/09/06 15:23:38 177] isr_local  2126 ASR_LOCAL_MSG_AUW  
[2023/09/06 15:23:38 178] isr_local  1558 auwl =   3200  
[2023/09/06 15:23:38 179] isr_local  2135 esr_audio_write, ret =  nil  
[2023/09/06 15:23:38 179] isr_local  2265 last gc at  1693985016  
[2023/09/06 15:23:38 278] isr_local  2126 ASR_LOCAL_MSG_AUW  
[2023/09/06 15:23:38 279] isr_local  1558 auwl =   3200  
[2023/09/06 15:23:38 279] isr_local  2135 esr_audio_write, ret =  nil  
[2023/09/06 15:23:38 280] isr_local  2265 last gc at  1693985016  
[2023/09/06 15:23:38 378] isr_local  2126 ASR_LOCAL_MSG_AUW  
[2023/09/06 15:23:38 379] isr_local  1558 auwl =   3200  
[2023/09/06 15:23:38 379] isr_local  2135 esr_audio_write, ret =  nil  
[2023/09/06 15:23:38 380] isr_local  2265 last gc at  1693985016  
[2023/09/06 15:23:38 478] isr_local  2126 ASR_LOCAL_MSG_AUW  
[2023/09/06 15:23:38 479] isr_local  1558 auwl =   3200  
[2023/09/06 15:23:38 479] isr_local  2135 esr_audio_write, ret =  nil  
[2023/09/06 15:23:38 480] isr_local  2265 last gc at  1693985016  
[2023/09/06 15:23:38 578] isr_local  2126 ASR_LOCAL_MSG_AUW  
[2023/09/06 15:23:38 579] isr_local  1558 auwl =   3200  
[2023/09/06 15:23:38 580] isr_local  2135 esr_audio_write, ret =  nil  
[2023/09/06 15:23:38 580] isr_local  2265 last gc at  1693985016  
[2023/09/06 15:23:38 677] isr_local  2126 ASR_LOCAL_MSG_AUW  
[2023/09/06 15:23:38 678] isr_local  1558 auwl =   3200  
[2023/09/06 15:23:38 679] isr_local  2135 esr_audio_write, ret =  nil  
[2023/09/06 15:23:38 679] isr_local  2265 last gc at  1693985016  
[2023/09/06 15:23:38 770] isr_local  2126 ASR_LOCAL_MSG_AUW  
[2023/09/06 15:23:38 770] isr_local  1558 auwl =   3200  
[2023/09/06 15:23:38 770] isr_local  2135 esr_audio_write, ret =  nil  
[2023/09/06 15:23:38 771] isr_local  2265 last gc at  1693985016  
[2023/09/06 15:23:38 866] isr_local  2126 ASR_LOCAL_MSG_AUW  
[2023/09/06 15:23:38 867] isr_local  1558 auwl =   3200  
[2023/09/06 15:23:38 867] isr_local  2135 esr_audio_write, ret =  nil  
[2023/09/06 15:23:38 867] isr_local  2265 last gc at  1693985016  
[2023/09/06 15:23:38 977] isr_local  2126 ASR_LOCAL_MSG_AUW  
[2023/09/06 15:23:38 978] isr_local  1558 auwl =   3200  
[2023/09/06 15:23:38 979] isr_local  2135 esr_audio_write, ret =  nil  
[2023/09/06 15:23:38 979] isr_local  2265 last gc at  1693985016  
[2023/09/06 15:23:39 077] isr_local  2126 ASR_LOCAL_MSG_AUW  
[2023/09/06 15:23:39 078] isr_local  1558 auwl =   3200  
[2023/09/06 15:23:39 079] isr_local  2135 esr_audio_write, ret =  nil  
[2023/09/06 15:23:39 079] isr_local  2265 last gc at  1693985016  
[2023/09/06 15:23:39 177] isr_local  2126 ASR_LOCAL_MSG_AUW  
[2023/09/06 15:23:39 178] isr_local  1558 auwl =   3200  
[2023/09/06 15:23:39 179] isr_local  2135 esr_audio_write, ret =  nil  
[2023/09/06 15:23:39 179] isr_local  2265 last gc at  1693985016  
[2023/09/06 15:23:39 277] isr_local  2126 ASR_LOCAL_MSG_AUW  
[2023/09/06 15:23:39 278] isr_local  1558 auwl =   3200  
[2023/09/06 15:23:39 278] isr_local  2135 esr_audio_write, ret =  nil  
[2023/09/06 15:23:39 279] isr_local  2265 last gc at  1693985016  
[2023/09/06 15:23:39 377] isr_local  2126 ASR_LOCAL_MSG_AUW  
[2023/09/06 15:23:39 378] isr_local  1558 auwl =   3200  
[2023/09/06 15:23:39 379] isr_local  2135 esr_audio_write, ret =  nil  
[2023/09/06 15:23:39 380] isr_local  2265 last gc at  1693985016  
[2023/09/06 15:23:39 477] isr_local  2126 ASR_LOCAL_MSG_AUW  
[2023/09/06 15:23:39 478] isr_local  1558 auwl =   3200  
[2023/09/06 15:23:39 479] isr_local  2135 esr_audio_write, ret =  nil  
[2023/09/06 15:23:39 480] isr_local  2265 last gc at  1693985016  
[2023/09/06 15:23:39 577] isr_local  2126 ASR_LOCAL_MSG_AUW  
[2023/09/06 15:23:39 578] isr_local  1558 auwl =   3200  
[2023/09/06 15:23:39 579] isr_local  2135 esr_audio_write, ret =  nil  
[2023/09/06 15:23:39 579] isr_local  2265 last gc at  1693985016  
[2023/09/06 15:23:39 677] isr_local  2126 ASR_LOCAL_MSG_AUW  
[2023/09/06 15:23:39 678] isr_local  1558 auwl =   3200  
[2023/09/06 15:23:39 679] isr_local  2135 esr_audio_write, ret =  nil  
[2023/09/06 15:23:39 679] isr_local  2265 last gc at  1693985016  
[2023/09/06 15:23:39 774] isr_local  2126 ASR_LOCAL_MSG_AUW  
[2023/09/06 15:23:39 775] isr_local  1558 auwl =   3200  
[2023/09/06 15:23:39 776] isr_local  2135 esr_audio_write, ret =  nil  
[2023/09/06 15:23:39 776] isr_local  2265 last gc at  1693985016  
[2023/09/06 15:23:39 874] isr_local  2126 ASR_LOCAL_MSG_AUW  
[2023/09/06 15:23:39 874] isr_local  1558 auwl =   3200  
[2023/09/06 15:23:39 874] isr_local  2135 esr_audio_write, ret =  nil  
[2023/09/06 15:23:39 874] isr_local  2265 last gc at  1693985016  
[2023/09/06 15:23:39 963] isr_local  2126 ASR_LOCAL_MSG_AUW  
[2023/09/06 15:23:39 963] isr_local  1558 auwl =   3200  
[2023/09/06 15:23:39 963] isr_local  2135 esr_audio_write, ret =  nil  
[2023/09/06 15:23:39 963] isr_local  2265 last gc at  1693985016  
[2023/09/06 15:23:40 070] isr_local  2126 ASR_LOCAL_MSG_AUW  
[2023/09/06 15:23:40 070] isr_local  1558 auwl =   3200  
[2023/09/06 15:23:40 070] isr_local  2135 esr_audio_write, ret =  nil  
[2023/09/06 15:23:40 070] isr_local  2265 last gc at  1693985016  
[2023/09/06 15:23:40 163] isr_local  2126 ASR_LOCAL_MSG_AUW  
[2023/09/06 15:23:40 163] isr_local  1558 auwl =   3200  
[2023/09/06 15:23:40 163] isr_local  2135 esr_audio_write, ret =  nil  
[2023/09/06 15:23:40 163] isr_local  2265 last gc at  1693985016  
[2023/09/06 15:23:40 263] isr_local  2126 ASR_LOCAL_MSG_AUW  
[2023/09/06 15:23:40 263] isr_local  1558 auwl =   3200  
[2023/09/06 15:23:40 263] isr_local  2135 esr_audio_write, ret =  nil  
[2023/09/06 15:23:40 263] isr_local  2265 last gc at  1693985016  
[2023/09/06 15:23:40 363] isr_local  2126 ASR_LOCAL_MSG_AUW  
[2023/09/06 15:23:40 363] isr_local  1558 auwl =   3200  
[2023/09/06 15:23:40 363] isr_local  2135 esr_audio_write, ret =  nil  
[2023/09/06 15:23:40 363] isr_local  2265 last gc at  1693985016  
[2023/09/06 15:23:40 472] isr_local  2126 ASR_LOCAL_MSG_AUW  
[2023/09/06 15:23:40 472] isr_local  1558 auwl =   2880  
[2023/09/06 15:23:40 472] isr_local  2135 esr_audio_write, ret =  nil  
[2023/09/06 15:23:40 472] isr_local  2265 last gc at  1693985016  
[2023/09/06 15:23:40 509] transport  306  [dns] [1] timeout!   
[2023/09/06 15:23:40 509] transport  74   dns_failed  
[2023/09/06 15:23:40 509] network    90   ipfromenv ,  ipcache  open.xf-yun.com  def  nil  
[2023/09/06 15:23:40 509] network    90   ipfromenv ,  ipcfg  open.xf-yun.com  def  nil  
[2023/09/06 15:23:40 509] transport  1298 [soc] connect   116.213.69.195  80  
[2023/09/06 15:23:40 509] transport  1310 mspsoc.open,prot_type=  tcp  
[2023/09/06 15:23:40 510] network    231  dns timeout!  ns1  
[2023/09/06 15:23:40 510] ns         457  ns dns failed, err =   10114  
[2023/09/06 15:23:40 510] network    445  gethttpresp2  117.121.48.5  80  ns2  
[2023/09/06 15:23:40 510] network    465  prot_type  tcp  
[2023/09/06 15:23:40 520] transport  539  MSC:[soc] [1] error 10202 113!  
[2023/09/06 15:23:40 520] transport  64   clear_ip ip_type =  nil  
[2023/09/06 15:23:40 520] transport  339  soc_conn_failed  
[2023/09/06 15:23:40 520] network    95   iptoenv ,  ipcache  open.xf-yun.com  def  nil  
[2023/09/06 15:23:40 522] transport  413  switch 80  
[2023/09/06 15:23:40 526] transport  1326 [soc] disconnect   
[2023/09/06 15:23:40 546] isr_local  669  final result will throw out next!  
[2023/09/06 15:23:40 546] isr_local  679  nRecognizeState:  1  
[2023/09/06 15:23:40 546] isr_local  680  nConfidenceScore:  5  
[2023/09/06 15:23:40 546] isr_local  728  result_type :   xml  
[2023/09/06 15:23:40 546] isr_local  729  result_encoding :   UTF-8  
[2023/09/06 15:23:40 546] isr_local  730  is iat :   false  
[2023/09/06 15:23:40 547] isr_local  469  item_count:1  
[2023/09/06 15:23:40 547] isr_local  293  nil  
[2023/09/06 15:23:40 547] isr_local  675  recognized end!  
[2023/09/06 15:23:40 551] isr_local  2140 ASR_LOCAL_MSG_SSE  
[2023/09/06 15:23:40 551] isr_local  1518 esr_session_end | esr_obj:stop ret =  0  
[2023/09/06 15:23:40 551] isr_local  2142 esr_session_end, ret =  0  
[2023/09/06 15:23:40 554] isr_local  2265 last gc at  1693985016  
[2023/09/06 15:23:40 579] isr_local  2182 SYS_MSG_SHUTDOWN_LOCAL  
[2023/09/06 15:23:40 690] isr_local  2265 last gc at  1693985016  
============================================================
Time  2023/09/06 15:23:51 016 
============================================================
[2023/09/06 15:23:51 016] isr_local  2168 os_type is:  Linux  
[2023/09/06 15:23:51 017] isr_local  2177 SYS_MSG_LOAD_LOCAL  
[2023/09/06 15:23:51 017] isr_local  2265 last gc at  1693985030  
[2023/09/06 15:23:51 017] isr_local  2206 SYS_MSG_REGCB_LOCAL| param0 =  msp_status_cb  
[2023/09/06 15:23:51 018] isr_local  2265 last gc at  1693985030  
[2023/09/06 15:23:51 018] isr_local  2206 SYS_MSG_REGCB_LOCAL| param0 =  local_service_cbmsg  
[2023/09/06 15:23:51 018] isr_local  2265 last gc at  1693985030  
[2023/09/06 15:23:51 018] isr_local  2114 ASR_LOCAL_MSG_SSB  
[2023/09/06 15:23:51 019] isr_local  1251 esr_session_begin | params:  engine_type=local,asr_res_path=fo|res/asr/common.jet,sample_rate=16000,grm_build_path=res/asr/GrmBuilld,local_grammar=call,result_type=xml,result_encoding=UTF-8  
[2023/09/06 15:23:51 019] isr_local  803  engine_type  :  local  
[2023/09/06 15:23:51 019] isr_local  803  asr_res_path  :  fo|res/asr/common.jet  
[2023/09/06 15:23:51 019] isr_local  803  sample_rate  :  16000  
[2023/09/06 15:23:51 019] isr_local  803  grm_build_path  :  res/asr/GrmBuilld  
[2023/09/06 15:23:51 019] isr_local  803  local_grammar  :  call  
[2023/09/06 15:23:51 019] isr_local  803  result_type  :  xml  
[2023/09/06 15:23:51 020] isr_local  803  result_encoding  :  UTF-8  
[2023/09/06 15:23:51 020] isr_local  1280 init aitalk in ssb  
[2023/09/06 15:23:51 020] isr_local  1162 esr_init | params:  engine_type=local,asr_res_path=fo|res/asr/common.jet,sample_rate=16000,grm_build_path=res/asr/GrmBuilld,local_grammar=call,result_type=xml,result_encoding=UTF-8  
[2023/09/06 15:23:51 020] isr_local  803  engine_type  :  local  
[2023/09/06 15:23:51 020] isr_local  803  asr_res_path  :  fo|res/asr/common.jet  
[2023/09/06 15:23:51 020] isr_local  803  sample_rate  :  16000  
[2023/09/06 15:23:51 020] isr_local  803  grm_build_path  :  res/asr/GrmBuilld  
[2023/09/06 15:23:51 020] isr_local  803  local_grammar  :  call  
[2023/09/06 15:23:51 021] isr_local  803  result_type  :  xml  
[2023/09/06 15:23:51 021] isr_local  803  result_encoding  :  UTF-8  
[2023/09/06 15:23:51 021] isr_local  1083  lucEsr.new   
[2023/09/06 15:23:51 021] isr_local  1000 file count =   1  
[2023/09/06 15:23:51 021] isr_local  923  file open type is:   fo  
[2023/09/06 15:23:51 022] isr_local  956  res/asr/common.jet  0  0  
[2023/09/06 15:23:51 022] isr_local  1018 speech_plus_setting  0  
[2023/09/06 15:23:51 022] isr_local  1031 2  nil  res/asr/common.jet  0  0  
[2023/09/06 15:23:51 022] isr_local  1033 res_ver  2  
[2023/09/06 15:23:51 022] isr_local  1034 res 5  62dd61c88201165be2937d82ec3543bf  
[2023/09/06 15:23:51 022] isr_local  1035 res_new_old_mark  v5pp  
[2023/09/06 15:23:51 022] isr_local  1036 res_usr_name  ""  
[2023/09/06 15:23:51 023] isr_local  1037 res_expires    
[2023/09/06 15:23:51 023] isr_local  1038 err  0  
[2023/09/06 15:23:51 023] isr_local  1054 lgi appid 5  62dd61c88201165be2937d82ec3543bf  
[2023/09/06 15:23:51 023] isr_local  1065 res_expires is null  
[2023/09/06 15:23:51 024] auth       74   aitalk  app  nil  nil  {"aitalk":{"ver":"2","bus":{"forbid":"0","nlimit":2020}}}  
[2023/09/06 15:23:51 024] auth       312  nil  
[2023/09/06 15:23:51 047] isr_local  1294 authorized_aitalk=  nil  
[2023/09/06 15:23:51 047] isr_local  1295 forbid_aitalk=  0  
[2023/09/06 15:23:51 048] auth       570  aitalk  table(780647a0) nil  nil  appid = 5e7d9f3e  
[2023/09/06 15:23:51 048] auth       579  app  nil  nil  nil  
[2023/09/06 15:23:51 048] auth       636  ath rquest  {"authorize":[{"busin":"aitalk","ver":"2.1.1"}]}  
[2023/09/06 15:23:51 051] transport  642  paramkvsport is   nil  
[2023/09/06 15:23:51 051] transport  654  ns_enable=  1  
[2023/09/06 15:23:51 051] transport  656  2017-08--24 is_ns_need_close =   nil  
[2023/09/06 15:23:51 051] transport  662  net.nettype=  standard  
[2023/09/06 15:23:51 051] transport  672  url.full=  nil  
[2023/09/06 15:23:51 051] transport  673  urltmp=  nil  
[2023/09/06 15:23:51 051] transport  677  server_url_host=, server_url_port=, server_url_path=  open.xf-yun.com  nil  /msp.do  
[2023/09/06 15:23:51 051] transport  705  url.full=  nil  
[2023/09/06 15:23:51 052] transport  890  switch 80  
[2023/09/06 15:23:51 052] transport  902  net type:  standard  
[2023/09/06 15:23:51 052] transport  903  net operator:  def  
[2023/09/06 15:23:51 052] transport  904  use proxy:  false  
[2023/09/06 15:23:51 052] auth       691  not login!  
[2023/09/06 15:23:51 052] auth       528  [session] send auth request  
[2023/09/06 15:23:51 052] transport  1102 session.domain=  open.xf-yun.com  
[2023/09/06 15:23:51 052] transport  1103 url.host=  open.xf-yun.com  
[2023/09/06 15:23:51 052] transport  1080 NAMESERVER START  
[2023/09/06 15:23:51 053] transport  1083 name =   ath  
[2023/09/06 15:23:51 053] ns         629  ntt=  standard  
[2023/09/06 15:23:51 053] transport  1086 trans,ns_inprog =  0  
[2023/09/06 15:23:51 053] ns         585  name server start  
[2023/09/06 15:23:51 053] ns         586  ns_sub =   ath  
[2023/09/06 15:23:51 053] ns         588  ns_host=  open.xf-yun.com  
[2023/09/06 15:23:51 053] ns         479  ns_host=  open.xf-yun.com  
[2023/09/06 15:23:51 053] ns         558  GET /sip/resolver?srand=0906152311.32 HTTP/1.1
Host: hdns.openspeech.cn
Connection: Keep-Alive
X-Par: ver=1.3&appid=5e7d9f3e&operator=UNKNOW&nettype=STANDARD&cver=5.0.38.1195&svc=ath&host=open.xf-yun.com&sign=3c2097856e7e6337f980e014bea1d905
User-Agent: iFLYCloud

  
[2023/09/06 15:23:51 053] ns         559  net_type =  standard  
[2023/09/06 15:23:51 054] ns         560  cmwapascmnet =  
[2023/09/06 15:23:51 054] ns         561  uniwapasuninet =  
[2023/09/06 15:23:51 054] ns         562  ctwapasctnet =  
[2023/09/06 15:23:51 054] ns         579  host=  hdns.openspeech.cn  
[2023/09/06 15:23:51 054] network    263  gethostbyname  hdns.openspeech.cn  ns1  
[2023/09/06 15:23:51 054] auth       535  0  
[2023/09/06 15:23:51 055] auth       498  lver:  nil  
[2023/09/06 15:23:51 055] auth       503  cfg_ver:  nil  
[2023/09/06 15:23:51 055] transport  1849 transport_obj.send | in  
[2023/09/06 15:23:51 055] transport  1855 self.msg_flag_q  table(7801cb90) 
[2023/09/06 15:23:51 055] transport  1856 self.msg_q  table(780211d0) 
[2023/09/06 15:23:51 055] transport  1788 transport_obj.try2send | in  
[2023/09/06 15:23:51 055] transport  1789 self.soc  nil  
[2023/09/06 15:23:51 056] transport  1790 self.connected  false  
[2023/09/06 15:23:51 056] transport  1791 self.latesterr  0  
[2023/09/06 15:23:51 056] transport  1862 transport_obj.send | out  
[2023/09/06 15:23:51 056] isr_local  2038 commit path:   res/asr/GrmBuilld/temp/commit  
[2023/09/06 15:23:51 073] isr_local  2076 commit success!  
[2023/09/06 15:23:51 077] isr_local  1409 esr_session_begin | esr_obj:start ret =  0  
[2023/09/06 15:23:51 077] isr_local  2122 esr_session_begin, ret =   0  
[2023/09/06 15:23:51 077] isr_local  2265 last gc at  1693985030  
[2023/09/06 15:23:51 176] isr_local  655  local engine ready  
[2023/09/06 15:23:51 178] isr_local  585  esr_flush_buf_audio buffer audio num:  0  
[2023/09/06 15:23:51 179] isr_local  630  local engine started  
[2023/09/06 15:23:51 208] isr_local  2126 ASR_LOCAL_MSG_AUW  
[2023/09/06 15:23:51 208] isr_local  1558 auwl =   3200  
[2023/09/06 15:23:51 209] isr_local  2135 esr_audio_write, ret =  nil  
[2023/09/06 15:23:51 209] isr_local  2265 last gc at  1693985030  
[2023/09/06 15:23:51 302] isr_local  2126 ASR_LOCAL_MSG_AUW  
[2023/09/06 15:23:51 302] isr_local  1558 auwl =   3200  
[2023/09/06 15:23:51 303] isr_local  2135 esr_audio_write, ret =  nil  
[2023/09/06 15:23:51 303] isr_local  2265 last gc at  1693985030  
[2023/09/06 15:23:51 410] isr_local  2126 ASR_LOCAL_MSG_AUW  
[2023/09/06 15:23:51 411] isr_local  1558 auwl =   3200  
[2023/09/06 15:23:51 411] isr_local  2135 esr_audio_write, ret =  nil  
[2023/09/06 15:23:51 412] isr_local  2265 last gc at  1693985030  
[2023/09/06 15:23:51 513] isr_local  2126 ASR_LOCAL_MSG_AUW  
[2023/09/06 15:23:51 514] isr_local  1558 auwl =   3200  
[2023/09/06 15:23:51 515] isr_local  2135 esr_audio_write, ret =  nil  
[2023/09/06 15:23:51 515] isr_local  2265 last gc at  1693985030  
[2023/09/06 15:23:51 611] isr_local  2126 ASR_LOCAL_MSG_AUW  
[2023/09/06 15:23:51 612] isr_local  1558 auwl =   3200  
[2023/09/06 15:23:51 613] isr_local  2135 esr_audio_write, ret =  nil  
[2023/09/06 15:23:51 613] isr_local  2265 last gc at  1693985030  
[2023/09/06 15:23:51 711] isr_local  2126 ASR_LOCAL_MSG_AUW  
[2023/09/06 15:23:51 712] isr_local  1558 auwl =   3200  
[2023/09/06 15:23:51 713] isr_local  2135 esr_audio_write, ret =  nil  
[2023/09/06 15:23:51 713] isr_local  2265 last gc at  1693985030  
[2023/09/06 15:23:51 811] isr_local  2126 ASR_LOCAL_MSG_AUW  
[2023/09/06 15:23:51 812] isr_local  1558 auwl =   3200  
[2023/09/06 15:23:51 813] isr_local  2135 esr_audio_write, ret =  nil  
[2023/09/06 15:23:51 813] isr_local  2265 last gc at  1693985030  
[2023/09/06 15:23:51 911] isr_local  2126 ASR_LOCAL_MSG_AUW  
[2023/09/06 15:23:51 912] isr_local  1558 auwl =   3200  
[2023/09/06 15:23:51 913] isr_local  2135 esr_audio_write, ret =  nil  
[2023/09/06 15:23:51 913] isr_local  2265 last gc at  1693985030  
[2023/09/06 15:23:52 002] isr_local  2126 ASR_LOCAL_MSG_AUW  
[2023/09/06 15:23:52 002] isr_local  1558 auwl =   3200  
[2023/09/06 15:23:52 002] isr_local  2135 esr_audio_write, ret =  nil  
[2023/09/06 15:23:52 002] isr_local  2265 last gc at  1693985030  
[2023/09/06 15:23:52 100] isr_local  2126 ASR_LOCAL_MSG_AUW  
[2023/09/06 15:23:52 101] isr_local  1558 auwl =   3200  
[2023/09/06 15:23:52 101] isr_local  2135 esr_audio_write, ret =  nil  
[2023/09/06 15:23:52 101] isr_local  2265 last gc at  1693985030  
[2023/09/06 15:23:52 212] isr_local  2126 ASR_LOCAL_MSG_AUW  
[2023/09/06 15:23:52 213] isr_local  1558 auwl =   3200  
[2023/09/06 15:23:52 213] isr_local  2135 esr_audio_write, ret =  nil  
[2023/09/06 15:23:52 214] isr_local  2265 last gc at  1693985030  
[2023/09/06 15:23:52 312] isr_local  2126 ASR_LOCAL_MSG_AUW  
[2023/09/06 15:23:52 313] isr_local  1558 auwl =   3200  
[2023/09/06 15:23:52 314] isr_local  2135 esr_audio_write, ret =  nil  
[2023/09/06 15:23:52 314] isr_local  2265 last gc at  1693985030  
[2023/09/06 15:23:52 412] isr_local  2126 ASR_LOCAL_MSG_AUW  
[2023/09/06 15:23:52 412] isr_local  1558 auwl =   3200  
[2023/09/06 15:23:52 413] isr_local  2135 esr_audio_write, ret =  nil  
[2023/09/06 15:23:52 413] isr_local  2265 last gc at  1693985030  
[2023/09/06 15:23:52 512] isr_local  2126 ASR_LOCAL_MSG_AUW  
[2023/09/06 15:23:52 513] isr_local  1558 auwl =   3200  
[2023/09/06 15:23:52 513] isr_local  2135 esr_audio_write, ret =  nil  
[2023/09/06 15:23:52 514] isr_local  2265 last gc at  1693985030  
[2023/09/06 15:23:52 603] isr_local  2126 ASR_LOCAL_MSG_AUW  
[2023/09/06 15:23:52 603] isr_local  1558 auwl =   3200  
[2023/09/06 15:23:52 604] isr_local  2135 esr_audio_write, ret =  nil  
[2023/09/06 15:23:52 604] isr_local  2265 last gc at  1693985030  
[2023/09/06 15:23:52 701] isr_local  2126 ASR_LOCAL_MSG_AUW  
[2023/09/06 15:23:52 701] isr_local  1558 auwl =   3200  
[2023/09/06 15:23:52 701] isr_local  2135 esr_audio_write, ret =  nil  
[2023/09/06 15:23:52 702] isr_local  2265 last gc at  1693985030  
[2023/09/06 15:23:52 801] isr_local  2126 ASR_LOCAL_MSG_AUW  
[2023/09/06 15:23:52 801] isr_local  1558 auwl =   3200  
[2023/09/06 15:23:52 801] isr_local  2135 esr_audio_write, ret =  nil  
[2023/09/06 15:23:52 801] isr_local  2265 last gc at  1693985030  
[2023/09/06 15:23:52 901] isr_local  2126 ASR_LOCAL_MSG_AUW  
[2023/09/06 15:23:52 901] isr_local  1558 auwl =   3200  
[2023/09/06 15:23:52 902] isr_local  2135 esr_audio_write, ret =  nil  
[2023/09/06 15:23:52 902] isr_local  2265 last gc at  1693985030  
[2023/09/06 15:23:53 001] isr_local  2126 ASR_LOCAL_MSG_AUW  
[2023/09/06 15:23:53 001] isr_local  1558 auwl =   3200  
[2023/09/06 15:23:53 001] isr_local  2135 esr_audio_write, ret =  nil  
[2023/09/06 15:23:53 002] isr_local  2265 last gc at  1693985030  
[2023/09/06 15:23:53 098] isr_local  2126 ASR_LOCAL_MSG_AUW  
[2023/09/06 15:23:53 099] isr_local  1558 auwl =   3200  
[2023/09/06 15:23:53 099] isr_local  2135 esr_audio_write, ret =  nil  
[2023/09/06 15:23:53 099] isr_local  2265 last gc at  1693985030  
[2023/09/06 15:23:53 202] isr_local  2126 ASR_LOCAL_MSG_AUW  
[2023/09/06 15:23:53 202] isr_local  1558 auwl =   3200  
[2023/09/06 15:23:53 202] isr_local  2135 esr_audio_write, ret =  nil  
[2023/09/06 15:23:53 202] isr_local  2265 last gc at  1693985030  
[2023/09/06 15:23:53 297] isr_local  2126 ASR_LOCAL_MSG_AUW  
[2023/09/06 15:23:53 297] isr_local  1558 auwl =   3200  
[2023/09/06 15:23:53 297] isr_local  2135 esr_audio_write, ret =  nil  
[2023/09/06 15:23:53 297] isr_local  2265 last gc at  1693985030  
[2023/09/06 15:23:53 404] isr_local  2126 ASR_LOCAL_MSG_AUW  
[2023/09/06 15:23:53 404] isr_local  1558 auwl =   3200  
[2023/09/06 15:23:53 404] isr_local  2135 esr_audio_write, ret =  nil  
[2023/09/06 15:23:53 404] isr_local  2265 last gc at  1693985030  
[2023/09/06 15:23:53 497] isr_local  2126 ASR_LOCAL_MSG_AUW  
[2023/09/06 15:23:53 497] isr_local  1558 auwl =   3200  
[2023/09/06 15:23:53 497] isr_local  2135 esr_audio_write, ret =  nil  
[2023/09/06 15:23:53 497] isr_local  2265 last gc at  1693985030  
[2023/09/06 15:23:53 597] isr_local  2126 ASR_LOCAL_MSG_AUW  
[2023/09/06 15:23:53 597] isr_local  1558 auwl =   3200  
[2023/09/06 15:23:53 597] isr_local  2135 esr_audio_write, ret =  nil  
[2023/09/06 15:23:53 597] isr_local  2265 last gc at  1693985030  
[2023/09/06 15:23:53 697] isr_local  2126 ASR_LOCAL_MSG_AUW  
[2023/09/06 15:23:53 697] isr_local  1558 auwl =   3200  
[2023/09/06 15:23:53 697] isr_local  2135 esr_audio_write, ret =  nil  
[2023/09/06 15:23:53 697] isr_local  2265 last gc at  1693985030  
[2023/09/06 15:23:53 797] isr_local  2126 ASR_LOCAL_MSG_AUW  
[2023/09/06 15:23:53 797] isr_local  1558 auwl =   3200  
[2023/09/06 15:23:53 797] isr_local  2135 esr_audio_write, ret =  nil  
[2023/09/06 15:23:53 797] isr_local  2265 last gc at  1693985030  
[2023/09/06 15:23:53 897] isr_local  2126 ASR_LOCAL_MSG_AUW  
[2023/09/06 15:23:53 897] isr_local  1558 auwl =   3200  
[2023/09/06 15:23:53 897] isr_local  2135 esr_audio_write, ret =  nil  
[2023/09/06 15:23:53 897] isr_local  2265 last gc at  1693985030  
[2023/09/06 15:23:54 002] isr_local  2126 ASR_LOCAL_MSG_AUW  
[2023/09/06 15:23:54 002] isr_local  1558 auwl =   2560  
[2023/09/06 15:23:54 002] isr_local  2135 esr_audio_write, ret =  nil  
[2023/09/06 15:23:54 002] isr_local  2265 last gc at  1693985030  
[2023/09/06 15:23:54 054] network    231  dns timeout!  ns1  
[2023/09/06 15:23:54 054] ns         457  ns dns failed, err =   10114  
[2023/09/06 15:23:54 055] network    445  gethttpresp2  117.121.48.5  80  ns2  
[2023/09/06 15:23:54 055] network    465  prot_type  tcp  
[2023/09/06 15:23:54 056] transport  306  [dns] [1] timeout!   
[2023/09/06 15:23:54 056] transport  74   dns_failed  
[2023/09/06 15:23:54 056] network    90   ipfromenv ,  ipcache  open.xf-yun.com  def  nil  
[2023/09/06 15:23:54 056] network    90   ipfromenv ,  ipcfg  open.xf-yun.com  def  nil  
[2023/09/06 15:23:54 056] transport  1298 [soc] connect   116.213.69.195  80  
[2023/09/06 15:23:54 056] transport  1310 mspsoc.open,prot_type=  tcp  
[2023/09/06 15:23:54 063] network    418  soc error  10202  ns2  
[2023/09/06 15:23:54 063] ns         256  name server http resp  table(78029990) 10202  nil  
[2023/09/06 15:23:54 063] ns         415  ns response failed, err =  10202  
[2023/09/06 15:23:54 063] ns         116  ns_host=  open.xf-yun.com  
[2023/09/06 15:23:54 063] ns         118  use default ip  
[2023/09/06 15:23:54 063] transport  1060 ns_ip =   116.213.69.195  
[2023/09/06 15:23:54 063] transport  1061 ip_type =  def_athopen.xf-yun.com  
[2023/09/06 15:23:54 063] ns         658  no data in ns_q  
[2023/09/06 15:23:54 063] ns         659  conti_ns,ns_inprog =   1  
[2023/09/06 15:23:54 076] isr_local  669  final result will throw out next!  
[2023/09/06 15:23:54 076] isr_local  679  nRecognizeState:  1  
[2023/09/06 15:23:54 076] isr_local  680  nConfidenceScore:  59  
[2023/09/06 15:23:54 076] isr_local  728  result_type :   xml  
[2023/09/06 15:23:54 077] isr_local  729  result_encoding :   UTF-8  
[2023/09/06 15:23:54 077] isr_local  730  is iat :   false  
[2023/09/06 15:23:54 077] isr_local  469  item_count:1  
[2023/09/06 15:23:54 077] isr_local  293  nil  
[2023/09/06 15:23:54 077] isr_local  675  recognized end!  
[2023/09/06 15:23:54 083] isr_local  2140 ASR_LOCAL_MSG_SSE  
[2023/09/06 15:23:54 083] isr_local  1518 esr_session_end | esr_obj:stop ret =  0  
[2023/09/06 15:23:54 083] isr_local  2142 esr_session_end, ret =  0  
[2023/09/06 15:23:54 087] isr_local  2265 last gc at  1693985030  
[2023/09/06 15:23:54 123] isr_local  2182 SYS_MSG_SHUTDOWN_LOCAL  
[2023/09/06 15:23:54 232] isr_local  2265 last gc at  1693985030  
============================================================
Time  2023/09/06 15:40:27 770 
============================================================
[2023/09/06 15:40:27 770] isr_local  2168 os_type is:  Linux  
[2023/09/06 15:40:27 770] isr_local  2177 SYS_MSG_LOAD_LOCAL  
[2023/09/06 15:40:27 771] isr_local  2265 last gc at  1693986027  
[2023/09/06 15:40:27 771] isr_local  2206 SYS_MSG_REGCB_LOCAL| param0 =  msp_status_cb  
[2023/09/06 15:40:27 771] isr_local  2265 last gc at  1693986027  
[2023/09/06 15:40:27 772] isr_local  2206 SYS_MSG_REGCB_LOCAL| param0 =  local_service_cbmsg  
[2023/09/06 15:40:27 772] isr_local  2265 last gc at  1693986027  
[2023/09/06 15:40:27 772] isr_local  2114 ASR_LOCAL_MSG_SSB  
[2023/09/06 15:40:27 772] isr_local  1251 esr_session_begin | params:  engine_type=local,asr_res_path=fo|res/asr/common.jet,sample_rate=16000,grm_build_path=res/asr/GrmBuilld,local_grammar=call,result_type=xml,result_encoding=UTF-8  
[2023/09/06 15:40:27 772] isr_local  803  engine_type  :  local  
[2023/09/06 15:40:27 773] isr_local  803  asr_res_path  :  fo|res/asr/common.jet  
[2023/09/06 15:40:27 773] isr_local  803  sample_rate  :  16000  
[2023/09/06 15:40:27 773] isr_local  803  grm_build_path  :  res/asr/GrmBuilld  
[2023/09/06 15:40:27 773] isr_local  803  local_grammar  :  call  
[2023/09/06 15:40:27 773] isr_local  803  result_type  :  xml  
[2023/09/06 15:40:27 773] isr_local  803  result_encoding  :  UTF-8  
[2023/09/06 15:40:27 773] isr_local  1280 init aitalk in ssb  
[2023/09/06 15:40:27 773] isr_local  1162 esr_init | params:  engine_type=local,asr_res_path=fo|res/asr/common.jet,sample_rate=16000,grm_build_path=res/asr/GrmBuilld,local_grammar=call,result_type=xml,result_encoding=UTF-8  
[2023/09/06 15:40:27 774] isr_local  803  engine_type  :  local  
[2023/09/06 15:40:27 774] isr_local  803  asr_res_path  :  fo|res/asr/common.jet  
[2023/09/06 15:40:27 774] isr_local  803  sample_rate  :  16000  
[2023/09/06 15:40:27 774] isr_local  803  grm_build_path  :  res/asr/GrmBuilld  
[2023/09/06 15:40:27 774] isr_local  803  local_grammar  :  call  
[2023/09/06 15:40:27 774] isr_local  803  result_type  :  xml  
[2023/09/06 15:40:27 774] isr_local  803  result_encoding  :  UTF-8  
[2023/09/06 15:40:27 775] isr_local  1083  lucEsr.new   
[2023/09/06 15:40:27 775] isr_local  1000 file count =   1  
[2023/09/06 15:40:27 775] isr_local  923  file open type is:   fo  
[2023/09/06 15:40:27 775] isr_local  956  res/asr/common.jet  0  0  
[2023/09/06 15:40:27 775] isr_local  1018 speech_plus_setting  0  
[2023/09/06 15:40:27 775] isr_local  1031 2  nil  res/asr/common.jet  0  0  
[2023/09/06 15:40:27 776] isr_local  1033 res_ver  2  
[2023/09/06 15:40:27 776] isr_local  1034 res 5  62dd61c88201165be2937d82ec3543bf  
[2023/09/06 15:40:27 776] isr_local  1035 res_new_old_mark  v5pp  
[2023/09/06 15:40:27 776] isr_local  1036 res_usr_name  ""  
[2023/09/06 15:40:27 776] isr_local  1037 res_expires    
[2023/09/06 15:40:27 776] isr_local  1038 err  0  
[2023/09/06 15:40:27 776] isr_local  1054 lgi appid 5  62dd61c88201165be2937d82ec3543bf  
[2023/09/06 15:40:27 777] isr_local  1065 res_expires is null  
[2023/09/06 15:40:27 777] auth       74   aitalk  app  nil  nil  {"aitalk":{"ver":"2","bus":{"forbid":"0","nlimit":2020}}}  
[2023/09/06 15:40:27 778] auth       312  nil  
[2023/09/06 15:40:27 803] isr_local  1294 authorized_aitalk=  nil  
[2023/09/06 15:40:27 804] isr_local  1295 forbid_aitalk=  0  
[2023/09/06 15:40:27 804] auth       570  aitalk  table(78064760) nil  nil  appid = 5e7d9f3e  
[2023/09/06 15:40:27 804] auth       579  app  nil  nil  nil  
[2023/09/06 15:40:27 804] auth       636  ath rquest  {"authorize":[{"ver":"2.1.1","busin":"aitalk"}]}  
[2023/09/06 15:40:27 808] transport  642  paramkvsport is   nil  
[2023/09/06 15:40:27 808] transport  654  ns_enable=  1  
[2023/09/06 15:40:27 808] transport  656  2017-08--24 is_ns_need_close =   nil  
[2023/09/06 15:40:27 808] transport  662  net.nettype=  standard  
[2023/09/06 15:40:27 808] transport  672  url.full=  nil  
[2023/09/06 15:40:27 809] transport  673  urltmp=  nil  
[2023/09/06 15:40:27 809] transport  677  server_url_host=, server_url_port=, server_url_path=  open.xf-yun.com  nil  /msp.do  
[2023/09/06 15:40:27 809] transport  705  url.full=  nil  
[2023/09/06 15:40:27 809] transport  890  switch 80  
[2023/09/06 15:40:27 809] transport  902  net type:  standard  
[2023/09/06 15:40:27 809] transport  903  net operator:  def  
[2023/09/06 15:40:27 809] transport  904  use proxy:  false  
[2023/09/06 15:40:27 809] auth       691  not login!  
[2023/09/06 15:40:27 810] auth       528  [session] send auth request  
[2023/09/06 15:40:27 810] transport  1102 session.domain=  open.xf-yun.com  
[2023/09/06 15:40:27 810] transport  1103 url.host=  open.xf-yun.com  
[2023/09/06 15:40:27 810] transport  1080 NAMESERVER START  
[2023/09/06 15:40:27 810] transport  1083 name =   ath  
[2023/09/06 15:40:27 810] ns         629  ntt=  standard  
[2023/09/06 15:40:27 811] transport  1086 trans,ns_inprog =  0  
[2023/09/06 15:40:27 811] ns         585  name server start  
[2023/09/06 15:40:27 811] ns         586  ns_sub =   ath  
[2023/09/06 15:40:27 811] ns         588  ns_host=  open.xf-yun.com  
[2023/09/06 15:40:27 811] ns         479  ns_host=  open.xf-yun.com  
[2023/09/06 15:40:27 811] ns         558  GET /sip/resolver?srand=0906154011.32 HTTP/1.1
Host: hdns.openspeech.cn
Connection: Keep-Alive
X-Par: ver=1.3&appid=5e7d9f3e&operator=UNKNOW&nettype=STANDARD&cver=5.0.38.1195&svc=ath&host=open.xf-yun.com&sign=a40ec43b734e52e1e91a0383640b1032
User-Agent: iFLYCloud

  
[2023/09/06 15:40:27 811] ns         559  net_type =  standard  
[2023/09/06 15:40:27 812] ns         560  cmwapascmnet =  
[2023/09/06 15:40:27 812] ns         561  uniwapasuninet =  
[2023/09/06 15:40:27 812] ns         562  ctwapasctnet =  
[2023/09/06 15:40:27 812] ns         579  host=  hdns.openspeech.cn  
[2023/09/06 15:40:27 812] network    263  gethostbyname  hdns.openspeech.cn  ns1  
[2023/09/06 15:40:27 816] auth       535  0  
[2023/09/06 15:40:27 816] auth       498  lver:  nil  
[2023/09/06 15:40:27 817] auth       503  cfg_ver:  nil  
[2023/09/06 15:40:27 817] transport  1849 transport_obj.send | in  
[2023/09/06 15:40:27 817] transport  1855 self.msg_flag_q  table(7807dbf0) 
[2023/09/06 15:40:27 817] transport  1856 self.msg_q  table(78038d80) 
[2023/09/06 15:40:27 817] transport  1788 transport_obj.try2send | in  
[2023/09/06 15:40:27 817] transport  1789 self.soc  nil  
[2023/09/06 15:40:27 817] transport  1790 self.connected  false  
[2023/09/06 15:40:27 817] transport  1791 self.latesterr  0  
[2023/09/06 15:40:27 817] transport  1862 transport_obj.send | out  
[2023/09/06 15:40:27 818] isr_local  2038 commit path:   res/asr/GrmBuilld/temp/commit  
[2023/09/06 15:40:27 827] isr_local  2076 commit success!  
[2023/09/06 15:40:27 830] isr_local  1409 esr_session_begin | esr_obj:start ret =  0  
[2023/09/06 15:40:27 831] isr_local  2122 esr_session_begin, ret =   0  
[2023/09/06 15:40:27 831] isr_local  2265 last gc at  1693986027  
[2023/09/06 15:40:27 929] isr_local  655  local engine ready  
[2023/09/06 15:40:27 930] isr_local  585  esr_flush_buf_audio buffer audio num:  0  
[2023/09/06 15:40:27 931] isr_local  630  local engine started  
[2023/09/06 15:40:27 972] isr_local  2126 ASR_LOCAL_MSG_AUW  
[2023/09/06 15:40:27 972] isr_local  1558 auwl =   3200  
[2023/09/06 15:40:27 972] isr_local  2135 esr_audio_write, ret =  nil  
[2023/09/06 15:40:27 972] isr_local  2265 last gc at  1693986027  
[2023/09/06 15:40:28 067] isr_local  2126 ASR_LOCAL_MSG_AUW  
[2023/09/06 15:40:28 067] isr_local  1558 auwl =   3200  
[2023/09/06 15:40:28 067] isr_local  2135 esr_audio_write, ret =  nil  
[2023/09/06 15:40:28 067] isr_local  2265 last gc at  1693986027  
[2023/09/06 15:40:28 178] isr_local  2126 ASR_LOCAL_MSG_AUW  
[2023/09/06 15:40:28 178] isr_local  1558 auwl =   3200  
[2023/09/06 15:40:28 179] isr_local  2135 esr_audio_write, ret =  nil  
[2023/09/06 15:40:28 179] isr_local  2265 last gc at  1693986027  
[2023/09/06 15:40:28 277] isr_local  2126 ASR_LOCAL_MSG_AUW  
[2023/09/06 15:40:28 278] isr_local  1558 auwl =   3200  
[2023/09/06 15:40:28 279] isr_local  2135 esr_audio_write, ret =  nil  
[2023/09/06 15:40:28 279] isr_local  2265 last gc at  1693986027  
[2023/09/06 15:40:28 379] isr_local  2126 ASR_LOCAL_MSG_AUW  
[2023/09/06 15:40:28 379] isr_local  1558 auwl =   3200  
[2023/09/06 15:40:28 380] isr_local  2135 esr_audio_write, ret =  nil  
[2023/09/06 15:40:28 381] isr_local  2265 last gc at  1693986027  
[2023/09/06 15:40:28 479] isr_local  2126 ASR_LOCAL_MSG_AUW  
[2023/09/06 15:40:28 479] isr_local  1558 auwl =   3200  
[2023/09/06 15:40:28 480] isr_local  2135 esr_audio_write, ret =  nil  
[2023/09/06 15:40:28 480] isr_local  2265 last gc at  1693986027  
[2023/09/06 15:40:28 578] isr_local  2126 ASR_LOCAL_MSG_AUW  
[2023/09/06 15:40:28 579] isr_local  1558 auwl =   3200  
[2023/09/06 15:40:28 580] isr_local  2135 esr_audio_write, ret =  nil  
[2023/09/06 15:40:28 580] isr_local  2265 last gc at  1693986027  
[2023/09/06 15:40:28 668] isr_local  2126 ASR_LOCAL_MSG_AUW  
[2023/09/06 15:40:28 668] isr_local  1558 auwl =   3200  
[2023/09/06 15:40:28 668] isr_local  2135 esr_audio_write, ret =  nil  
[2023/09/06 15:40:28 669] isr_local  2265 last gc at  1693986027  
[2023/09/06 15:40:28 766] isr_local  2126 ASR_LOCAL_MSG_AUW  
[2023/09/06 15:40:28 766] isr_local  1558 auwl =   3200  
[2023/09/06 15:40:28 767] isr_local  2135 esr_audio_write, ret =  nil  
[2023/09/06 15:40:28 767] isr_local  2265 last gc at  1693986027  
[2023/09/06 15:40:28 878] isr_local  2126 ASR_LOCAL_MSG_AUW  
[2023/09/06 15:40:28 878] isr_local  1558 auwl =   3200  
[2023/09/06 15:40:28 879] isr_local  2135 esr_audio_write, ret =  nil  
[2023/09/06 15:40:28 880] isr_local  2265 last gc at  1693986027  
[2023/09/06 15:40:28 977] isr_local  2126 ASR_LOCAL_MSG_AUW  
[2023/09/06 15:40:28 978] isr_local  1558 auwl =   3200  
[2023/09/06 15:40:28 979] isr_local  2135 esr_audio_write, ret =  nil  
[2023/09/06 15:40:28 979] isr_local  2265 last gc at  1693986027  
[2023/09/06 15:40:29 077] isr_local  2126 ASR_LOCAL_MSG_AUW  
[2023/09/06 15:40:29 078] isr_local  1558 auwl =   3200  
[2023/09/06 15:40:29 079] isr_local  2135 esr_audio_write, ret =  nil  
[2023/09/06 15:40:29 079] isr_local  2265 last gc at  1693986027  
[2023/09/06 15:40:29 178] isr_local  2126 ASR_LOCAL_MSG_AUW  
[2023/09/06 15:40:29 178] isr_local  1558 auwl =   3200  
[2023/09/06 15:40:29 179] isr_local  2135 esr_audio_write, ret =  nil  
[2023/09/06 15:40:29 179] isr_local  2265 last gc at  1693986027  
[2023/09/06 15:40:29 278] isr_local  2126 ASR_LOCAL_MSG_AUW  
[2023/09/06 15:40:29 279] isr_local  1558 auwl =   3200  
[2023/09/06 15:40:29 279] isr_local  2135 esr_audio_write, ret =  nil  
[2023/09/06 15:40:29 280] isr_local  2265 last gc at  1693986027  
[2023/09/06 15:40:29 378] isr_local  2126 ASR_LOCAL_MSG_AUW  
[2023/09/06 15:40:29 378] isr_local  1558 auwl =   3200  
[2023/09/06 15:40:29 379] isr_local  2135 esr_audio_write, ret =  nil  
[2023/09/06 15:40:29 379] isr_local  2265 last gc at  1693986027  
[2023/09/06 15:40:29 477] isr_local  2126 ASR_LOCAL_MSG_AUW  
[2023/09/06 15:40:29 478] isr_local  1558 auwl =   3200  
[2023/09/06 15:40:29 479] isr_local  2135 esr_audio_write, ret =  nil  
[2023/09/06 15:40:29 479] isr_local  2265 last gc at  1693986027  
[2023/09/06 15:40:29 578] isr_local  2126 ASR_LOCAL_MSG_AUW  
[2023/09/06 15:40:29 578] isr_local  1558 auwl =   3200  
[2023/09/06 15:40:29 579] isr_local  2135 esr_audio_write, ret =  nil  
[2023/09/06 15:40:29 579] isr_local  2265 last gc at  1693986027  
[2023/09/06 15:40:29 677] isr_local  2126 ASR_LOCAL_MSG_AUW  
[2023/09/06 15:40:29 678] isr_local  1558 auwl =   3200  
[2023/09/06 15:40:29 678] isr_local  2135 esr_audio_write, ret =  nil  
[2023/09/06 15:40:29 679] isr_local  2265 last gc at  1693986027  
[2023/09/06 15:40:29 768] isr_local  2126 ASR_LOCAL_MSG_AUW  
[2023/09/06 15:40:29 768] isr_local  1558 auwl =   3200  
[2023/09/06 15:40:29 768] isr_local  2135 esr_audio_write, ret =  nil  
[2023/09/06 15:40:29 768] isr_local  2265 last gc at  1693986027  
[2023/09/06 15:40:29 867] isr_local  2126 ASR_LOCAL_MSG_AUW  
[2023/09/06 15:40:29 867] isr_local  1558 auwl =   3200  
[2023/09/06 15:40:29 867] isr_local  2135 esr_audio_write, ret =  nil  
[2023/09/06 15:40:29 867] isr_local  2265 last gc at  1693986027  
[2023/09/06 15:40:29 977] isr_local  2126 ASR_LOCAL_MSG_AUW  
[2023/09/06 15:40:29 978] isr_local  1558 auwl =   3200  
[2023/09/06 15:40:29 979] isr_local  2135 esr_audio_write, ret =  nil  
[2023/09/06 15:40:29 979] isr_local  2265 last gc at  1693986027  
[2023/09/06 15:40:30 078] isr_local  2126 ASR_LOCAL_MSG_AUW  
[2023/09/06 15:40:30 078] isr_local  1558 auwl =   3200  
[2023/09/06 15:40:30 079] isr_local  2135 esr_audio_write, ret =  nil  
[2023/09/06 15:40:30 079] isr_local  2265 last gc at  1693986027  
[2023/09/06 15:40:30 178] isr_local  2126 ASR_LOCAL_MSG_AUW  
[2023/09/06 15:40:30 179] isr_local  1558 auwl =   3200  
[2023/09/06 15:40:30 180] isr_local  2135 esr_audio_write, ret =  nil  
[2023/09/06 15:40:30 181] isr_local  2265 last gc at  1693986027  
[2023/09/06 15:40:30 278] isr_local  2126 ASR_LOCAL_MSG_AUW  
[2023/09/06 15:40:30 279] isr_local  1558 auwl =   3200  
[2023/09/06 15:40:30 280] isr_local  2135 esr_audio_write, ret =  nil  
[2023/09/06 15:40:30 280] isr_local  2265 last gc at  1693986027  
[2023/09/06 15:40:30 378] isr_local  2126 ASR_LOCAL_MSG_AUW  
[2023/09/06 15:40:30 378] isr_local  1558 auwl =   3200  
[2023/09/06 15:40:30 379] isr_local  2135 esr_audio_write, ret =  nil  
[2023/09/06 15:40:30 379] isr_local  2265 last gc at  1693986027  
[2023/09/06 15:40:30 478] isr_local  2126 ASR_LOCAL_MSG_AUW  
[2023/09/06 15:40:30 479] isr_local  1558 auwl =   3200  
[2023/09/06 15:40:30 479] isr_local  2135 esr_audio_write, ret =  nil  
[2023/09/06 15:40:30 480] isr_local  2265 last gc at  1693986027  
[2023/09/06 15:40:30 579] isr_local  2126 ASR_LOCAL_MSG_AUW  
[2023/09/06 15:40:30 579] isr_local  1558 auwl =   3200  
[2023/09/06 15:40:30 579] isr_local  2135 esr_audio_write, ret =  nil  
[2023/09/06 15:40:30 580] isr_local  2265 last gc at  1693986027  
[2023/09/06 15:40:30 677] isr_local  2126 ASR_LOCAL_MSG_AUW  
[2023/09/06 15:40:30 678] isr_local  1558 auwl =   3200  
[2023/09/06 15:40:30 679] isr_local  2135 esr_audio_write, ret =  nil  
[2023/09/06 15:40:30 679] isr_local  2265 last gc at  1693986027  
[2023/09/06 15:40:30 766] isr_local  2126 ASR_LOCAL_MSG_AUW  
[2023/09/06 15:40:30 767] isr_local  1558 auwl =   2560  
[2023/09/06 15:40:30 769] isr_local  2135 esr_audio_write, ret =  nil  
[2023/09/06 15:40:30 769] isr_local  2265 last gc at  1693986027  
[2023/09/06 15:40:30 816] network    231  dns timeout!  ns1  
[2023/09/06 15:40:30 816] ns         457  ns dns failed, err =   10114  
[2023/09/06 15:40:30 816] network    445  gethttpresp2  117.121.48.5  80  ns2  
[2023/09/06 15:40:30 816] network    465  prot_type  tcp  
[2023/09/06 15:40:30 818] transport  306  [dns] [1] timeout!   
[2023/09/06 15:40:30 818] transport  74   dns_failed  
[2023/09/06 15:40:30 818] network    90   ipfromenv ,  ipcache  open.xf-yun.com  def  nil  
[2023/09/06 15:40:30 819] network    90   ipfromenv ,  ipcfg  open.xf-yun.com  def  nil  
[2023/09/06 15:40:30 819] transport  1298 [soc] connect   116.213.69.195  80  
[2023/09/06 15:40:30 819] transport  1310 mspsoc.open,prot_type=  tcp  
[2023/09/06 15:40:30 822] network    418  soc error  10202  ns2  
[2023/09/06 15:40:30 823] ns         256  name server http resp  table(780729f0) 10202  nil  
[2023/09/06 15:40:30 824] ns         415  ns response failed, err =  10202  
[2023/09/06 15:40:30 824] ns         116  ns_host=  open.xf-yun.com  
[2023/09/06 15:40:30 824] ns         118  use default ip  
[2023/09/06 15:40:30 824] transport  1060 ns_ip =   116.213.69.195  
[2023/09/06 15:40:30 824] transport  1061 ip_type =  def_athopen.xf-yun.com  
[2023/09/06 15:40:30 824] ns         658  no data in ns_q  
[2023/09/06 15:40:30 824] ns         659  conti_ns,ns_inprog =   1  
[2023/09/06 15:40:30 824] transport  539  MSC:[soc] [1] error 10202 113!  
[2023/09/06 15:40:30 824] transport  64   clear_ip ip_type =  def_athopen.xf-yun.com  
[2023/09/06 15:40:30 825] transport  339  soc_conn_failed  
[2023/09/06 15:40:30 825] network    95   iptoenv ,  ipcache  open.xf-yun.com  def  nil  
[2023/09/06 15:40:30 826] transport  413  switch 80  
[2023/09/06 15:40:30 831] transport  1326 [soc] disconnect   
[2023/09/06 15:40:30 844] isr_local  669  final result will throw out next!  
[2023/09/06 15:40:30 845] isr_local  679  nRecognizeState:  1  
[2023/09/06 15:40:30 845] isr_local  680  nConfidenceScore:  0  
[2023/09/06 15:40:30 845] isr_local  728  result_type :   xml  
[2023/09/06 15:40:30 845] isr_local  729  result_encoding :   UTF-8  
[2023/09/06 15:40:30 845] isr_local  730  is iat :   false  
[2023/09/06 15:40:30 846] isr_local  469  item_count:1  
[2023/09/06 15:40:30 847] isr_local  293  nil  
[2023/09/06 15:40:30 847] isr_local  675  recognized end!  
[2023/09/06 15:40:30 862] isr_local  2140 ASR_LOCAL_MSG_SSE  
[2023/09/06 15:40:30 862] isr_local  1518 esr_session_end | esr_obj:stop ret =  0  
[2023/09/06 15:40:30 863] isr_local  2142 esr_session_end, ret =  0  
[2023/09/06 15:40:30 879] isr_local  2265 last gc at  1693986027  
[2023/09/06 15:40:30 883] isr_local  2182 SYS_MSG_SHUTDOWN_LOCAL  
[2023/09/06 15:40:30 988] isr_local  2265 last gc at  1693986027  
============================================================
Time  2023/09/06 15:40:43 267 
============================================================
[2023/09/06 15:40:43 267] isr_local  2168 os_type is:  Linux  
[2023/09/06 15:40:43 267] isr_local  2177 SYS_MSG_LOAD_LOCAL  
[2023/09/06 15:40:43 267] isr_local  2265 last gc at  1693986042  
[2023/09/06 15:40:43 268] isr_local  2206 SYS_MSG_REGCB_LOCAL| param0 =  msp_status_cb  
[2023/09/06 15:40:43 268] isr_local  2265 last gc at  1693986042  
[2023/09/06 15:40:43 268] isr_local  2206 SYS_MSG_REGCB_LOCAL| param0 =  local_service_cbmsg  
[2023/09/06 15:40:43 269] isr_local  2265 last gc at  1693986042  
[2023/09/06 15:40:43 269] isr_local  2114 ASR_LOCAL_MSG_SSB  
[2023/09/06 15:40:43 269] isr_local  1251 esr_session_begin | params:  engine_type=local,asr_res_path=fo|res/asr/common.jet,sample_rate=16000,grm_build_path=res/asr/GrmBuilld,local_grammar=call,result_type=xml,result_encoding=UTF-8  
[2023/09/06 15:40:43 269] isr_local  803  engine_type  :  local  
[2023/09/06 15:40:43 269] isr_local  803  asr_res_path  :  fo|res/asr/common.jet  
[2023/09/06 15:40:43 270] isr_local  803  sample_rate  :  16000  
[2023/09/06 15:40:43 270] isr_local  803  grm_build_path  :  res/asr/GrmBuilld  
[2023/09/06 15:40:43 270] isr_local  803  local_grammar  :  call  
[2023/09/06 15:40:43 270] isr_local  803  result_type  :  xml  
[2023/09/06 15:40:43 270] isr_local  803  result_encoding  :  UTF-8  
[2023/09/06 15:40:43 270] isr_local  1280 init aitalk in ssb  
[2023/09/06 15:40:43 270] isr_local  1162 esr_init | params:  engine_type=local,asr_res_path=fo|res/asr/common.jet,sample_rate=16000,grm_build_path=res/asr/GrmBuilld,local_grammar=call,result_type=xml,result_encoding=UTF-8  
[2023/09/06 15:40:43 270] isr_local  803  engine_type  :  local  
[2023/09/06 15:40:43 271] isr_local  803  asr_res_path  :  fo|res/asr/common.jet  
[2023/09/06 15:40:43 271] isr_local  803  sample_rate  :  16000  
[2023/09/06 15:40:43 271] isr_local  803  grm_build_path  :  res/asr/GrmBuilld  
[2023/09/06 15:40:43 271] isr_local  803  local_grammar  :  call  
[2023/09/06 15:40:43 271] isr_local  803  result_type  :  xml  
[2023/09/06 15:40:43 271] isr_local  803  result_encoding  :  UTF-8  
[2023/09/06 15:40:43 271] isr_local  1083  lucEsr.new   
[2023/09/06 15:40:43 272] isr_local  1000 file count =   1  
[2023/09/06 15:40:43 272] isr_local  923  file open type is:   fo  
[2023/09/06 15:40:43 272] isr_local  956  res/asr/common.jet  0  0  
[2023/09/06 15:40:43 272] isr_local  1018 speech_plus_setting  0  
[2023/09/06 15:40:43 272] isr_local  1031 2  nil  res/asr/common.jet  0  0  
[2023/09/06 15:40:43 273] isr_local  1033 res_ver  2  
[2023/09/06 15:40:43 273] isr_local  1034 res 5  62dd61c88201165be2937d82ec3543bf  
[2023/09/06 15:40:43 273] isr_local  1035 res_new_old_mark  v5pp  
[2023/09/06 15:40:43 273] isr_local  1036 res_usr_name  ""  
[2023/09/06 15:40:43 273] isr_local  1037 res_expires    
[2023/09/06 15:40:43 273] isr_local  1038 err  0  
[2023/09/06 15:40:43 273] isr_local  1054 lgi appid 5  62dd61c88201165be2937d82ec3543bf  
[2023/09/06 15:40:43 273] isr_local  1065 res_expires is null  
[2023/09/06 15:40:43 274] auth       74   aitalk  app  nil  nil  {"aitalk":{"ver":"2","bus":{"forbid":"0","nlimit":2020}}}  
[2023/09/06 15:40:43 275] auth       312  nil  
[2023/09/06 15:40:43 298] isr_local  1294 authorized_aitalk=  nil  
[2023/09/06 15:40:43 298] isr_local  1295 forbid_aitalk=  0  
[2023/09/06 15:40:43 298] auth       570  aitalk  table(780643d0) nil  nil  appid = 5e7d9f3e  
[2023/09/06 15:40:43 298] auth       579  app  nil  nil  nil  
[2023/09/06 15:40:43 299] auth       636  ath rquest  {"authorize":[{"ver":"2.1.1","busin":"aitalk"}]}  
[2023/09/06 15:40:43 301] transport  642  paramkvsport is   nil  
[2023/09/06 15:40:43 301] transport  654  ns_enable=  1  
[2023/09/06 15:40:43 301] transport  656  2017-08--24 is_ns_need_close =   nil  
[2023/09/06 15:40:43 302] transport  662  net.nettype=  standard  
[2023/09/06 15:40:43 302] transport  672  url.full=  nil  
[2023/09/06 15:40:43 302] transport  673  urltmp=  nil  
[2023/09/06 15:40:43 302] transport  677  server_url_host=, server_url_port=, server_url_path=  open.xf-yun.com  nil  /msp.do  
[2023/09/06 15:40:43 302] transport  705  url.full=  nil  
[2023/09/06 15:40:43 302] transport  890  switch 80  
[2023/09/06 15:40:43 302] transport  902  net type:  standard  
[2023/09/06 15:40:43 302] transport  903  net operator:  def  
[2023/09/06 15:40:43 302] transport  904  use proxy:  false  
[2023/09/06 15:40:43 302] auth       691  not login!  
[2023/09/06 15:40:43 302] auth       528  [session] send auth request  
[2023/09/06 15:40:43 303] transport  1102 session.domain=  open.xf-yun.com  
[2023/09/06 15:40:43 303] transport  1103 url.host=  open.xf-yun.com  
[2023/09/06 15:40:43 303] transport  1080 NAMESERVER START  
[2023/09/06 15:40:43 303] transport  1083 name =   ath  
[2023/09/06 15:40:43 303] ns         629  ntt=  standard  
[2023/09/06 15:40:43 303] transport  1086 trans,ns_inprog =  0  
[2023/09/06 15:40:43 303] ns         585  name server start  
[2023/09/06 15:40:43 303] ns         586  ns_sub =   ath  
[2023/09/06 15:40:43 303] ns         588  ns_host=  open.xf-yun.com  
[2023/09/06 15:40:43 304] ns         479  ns_host=  open.xf-yun.com  
[2023/09/06 15:40:43 304] ns         558  GET /sip/resolver?srand=0906154011.32 HTTP/1.1
Host: hdns.openspeech.cn
Connection: Keep-Alive
X-Par: ver=1.3&appid=5e7d9f3e&operator=UNKNOW&nettype=STANDARD&cver=5.0.38.1195&svc=ath&host=open.xf-yun.com&sign=a40ec43b734e52e1e91a0383640b1032
User-Agent: iFLYCloud

  
[2023/09/06 15:40:43 304] ns         559  net_type =  standard  
[2023/09/06 15:40:43 304] ns         560  cmwapascmnet =  
[2023/09/06 15:40:43 304] ns         561  uniwapasuninet =  
[2023/09/06 15:40:43 304] ns         562  ctwapasctnet =  
[2023/09/06 15:40:43 304] ns         579  host=  hdns.openspeech.cn  
[2023/09/06 15:40:43 304] network    263  gethostbyname  hdns.openspeech.cn  ns1  
[2023/09/06 15:40:43 307] auth       535  0  
[2023/09/06 15:40:43 307] auth       498  lver:  nil  
[2023/09/06 15:40:43 308] auth       503  cfg_ver:  nil  
[2023/09/06 15:40:43 308] transport  1849 transport_obj.send | in  
[2023/09/06 15:40:43 308] transport  1855 self.msg_flag_q  table(78023570) 
[2023/09/06 15:40:43 308] transport  1856 self.msg_q  table(78088d40) 
[2023/09/06 15:40:43 308] transport  1788 transport_obj.try2send | in  
[2023/09/06 15:40:43 308] transport  1789 self.soc  nil  
[2023/09/06 15:40:43 308] transport  1790 self.connected  false  
[2023/09/06 15:40:43 308] transport  1791 self.latesterr  0  
[2023/09/06 15:40:43 308] transport  1862 transport_obj.send | out  
[2023/09/06 15:40:43 309] isr_local  2038 commit path:   res/asr/GrmBuilld/temp/commit  
[2023/09/06 15:40:43 319] isr_local  2076 commit success!  
[2023/09/06 15:40:43 323] isr_local  1409 esr_session_begin | esr_obj:start ret =  0  
[2023/09/06 15:40:43 323] isr_local  2122 esr_session_begin, ret =   0  
[2023/09/06 15:40:43 323] isr_local  2265 last gc at  1693986042  
[2023/09/06 15:40:43 420] isr_local  655  local engine ready  
[2023/09/06 15:40:43 421] isr_local  585  esr_flush_buf_audio buffer audio num:  0  
[2023/09/06 15:40:43 423] isr_local  630  local engine started  
[2023/09/06 15:40:43 446] isr_local  2126 ASR_LOCAL_MSG_AUW  
[2023/09/06 15:40:43 446] isr_local  1558 auwl =   3200  
[2023/09/06 15:40:43 446] isr_local  2135 esr_audio_write, ret =  nil  
[2023/09/06 15:40:43 446] isr_local  2265 last gc at  1693986042  
[2023/09/06 15:40:43 539] isr_local  2126 ASR_LOCAL_MSG_AUW  
[2023/09/06 15:40:43 539] isr_local  1558 auwl =   3200  
[2023/09/06 15:40:43 540] isr_local  2135 esr_audio_write, ret =  nil  
[2023/09/06 15:40:43 540] isr_local  2265 last gc at  1693986042  
[2023/09/06 15:40:43 635] isr_local  2126 ASR_LOCAL_MSG_AUW  
[2023/09/06 15:40:43 636] isr_local  1558 auwl =   3200  
[2023/09/06 15:40:43 636] isr_local  2135 esr_audio_write, ret =  nil  
[2023/09/06 15:40:43 636] isr_local  2265 last gc at  1693986042  
[2023/09/06 15:40:43 741] isr_local  2126 ASR_LOCAL_MSG_AUW  
[2023/09/06 15:40:43 742] isr_local  1558 auwl =   3200  
[2023/09/06 15:40:43 743] isr_local  2135 esr_audio_write, ret =  nil  
[2023/09/06 15:40:43 744] isr_local  2265 last gc at  1693986042  
[2023/09/06 15:40:43 847] isr_local  2126 ASR_LOCAL_MSG_AUW  
[2023/09/06 15:40:43 848] isr_local  1558 auwl =   3200  
[2023/09/06 15:40:43 849] isr_local  2135 esr_audio_write, ret =  nil  
[2023/09/06 15:40:43 849] isr_local  2265 last gc at  1693986042  
[2023/09/06 15:40:43 948] isr_local  2126 ASR_LOCAL_MSG_AUW  
[2023/09/06 15:40:43 949] isr_local  1558 auwl =   3200  
[2023/09/06 15:40:43 949] isr_local  2135 esr_audio_write, ret =  nil  
[2023/09/06 15:40:43 950] isr_local  2265 last gc at  1693986042  
[2023/09/06 15:40:44 048] isr_local  2126 ASR_LOCAL_MSG_AUW  
[2023/09/06 15:40:44 049] isr_local  1558 auwl =   3200  
[2023/09/06 15:40:44 049] isr_local  2135 esr_audio_write, ret =  nil  
[2023/09/06 15:40:44 050] isr_local  2265 last gc at  1693986042  
[2023/09/06 15:40:44 149] isr_local  2126 ASR_LOCAL_MSG_AUW  
[2023/09/06 15:40:44 149] isr_local  1558 auwl =   3200  
[2023/09/06 15:40:44 150] isr_local  2135 esr_audio_write, ret =  nil  
[2023/09/06 15:40:44 150] isr_local  2265 last gc at  1693986042  
[2023/09/06 15:40:44 248] isr_local  2126 ASR_LOCAL_MSG_AUW  
[2023/09/06 15:40:44 249] isr_local  1558 auwl =   3200  
[2023/09/06 15:40:44 249] isr_local  2135 esr_audio_write, ret =  nil  
[2023/09/06 15:40:44 250] isr_local  2265 last gc at  1693986042  
[2023/09/06 15:40:44 348] isr_local  2126 ASR_LOCAL_MSG_AUW  
[2023/09/06 15:40:44 349] isr_local  1558 auwl =   3200  
[2023/09/06 15:40:44 349] isr_local  2135 esr_audio_write, ret =  nil  
[2023/09/06 15:40:44 350] isr_local  2265 last gc at  1693986042  
[2023/09/06 15:40:44 448] isr_local  2126 ASR_LOCAL_MSG_AUW  
[2023/09/06 15:40:44 449] isr_local  1558 auwl =   3200  
[2023/09/06 15:40:44 449] isr_local  2135 esr_audio_write, ret =  nil  
[2023/09/06 15:40:44 450] isr_local  2265 last gc at  1693986042  
[2023/09/06 15:40:44 548] isr_local  2126 ASR_LOCAL_MSG_AUW  
[2023/09/06 15:40:44 549] isr_local  1558 auwl =   3200  
[2023/09/06 15:40:44 550] isr_local  2135 esr_audio_write, ret =  nil  
[2023/09/06 15:40:44 550] isr_local  2265 last gc at  1693986042  
[2023/09/06 15:40:44 649] isr_local  2126 ASR_LOCAL_MSG_AUW  
[2023/09/06 15:40:44 650] isr_local  1558 auwl =   3200  
[2023/09/06 15:40:44 650] isr_local  2135 esr_audio_write, ret =  nil  
[2023/09/06 15:40:44 651] isr_local  2265 last gc at  1693986042  
[2023/09/06 15:40:44 736] isr_local  2126 ASR_LOCAL_MSG_AUW  
[2023/09/06 15:40:44 737] isr_local  1558 auwl =   3200  
[2023/09/06 15:40:44 737] isr_local  2135 esr_audio_write, ret =  nil  
[2023/09/06 15:40:44 737] isr_local  2265 last gc at  1693986042  
[2023/09/06 15:40:44 843] isr_local  2126 ASR_LOCAL_MSG_AUW  
[2023/09/06 15:40:44 844] isr_local  1558 auwl =   3200  
[2023/09/06 15:40:44 845] isr_local  2135 esr_audio_write, ret =  nil  
[2023/09/06 15:40:44 845] isr_local  2265 last gc at  1693986042  
[2023/09/06 15:40:44 943] isr_local  2126 ASR_LOCAL_MSG_AUW  
[2023/09/06 15:40:44 944] isr_local  1558 auwl =   3200  
[2023/09/06 15:40:44 945] isr_local  2135 esr_audio_write, ret =  nil  
[2023/09/06 15:40:44 945] isr_local  2265 last gc at  1693986042  
[2023/09/06 15:40:45 044] isr_local  2126 ASR_LOCAL_MSG_AUW  
[2023/09/06 15:40:45 045] isr_local  1558 auwl =   3200  
[2023/09/06 15:40:45 047] isr_local  2135 esr_audio_write, ret =  nil  
[2023/09/06 15:40:45 047] isr_local  2265 last gc at  1693986042  
[2023/09/06 15:40:45 135] isr_local  2126 ASR_LOCAL_MSG_AUW  
[2023/09/06 15:40:45 135] isr_local  1558 auwl =   3200  
[2023/09/06 15:40:45 135] isr_local  2135 esr_audio_write, ret =  nil  
[2023/09/06 15:40:45 135] isr_local  2265 last gc at  1693986042  
[2023/09/06 15:40:45 240] isr_local  2126 ASR_LOCAL_MSG_AUW  
[2023/09/06 15:40:45 240] isr_local  1558 auwl =   3200  
[2023/09/06 15:40:45 240] isr_local  2135 esr_audio_write, ret =  nil  
[2023/09/06 15:40:45 240] isr_local  2265 last gc at  1693986042  
[2023/09/06 15:40:45 340] isr_local  2126 ASR_LOCAL_MSG_AUW  
[2023/09/06 15:40:45 340] isr_local  1558 auwl =   3200  
[2023/09/06 15:40:45 340] isr_local  2135 esr_audio_write, ret =  nil  
[2023/09/06 15:40:45 341] isr_local  2265 last gc at  1693986042  
[2023/09/06 15:40:45 440] isr_local  2126 ASR_LOCAL_MSG_AUW  
[2023/09/06 15:40:45 440] isr_local  1558 auwl =   3200  
[2023/09/06 15:40:45 440] isr_local  2135 esr_audio_write, ret =  nil  
[2023/09/06 15:40:45 440] isr_local  2265 last gc at  1693986042  
[2023/09/06 15:40:45 533] isr_local  2126 ASR_LOCAL_MSG_AUW  
[2023/09/06 15:40:45 533] isr_local  1558 auwl =   3200  
[2023/09/06 15:40:45 533] isr_local  2135 esr_audio_write, ret =  nil  
[2023/09/06 15:40:45 533] isr_local  2265 last gc at  1693986042  
[2023/09/06 15:40:45 633] isr_local  2126 ASR_LOCAL_MSG_AUW  
[2023/09/06 15:40:45 633] isr_local  1558 auwl =   3200  
[2023/09/06 15:40:45 633] isr_local  2135 esr_audio_write, ret =  nil  
[2023/09/06 15:40:45 633] isr_local  2265 last gc at  1693986042  
[2023/09/06 15:40:45 733] isr_local  2126 ASR_LOCAL_MSG_AUW  
[2023/09/06 15:40:45 733] isr_local  1558 auwl =   3200  
[2023/09/06 15:40:45 733] isr_local  2135 esr_audio_write, ret =  nil  
[2023/09/06 15:40:45 734] isr_local  2265 last gc at  1693986042  
[2023/09/06 15:40:45 833] isr_local  2126 ASR_LOCAL_MSG_AUW  
[2023/09/06 15:40:45 833] isr_local  1558 auwl =   3200  
[2023/09/06 15:40:45 833] isr_local  2135 esr_audio_write, ret =  nil  
[2023/09/06 15:40:45 833] isr_local  2265 last gc at  1693986042  
[2023/09/06 15:40:45 933] isr_local  2126 ASR_LOCAL_MSG_AUW  
[2023/09/06 15:40:45 933] isr_local  1558 auwl =   3200  
[2023/09/06 15:40:45 933] isr_local  2135 esr_audio_write, ret =  nil  
[2023/09/06 15:40:45 933] isr_local  2265 last gc at  1693986042  
[2023/09/06 15:40:46 033] isr_local  2126 ASR_LOCAL_MSG_AUW  
[2023/09/06 15:40:46 033] isr_local  1558 auwl =   3200  
[2023/09/06 15:40:46 033] isr_local  2135 esr_audio_write, ret =  nil  
[2023/09/06 15:40:46 033] isr_local  2265 last gc at  1693986042  
[2023/09/06 15:40:46 149] isr_local  2126 ASR_LOCAL_MSG_AUW  
[2023/09/06 15:40:46 150] isr_local  1558 auwl =   3200  
[2023/09/06 15:40:46 150] isr_local  2135 esr_audio_write, ret =  nil  
[2023/09/06 15:40:46 150] isr_local  2265 last gc at  1693986042  
[2023/09/06 15:40:46 236] isr_local  2126 ASR_LOCAL_MSG_AUW  
[2023/09/06 15:40:46 236] isr_local  1558 auwl =   2560  
[2023/09/06 15:40:46 236] isr_local  2135 esr_audio_write, ret =  nil  
[2023/09/06 15:40:46 236] isr_local  2265 last gc at  1693986042  
[2023/09/06 15:40:46 307] transport  306  [dns] [1] timeout!   
[2023/09/06 15:40:46 308] transport  74   dns_failed  
[2023/09/06 15:40:46 308] network    90   ipfromenv ,  ipcache  open.xf-yun.com  def  nil  
[2023/09/06 15:40:46 308] network    90   ipfromenv ,  ipcfg  open.xf-yun.com  def  nil  
[2023/09/06 15:40:46 309] transport  1298 [soc] connect   116.213.69.195  80  
[2023/09/06 15:40:46 309] transport  1310 mspsoc.open,prot_type=  tcp  
[2023/09/06 15:40:46 309] network    231  dns timeout!  ns1  
[2023/09/06 15:40:46 310] ns         457  ns dns failed, err =   10114  
[2023/09/06 15:40:46 310] network    445  gethttpresp2  117.121.48.5  80  ns2  
[2023/09/06 15:40:46 310] network    465  prot_type  tcp  
[2023/09/06 15:40:46 310] isr_local  669  final result will throw out next!  
[2023/09/06 15:40:46 310] isr_local  679  nRecognizeState:  1  
[2023/09/06 15:40:46 311] isr_local  680  nConfidenceScore:  24  
[2023/09/06 15:40:46 311] isr_local  728  result_type :   xml  
[2023/09/06 15:40:46 311] isr_local  729  result_encoding :   UTF-8  
[2023/09/06 15:40:46 311] isr_local  730  is iat :   false  
[2023/09/06 15:40:46 311] isr_local  469  item_count:1  
[2023/09/06 15:40:46 311] isr_local  469  item_count:1  
[2023/09/06 15:40:46 311] isr_local  293  nil  
[2023/09/06 15:40:46 312] isr_local  675  recognized end!  
[2023/09/06 15:40:46 315] transport  539  MSC:[soc] [1] error 10202 113!  
[2023/09/06 15:40:46 316] transport  64   clear_ip ip_type =  nil  
[2023/09/06 15:40:46 316] transport  339  soc_conn_failed  
[2023/09/06 15:40:46 316] network    95   iptoenv ,  ipcache  open.xf-yun.com  def  nil  
[2023/09/06 15:40:46 318] transport  413  switch 80  
[2023/09/06 15:40:46 318] transport  1326 [soc] disconnect   
[2023/09/06 15:40:46 318] network    418  soc error  10202  ns2  
[2023/09/06 15:40:46 319] ns         256  name server http resp  table(78088f30) 10202  nil  
[2023/09/06 15:40:46 319] ns         415  ns response failed, err =  10202  
[2023/09/06 15:40:46 319] ns         116  ns_host=  open.xf-yun.com  
[2023/09/06 15:40:46 319] ns         118  use default ip  
[2023/09/06 15:40:46 319] transport  1060 ns_ip =   116.213.69.195  
[2023/09/06 15:40:46 319] transport  1061 ip_type =  def_athopen.xf-yun.com  
[2023/09/06 15:40:46 319] transport  1298 [soc] connect   116.213.69.195  80  
[2023/09/06 15:40:46 319] transport  1310 mspsoc.open,prot_type=  tcp  
[2023/09/06 15:40:46 319] ns         658  no data in ns_q  
[2023/09/06 15:40:46 319] ns         659  conti_ns,ns_inprog =   1  
[2023/09/06 15:40:46 325] isr_local  2140 ASR_LOCAL_MSG_SSE  
[2023/09/06 15:40:46 340] isr_local  1518 esr_session_end | esr_obj:stop ret =  0  
[2023/09/06 15:40:46 341] isr_local  2142 esr_session_end, ret =  0  
[2023/09/06 15:40:46 363] isr_local  2265 last gc at  1693986042  
[2023/09/06 15:40:46 364] isr_local  2182 SYS_MSG_SHUTDOWN_LOCAL  
[2023/09/06 15:40:46 420] isr_local  2265 last gc at  1693986042  
============================================================
Time  2023/09/06 15:40:52 434 
============================================================
[2023/09/06 15:40:52 434] isr_local  2168 os_type is:  Linux  
[2023/09/06 15:40:52 434] isr_local  2177 SYS_MSG_LOAD_LOCAL  
[2023/09/06 15:40:52 435] isr_local  2265 last gc at  1693986051  
[2023/09/06 15:40:52 435] isr_local  2206 SYS_MSG_REGCB_LOCAL| param0 =  msp_status_cb  
[2023/09/06 15:40:52 435] isr_local  2265 last gc at  1693986051  
[2023/09/06 15:40:52 436] isr_local  2206 SYS_MSG_REGCB_LOCAL| param0 =  local_service_cbmsg  
[2023/09/06 15:40:52 436] isr_local  2265 last gc at  1693986051  
[2023/09/06 15:40:52 437] isr_local  2114 ASR_LOCAL_MSG_SSB  
[2023/09/06 15:40:52 437] isr_local  1251 esr_session_begin | params:  engine_type=local,asr_res_path=fo|res/asr/common.jet,sample_rate=16000,grm_build_path=res/asr/GrmBuilld,local_grammar=call,result_type=xml,result_encoding=UTF-8  
[2023/09/06 15:40:52 437] isr_local  803  engine_type  :  local  
[2023/09/06 15:40:52 437] isr_local  803  asr_res_path  :  fo|res/asr/common.jet  
[2023/09/06 15:40:52 437] isr_local  803  sample_rate  :  16000  
[2023/09/06 15:40:52 437] isr_local  803  grm_build_path  :  res/asr/GrmBuilld  
[2023/09/06 15:40:52 438] isr_local  803  local_grammar  :  call  
[2023/09/06 15:40:52 438] isr_local  803  result_type  :  xml  
[2023/09/06 15:40:52 438] isr_local  803  result_encoding  :  UTF-8  
[2023/09/06 15:40:52 438] isr_local  1280 init aitalk in ssb  
[2023/09/06 15:40:52 438] isr_local  1162 esr_init | params:  engine_type=local,asr_res_path=fo|res/asr/common.jet,sample_rate=16000,grm_build_path=res/asr/GrmBuilld,local_grammar=call,result_type=xml,result_encoding=UTF-8  
[2023/09/06 15:40:52 438] isr_local  803  engine_type  :  local  
[2023/09/06 15:40:52 439] isr_local  803  asr_res_path  :  fo|res/asr/common.jet  
[2023/09/06 15:40:52 439] isr_local  803  sample_rate  :  16000  
[2023/09/06 15:40:52 439] isr_local  803  grm_build_path  :  res/asr/GrmBuilld  
[2023/09/06 15:40:52 439] isr_local  803  local_grammar  :  call  
[2023/09/06 15:40:52 439] isr_local  803  result_type  :  xml  
[2023/09/06 15:40:52 439] isr_local  803  result_encoding  :  UTF-8  
[2023/09/06 15:40:52 439] isr_local  1083  lucEsr.new   
[2023/09/06 15:40:52 440] isr_local  1000 file count =   1  
[2023/09/06 15:40:52 440] isr_local  923  file open type is:   fo  
[2023/09/06 15:40:52 440] isr_local  956  res/asr/common.jet  0  0  
[2023/09/06 15:40:52 440] isr_local  1018 speech_plus_setting  0  
[2023/09/06 15:40:52 441] isr_local  1031 2  nil  res/asr/common.jet  0  0  
[2023/09/06 15:40:52 441] isr_local  1033 res_ver  2  
[2023/09/06 15:40:52 441] isr_local  1034 res 5  62dd61c88201165be2937d82ec3543bf  
[2023/09/06 15:40:52 442] isr_local  1035 res_new_old_mark  v5pp  
[2023/09/06 15:40:52 442] isr_local  1036 res_usr_name  ""  
[2023/09/06 15:40:52 442] isr_local  1037 res_expires    
[2023/09/06 15:40:52 442] isr_local  1038 err  0  
[2023/09/06 15:40:52 442] isr_local  1054 lgi appid 5  62dd61c88201165be2937d82ec3543bf  
[2023/09/06 15:40:52 442] isr_local  1065 res_expires is null  
[2023/09/06 15:40:52 443] auth       74   aitalk  app  nil  nil  {"aitalk":{"ver":"2","bus":{"forbid":"0","nlimit":2020}}}  
[2023/09/06 15:40:52 444] auth       312  nil  
[2023/09/06 15:40:52 467] isr_local  1294 authorized_aitalk=  nil  
[2023/09/06 15:40:52 467] isr_local  1295 forbid_aitalk=  0  
[2023/09/06 15:40:52 467] auth       570  aitalk  table(7c064930) nil  nil  appid = 5e7d9f3e  
[2023/09/06 15:40:52 467] auth       579  app  nil  nil  nil  
[2023/09/06 15:40:52 467] auth       636  ath rquest  {"authorize":[{"ver":"2.1.1","busin":"aitalk"}]}  
[2023/09/06 15:40:52 470] transport  642  paramkvsport is   nil  
[2023/09/06 15:40:52 470] transport  654  ns_enable=  1  
[2023/09/06 15:40:52 471] transport  656  2017-08--24 is_ns_need_close =   nil  
[2023/09/06 15:40:52 471] transport  662  net.nettype=  standard  
[2023/09/06 15:40:52 471] transport  672  url.full=  nil  
[2023/09/06 15:40:52 471] transport  673  urltmp=  nil  
[2023/09/06 15:40:52 471] transport  677  server_url_host=, server_url_port=, server_url_path=  open.xf-yun.com  nil  /msp.do  
[2023/09/06 15:40:52 471] transport  705  url.full=  nil  
[2023/09/06 15:40:52 471] transport  890  switch 80  
[2023/09/06 15:40:52 471] transport  902  net type:  standard  
[2023/09/06 15:40:52 471] transport  903  net operator:  def  
[2023/09/06 15:40:52 472] transport  904  use proxy:  false  
[2023/09/06 15:40:52 472] auth       691  not login!  
[2023/09/06 15:40:52 472] auth       528  [session] send auth request  
[2023/09/06 15:40:52 472] transport  1102 session.domain=  open.xf-yun.com  
[2023/09/06 15:40:52 472] transport  1103 url.host=  open.xf-yun.com  
[2023/09/06 15:40:52 472] transport  1080 NAMESERVER START  
[2023/09/06 15:40:52 472] transport  1083 name =   ath  
[2023/09/06 15:40:52 473] ns         629  ntt=  standard  
[2023/09/06 15:40:52 473] transport  1086 trans,ns_inprog =  0  
[2023/09/06 15:40:52 473] ns         585  name server start  
[2023/09/06 15:40:52 473] ns         586  ns_sub =   ath  
[2023/09/06 15:40:52 473] ns         588  ns_host=  open.xf-yun.com  
[2023/09/06 15:40:52 473] ns         479  ns_host=  open.xf-yun.com  
[2023/09/06 15:40:52 473] ns         558  GET /sip/resolver?srand=0906154011.32 HTTP/1.1
Host: hdns.openspeech.cn
Connection: Keep-Alive
X-Par: ver=1.3&appid=5e7d9f3e&operator=UNKNOW&nettype=STANDARD&cver=5.0.38.1195&svc=ath&host=open.xf-yun.com&sign=a40ec43b734e52e1e91a0383640b1032
User-Agent: iFLYCloud

  
[2023/09/06 15:40:52 474] ns         559  net_type =  standard  
[2023/09/06 15:40:52 474] ns         560  cmwapascmnet =  
[2023/09/06 15:40:52 474] ns         561  uniwapasuninet =  
[2023/09/06 15:40:52 474] ns         562  ctwapasctnet =  
[2023/09/06 15:40:52 474] ns         579  host=  hdns.openspeech.cn  
[2023/09/06 15:40:52 474] network    263  gethostbyname  hdns.openspeech.cn  ns1  
[2023/09/06 15:40:52 477] auth       535  0  
[2023/09/06 15:40:52 477] auth       498  lver:  nil  
[2023/09/06 15:40:52 478] auth       503  cfg_ver:  nil  
[2023/09/06 15:40:52 478] transport  1849 transport_obj.send | in  
[2023/09/06 15:40:52 478] transport  1855 self.msg_flag_q  table(7c0312b0) 
[2023/09/06 15:40:52 478] transport  1856 self.msg_q  table(7c02bfe0) 
[2023/09/06 15:40:52 478] transport  1788 transport_obj.try2send | in  
[2023/09/06 15:40:52 478] transport  1789 self.soc  nil  
[2023/09/06 15:40:52 478] transport  1790 self.connected  false  
[2023/09/06 15:40:52 478] transport  1791 self.latesterr  0  
[2023/09/06 15:40:52 478] transport  1862 transport_obj.send | out  
[2023/09/06 15:40:52 479] isr_local  2038 commit path:   res/asr/GrmBuilld/temp/commit  
[2023/09/06 15:40:52 492] isr_local  2076 commit success!  
[2023/09/06 15:40:52 498] isr_local  1409 esr_session_begin | esr_obj:start ret =  0  
[2023/09/06 15:40:52 498] isr_local  2122 esr_session_begin, ret =   0  
[2023/09/06 15:40:52 498] isr_local  2265 last gc at  1693986051  
[2023/09/06 15:40:52 594] isr_local  655  local engine ready  
[2023/09/06 15:40:52 595] isr_local  585  esr_flush_buf_audio buffer audio num:  0  
[2023/09/06 15:40:52 596] isr_local  630  local engine started  
[2023/09/06 15:40:52 629] isr_local  2126 ASR_LOCAL_MSG_AUW  
[2023/09/06 15:40:52 629] isr_local  1558 auwl =   3200  
[2023/09/06 15:40:52 629] isr_local  2135 esr_audio_write, ret =  nil  
[2023/09/06 15:40:52 629] isr_local  2265 last gc at  1693986051  
[2023/09/06 15:40:52 725] isr_local  2126 ASR_LOCAL_MSG_AUW  
[2023/09/06 15:40:52 726] isr_local  1558 auwl =   3200  
[2023/09/06 15:40:52 726] isr_local  2135 esr_audio_write, ret =  nil  
[2023/09/06 15:40:52 726] isr_local  2265 last gc at  1693986051  
[2023/09/06 15:40:52 831] isr_local  2126 ASR_LOCAL_MSG_AUW  
[2023/09/06 15:40:52 831] isr_local  1558 auwl =   3200  
[2023/09/06 15:40:52 831] isr_local  2135 esr_audio_write, ret =  nil  
[2023/09/06 15:40:52 832] isr_local  2265 last gc at  1693986051  
[2023/09/06 15:40:52 934] isr_local  2126 ASR_LOCAL_MSG_AUW  
[2023/09/06 15:40:52 934] isr_local  1558 auwl =   3200  
[2023/09/06 15:40:52 935] isr_local  2135 esr_audio_write, ret =  nil  
[2023/09/06 15:40:52 936] isr_local  2265 last gc at  1693986051  
[2023/09/06 15:40:53 036] isr_local  2126 ASR_LOCAL_MSG_AUW  
[2023/09/06 15:40:53 037] isr_local  1558 auwl =   3200  
[2023/09/06 15:40:53 037] isr_local  2135 esr_audio_write, ret =  nil  
[2023/09/06 15:40:53 038] isr_local  2265 last gc at  1693986051  
[2023/09/06 15:40:53 135] isr_local  2126 ASR_LOCAL_MSG_AUW  
[2023/09/06 15:40:53 136] isr_local  1558 auwl =   3200  
[2023/09/06 15:40:53 137] isr_local  2135 esr_audio_write, ret =  nil  
[2023/09/06 15:40:53 137] isr_local  2265 last gc at  1693986051  
[2023/09/06 15:40:53 235] isr_local  2126 ASR_LOCAL_MSG_AUW  
[2023/09/06 15:40:53 236] isr_local  1558 auwl =   3200  
[2023/09/06 15:40:53 236] isr_local  2135 esr_audio_write, ret =  nil  
[2023/09/06 15:40:53 237] isr_local  2265 last gc at  1693986051  
[2023/09/06 15:40:53 336] isr_local  2126 ASR_LOCAL_MSG_AUW  
[2023/09/06 15:40:53 336] isr_local  1558 auwl =   3200  
[2023/09/06 15:40:53 337] isr_local  2135 esr_audio_write, ret =  nil  
[2023/09/06 15:40:53 338] isr_local  2265 last gc at  1693986051  
[2023/09/06 15:40:53 435] isr_local  2126 ASR_LOCAL_MSG_AUW  
[2023/09/06 15:40:53 436] isr_local  1558 auwl =   3200  
[2023/09/06 15:40:53 436] isr_local  2135 esr_audio_write, ret =  nil  
[2023/09/06 15:40:53 437] isr_local  2265 last gc at  1693986051  
[2023/09/06 15:40:53 536] isr_local  2126 ASR_LOCAL_MSG_AUW  
[2023/09/06 15:40:53 536] isr_local  1558 auwl =   3200  
[2023/09/06 15:40:53 537] isr_local  2135 esr_audio_write, ret =  nil  
[2023/09/06 15:40:53 538] isr_local  2265 last gc at  1693986051  
[2023/09/06 15:40:53 635] isr_local  2126 ASR_LOCAL_MSG_AUW  
[2023/09/06 15:40:53 636] isr_local  1558 auwl =   3200  
[2023/09/06 15:40:53 637] isr_local  2135 esr_audio_write, ret =  nil  
[2023/09/06 15:40:53 638] isr_local  2265 last gc at  1693986051  
[2023/09/06 15:40:53 735] isr_local  2126 ASR_LOCAL_MSG_AUW  
[2023/09/06 15:40:53 736] isr_local  1558 auwl =   3200  
[2023/09/06 15:40:53 737] isr_local  2135 esr_audio_write, ret =  nil  
[2023/09/06 15:40:53 737] isr_local  2265 last gc at  1693986051  
[2023/09/06 15:40:53 836] isr_local  2126 ASR_LOCAL_MSG_AUW  
[2023/09/06 15:40:53 836] isr_local  1558 auwl =   3200  
[2023/09/06 15:40:53 837] isr_local  2135 esr_audio_write, ret =  nil  
[2023/09/06 15:40:53 838] isr_local  2265 last gc at  1693986051  
[2023/09/06 15:40:53 936] isr_local  2126 ASR_LOCAL_MSG_AUW  
[2023/09/06 15:40:53 937] isr_local  1558 auwl =   3200  
[2023/09/06 15:40:53 937] isr_local  2135 esr_audio_write, ret =  nil  
[2023/09/06 15:40:53 938] isr_local  2265 last gc at  1693986051  
[2023/09/06 15:40:54 036] isr_local  2126 ASR_LOCAL_MSG_AUW  
[2023/09/06 15:40:54 037] isr_local  1558 auwl =   3200  
[2023/09/06 15:40:54 037] isr_local  2135 esr_audio_write, ret =  nil  
[2023/09/06 15:40:54 038] isr_local  2265 last gc at  1693986051  
[2023/09/06 15:40:54 136] isr_local  2126 ASR_LOCAL_MSG_AUW  
[2023/09/06 15:40:54 136] isr_local  1558 auwl =   3200  
[2023/09/06 15:40:54 137] isr_local  2135 esr_audio_write, ret =  nil  
[2023/09/06 15:40:54 137] isr_local  2265 last gc at  1693986051  
[2023/09/06 15:40:54 236] isr_local  2126 ASR_LOCAL_MSG_AUW  
[2023/09/06 15:40:54 236] isr_local  1558 auwl =   3200  
[2023/09/06 15:40:54 238] isr_local  2135 esr_audio_write, ret =  nil  
[2023/09/06 15:40:54 238] isr_local  2265 last gc at  1693986051  
[2023/09/06 15:40:54 336] isr_local  2126 ASR_LOCAL_MSG_AUW  
[2023/09/06 15:40:54 337] isr_local  1558 auwl =   3200  
[2023/09/06 15:40:54 338] isr_local  2135 esr_audio_write, ret =  nil  
[2023/09/06 15:40:54 338] isr_local  2265 last gc at  1693986051  
[2023/09/06 15:40:54 436] isr_local  2126 ASR_LOCAL_MSG_AUW  
[2023/09/06 15:40:54 436] isr_local  1558 auwl =   3200  
[2023/09/06 15:40:54 437] isr_local  2135 esr_audio_write, ret =  nil  
[2023/09/06 15:40:54 438] isr_local  2265 last gc at  1693986051  
[2023/09/06 15:40:54 536] isr_local  2126 ASR_LOCAL_MSG_AUW  
[2023/09/06 15:40:54 537] isr_local  1558 auwl =   3200  
[2023/09/06 15:40:54 538] isr_local  2135 esr_audio_write, ret =  nil  
[2023/09/06 15:40:54 538] isr_local  2265 last gc at  1693986051  
[2023/09/06 15:40:54 636] isr_local  2126 ASR_LOCAL_MSG_AUW  
[2023/09/06 15:40:54 637] isr_local  1558 auwl =   3200  
[2023/09/06 15:40:54 638] isr_local  2135 esr_audio_write, ret =  nil  
[2023/09/06 15:40:54 639] isr_local  2265 last gc at  1693986051  
[2023/09/06 15:40:54 736] isr_local  2126 ASR_LOCAL_MSG_AUW  
[2023/09/06 15:40:54 737] isr_local  1558 auwl =   3200  
[2023/09/06 15:40:54 737] isr_local  2135 esr_audio_write, ret =  nil  
[2023/09/06 15:40:54 738] isr_local  2265 last gc at  1693986051  
[2023/09/06 15:40:54 835] isr_local  2126 ASR_LOCAL_MSG_AUW  
[2023/09/06 15:40:54 835] isr_local  1558 auwl =   3200  
[2023/09/06 15:40:54 836] isr_local  2135 esr_audio_write, ret =  nil  
[2023/09/06 15:40:54 836] isr_local  2265 last gc at  1693986051  
[2023/09/06 15:40:54 926] isr_local  2126 ASR_LOCAL_MSG_AUW  
[2023/09/06 15:40:54 926] isr_local  1558 auwl =   3200  
[2023/09/06 15:40:54 927] isr_local  2135 esr_audio_write, ret =  nil  
[2023/09/06 15:40:54 927] isr_local  2265 last gc at  1693986051  
[2023/09/06 15:40:55 033] isr_local  2126 ASR_LOCAL_MSG_AUW  
[2023/09/06 15:40:55 034] isr_local  1558 auwl =   3200  
[2023/09/06 15:40:55 035] isr_local  2135 esr_audio_write, ret =  nil  
[2023/09/06 15:40:55 035] isr_local  2265 last gc at  1693986051  
[2023/09/06 15:40:55 128] isr_local  2126 ASR_LOCAL_MSG_AUW  
[2023/09/06 15:40:55 128] isr_local  1558 auwl =   3200  
[2023/09/06 15:40:55 129] isr_local  2135 esr_audio_write, ret =  nil  
[2023/09/06 15:40:55 129] isr_local  2265 last gc at  1693986051  
[2023/09/06 15:40:55 229] isr_local  2126 ASR_LOCAL_MSG_AUW  
[2023/09/06 15:40:55 229] isr_local  1558 auwl =   3200  
[2023/09/06 15:40:55 230] isr_local  2135 esr_audio_write, ret =  nil  
[2023/09/06 15:40:55 230] isr_local  2265 last gc at  1693986051  
[2023/09/06 15:40:55 327] isr_local  2126 ASR_LOCAL_MSG_AUW  
[2023/09/06 15:40:55 327] isr_local  1558 auwl =   3200  
[2023/09/06 15:40:55 328] isr_local  2135 esr_audio_write, ret =  nil  
[2023/09/06 15:40:55 328] isr_local  2265 last gc at  1693986051  
[2023/09/06 15:40:55 423] isr_local  2126 ASR_LOCAL_MSG_AUW  
[2023/09/06 15:40:55 424] isr_local  1558 auwl =   2560  
[2023/09/06 15:40:55 424] isr_local  2135 esr_audio_write, ret =  nil  
[2023/09/06 15:40:55 424] isr_local  2265 last gc at  1693986051  
[2023/09/06 15:40:55 476] network    231  dns timeout!  ns1  
[2023/09/06 15:40:55 476] ns         457  ns dns failed, err =   10114  
[2023/09/06 15:40:55 476] network    445  gethttpresp2  117.121.48.5  80  ns2  
[2023/09/06 15:40:55 476] network    465  prot_type  tcp  
[2023/09/06 15:40:55 477] transport  306  [dns] [1] timeout!   
[2023/09/06 15:40:55 477] transport  74   dns_failed  
[2023/09/06 15:40:55 477] network    90   ipfromenv ,  ipcache  open.xf-yun.com  def  nil  
[2023/09/06 15:40:55 478] network    90   ipfromenv ,  ipcfg  open.xf-yun.com  def  nil  
[2023/09/06 15:40:55 478] transport  1298 [soc] connect   116.213.69.195  80  
[2023/09/06 15:40:55 478] transport  1310 mspsoc.open,prot_type=  tcp  
[2023/09/06 15:40:55 486] network    418  soc error  10202  ns2  
[2023/09/06 15:40:55 510] ns         256  name server http resp  table(7c021110) 10202  nil  
[2023/09/06 15:40:55 510] ns         415  ns response failed, err =  10202  
[2023/09/06 15:40:55 510] ns         116  ns_host=  open.xf-yun.com  
[2023/09/06 15:40:55 510] ns         118  use default ip  
[2023/09/06 15:40:55 511] transport  1060 ns_ip =   116.213.69.195  
[2023/09/06 15:40:55 511] transport  1061 ip_type =  def_athopen.xf-yun.com  
[2023/09/06 15:40:55 511] ns         658  no data in ns_q  
[2023/09/06 15:40:55 511] ns         659  conti_ns,ns_inprog =   1  
[2023/09/06 15:40:55 511] isr_local  669  final result will throw out next!  
[2023/09/06 15:40:55 511] isr_local  679  nRecognizeState:  1  
[2023/09/06 15:40:55 511] isr_local  680  nConfidenceScore:  97  
[2023/09/06 15:40:55 511] isr_local  728  result_type :   xml  
[2023/09/06 15:40:55 511] isr_local  729  result_encoding :   UTF-8  
[2023/09/06 15:40:55 511] isr_local  730  is iat :   false  
[2023/09/06 15:40:55 512] isr_local  469  item_count:1  
[2023/09/06 15:40:55 512] isr_local  469  item_count:1  
[2023/09/06 15:40:55 512] isr_local  293  nil  
[2023/09/06 15:40:55 512] isr_local  675  recognized end!  
[2023/09/06 15:40:55 516] isr_local  2140 ASR_LOCAL_MSG_SSE  
[2023/09/06 15:40:55 516] isr_local  1518 esr_session_end | esr_obj:stop ret =  0  
[2023/09/06 15:40:55 516] isr_local  2142 esr_session_end, ret =  0  
[2023/09/06 15:40:55 520] isr_local  2265 last gc at  1693986051  
[2023/09/06 15:40:55 556] isr_local  2182 SYS_MSG_SHUTDOWN_LOCAL  
[2023/09/06 15:40:55 616] isr_local  2265 last gc at  1693986051  
============================================================
Time  2023/09/06 15:41:03 820 
============================================================
[2023/09/06 15:41:03 820] isr_local  2168 os_type is:  Linux  
[2023/09/06 15:41:03 821] isr_local  2177 SYS_MSG_LOAD_LOCAL  
[2023/09/06 15:41:03 821] isr_local  2265 last gc at  1693986063  
[2023/09/06 15:41:03 821] isr_local  2206 SYS_MSG_REGCB_LOCAL| param0 =  msp_status_cb  
[2023/09/06 15:41:03 822] isr_local  2265 last gc at  1693986063  
[2023/09/06 15:41:03 822] isr_local  2206 SYS_MSG_REGCB_LOCAL| param0 =  local_service_cbmsg  
[2023/09/06 15:41:03 822] isr_local  2265 last gc at  1693986063  
[2023/09/06 15:41:03 823] isr_local  2114 ASR_LOCAL_MSG_SSB  
[2023/09/06 15:41:03 823] isr_local  1251 esr_session_begin | params:  engine_type=local,asr_res_path=fo|res/asr/common.jet,sample_rate=16000,grm_build_path=res/asr/GrmBuilld,local_grammar=call,result_type=xml,result_encoding=UTF-8  
[2023/09/06 15:41:03 823] isr_local  803  engine_type  :  local  
[2023/09/06 15:41:03 823] isr_local  803  asr_res_path  :  fo|res/asr/common.jet  
[2023/09/06 15:41:03 823] isr_local  803  sample_rate  :  16000  
[2023/09/06 15:41:03 824] isr_local  803  grm_build_path  :  res/asr/GrmBuilld  
[2023/09/06 15:41:03 824] isr_local  803  local_grammar  :  call  
[2023/09/06 15:41:03 824] isr_local  803  result_type  :  xml  
[2023/09/06 15:41:03 824] isr_local  803  result_encoding  :  UTF-8  
[2023/09/06 15:41:03 824] isr_local  1280 init aitalk in ssb  
[2023/09/06 15:41:03 824] isr_local  1162 esr_init | params:  engine_type=local,asr_res_path=fo|res/asr/common.jet,sample_rate=16000,grm_build_path=res/asr/GrmBuilld,local_grammar=call,result_type=xml,result_encoding=UTF-8  
[2023/09/06 15:41:03 824] isr_local  803  engine_type  :  local  
[2023/09/06 15:41:03 825] isr_local  803  asr_res_path  :  fo|res/asr/common.jet  
[2023/09/06 15:41:03 825] isr_local  803  sample_rate  :  16000  
[2023/09/06 15:41:03 825] isr_local  803  grm_build_path  :  res/asr/GrmBuilld  
[2023/09/06 15:41:03 825] isr_local  803  local_grammar  :  call  
[2023/09/06 15:41:03 825] isr_local  803  result_type  :  xml  
[2023/09/06 15:41:03 825] isr_local  803  result_encoding  :  UTF-8  
[2023/09/06 15:41:03 825] isr_local  1083  lucEsr.new   
[2023/09/06 15:41:03 826] isr_local  1000 file count =   1  
[2023/09/06 15:41:03 826] isr_local  923  file open type is:   fo  
[2023/09/06 15:41:03 826] isr_local  956  res/asr/common.jet  0  0  
[2023/09/06 15:41:03 826] isr_local  1018 speech_plus_setting  0  
[2023/09/06 15:41:03 826] isr_local  1031 2  nil  res/asr/common.jet  0  0  
[2023/09/06 15:41:03 827] isr_local  1033 res_ver  2  
[2023/09/06 15:41:03 827] isr_local  1034 res 5  62dd61c88201165be2937d82ec3543bf  
[2023/09/06 15:41:03 827] isr_local  1035 res_new_old_mark  v5pp  
[2023/09/06 15:41:03 827] isr_local  1036 res_usr_name  ""  
[2023/09/06 15:41:03 827] isr_local  1037 res_expires    
[2023/09/06 15:41:03 827] isr_local  1038 err  0  
[2023/09/06 15:41:03 827] isr_local  1054 lgi appid 5  62dd61c88201165be2937d82ec3543bf  
[2023/09/06 15:41:03 828] isr_local  1065 res_expires is null  
[2023/09/06 15:41:03 829] auth       74   aitalk  app  nil  nil  {"aitalk":{"ver":"2","bus":{"forbid":"0","nlimit":2020}}}  
[2023/09/06 15:41:03 829] auth       312  nil  
[2023/09/06 15:41:03 853] isr_local  1294 authorized_aitalk=  nil  
[2023/09/06 15:41:03 853] isr_local  1295 forbid_aitalk=  0  
[2023/09/06 15:41:03 854] auth       570  aitalk  table(88064590) nil  nil  appid = 5e7d9f3e  
[2023/09/06 15:41:03 854] auth       579  app  nil  nil  nil  
[2023/09/06 15:41:03 854] auth       636  ath rquest  {"authorize":[{"busin":"aitalk","ver":"2.1.1"}]}  
[2023/09/06 15:41:03 857] transport  642  paramkvsport is   nil  
[2023/09/06 15:41:03 857] transport  654  ns_enable=  1  
[2023/09/06 15:41:03 857] transport  656  2017-08--24 is_ns_need_close =   nil  
[2023/09/06 15:41:03 857] transport  662  net.nettype=  standard  
[2023/09/06 15:41:03 857] transport  672  url.full=  nil  
[2023/09/06 15:41:03 858] transport  673  urltmp=  nil  
[2023/09/06 15:41:03 858] transport  677  server_url_host=, server_url_port=, server_url_path=  open.xf-yun.com  nil  /msp.do  
[2023/09/06 15:41:03 858] transport  705  url.full=  nil  
[2023/09/06 15:41:03 858] transport  890  switch 80  
[2023/09/06 15:41:03 858] transport  902  net type:  standard  
[2023/09/06 15:41:03 858] transport  903  net operator:  def  
[2023/09/06 15:41:03 858] transport  904  use proxy:  false  
[2023/09/06 15:41:03 858] auth       691  not login!  
[2023/09/06 15:41:03 858] auth       528  [session] send auth request  
[2023/09/06 15:41:03 859] transport  1102 session.domain=  open.xf-yun.com  
[2023/09/06 15:41:03 859] transport  1103 url.host=  open.xf-yun.com  
[2023/09/06 15:41:03 859] transport  1080 NAMESERVER START  
[2023/09/06 15:41:03 859] transport  1083 name =   ath  
[2023/09/06 15:41:03 859] ns         629  ntt=  standard  
[2023/09/06 15:41:03 859] transport  1086 trans,ns_inprog =  0  
[2023/09/06 15:41:03 859] ns         585  name server start  
[2023/09/06 15:41:03 859] ns         586  ns_sub =   ath  
[2023/09/06 15:41:03 860] ns         588  ns_host=  open.xf-yun.com  
[2023/09/06 15:41:03 860] ns         479  ns_host=  open.xf-yun.com  
[2023/09/06 15:41:03 860] ns         558  GET /sip/resolver?srand=0906154111.32 HTTP/1.1
Host: hdns.openspeech.cn
Connection: Keep-Alive
X-Par: ver=1.3&appid=5e7d9f3e&operator=UNKNOW&nettype=STANDARD&cver=5.0.38.1195&svc=ath&host=open.xf-yun.com&sign=14e45434544976767801f10eebaae63d
User-Agent: iFLYCloud

  
[2023/09/06 15:41:03 860] ns         559  net_type =  standard  
[2023/09/06 15:41:03 860] ns         560  cmwapascmnet =  
[2023/09/06 15:41:03 860] ns         561  uniwapasuninet =  
[2023/09/06 15:41:03 860] ns         562  ctwapasctnet =  
[2023/09/06 15:41:03 861] ns         579  host=  hdns.openspeech.cn  
[2023/09/06 15:41:03 861] network    263  gethostbyname  hdns.openspeech.cn  ns1  
[2023/09/06 15:41:03 862] auth       535  0  
[2023/09/06 15:41:03 862] auth       498  lver:  nil  
[2023/09/06 15:41:03 862] auth       503  cfg_ver:  nil  
[2023/09/06 15:41:03 862] transport  1849 transport_obj.send | in  
[2023/09/06 15:41:03 863] transport  1855 self.msg_flag_q  table(880823d0) 
[2023/09/06 15:41:03 863] transport  1856 self.msg_q  table(88049f40) 
[2023/09/06 15:41:03 863] transport  1788 transport_obj.try2send | in  
[2023/09/06 15:41:03 863] transport  1789 self.soc  nil  
[2023/09/06 15:41:03 863] transport  1790 self.connected  false  
[2023/09/06 15:41:03 863] transport  1791 self.latesterr  0  
[2023/09/06 15:41:03 863] transport  1862 transport_obj.send | out  
[2023/09/06 15:41:03 864] isr_local  2038 commit path:   res/asr/GrmBuilld/temp/commit  
[2023/09/06 15:41:03 879] isr_local  2076 commit success!  
[2023/09/06 15:41:03 884] isr_local  1409 esr_session_begin | esr_obj:start ret =  0  
[2023/09/06 15:41:03 884] isr_local  2122 esr_session_begin, ret =   0  
[2023/09/06 15:41:03 884] isr_local  2265 last gc at  1693986063  
[2023/09/06 15:41:03 983] isr_local  655  local engine ready  
[2023/09/06 15:41:03 983] isr_local  585  esr_flush_buf_audio buffer audio num:  0  
[2023/09/06 15:41:03 984] isr_local  630  local engine started  
[2023/09/06 15:41:04 009] isr_local  2126 ASR_LOCAL_MSG_AUW  
[2023/09/06 15:41:04 010] isr_local  1558 auwl =   3200  
[2023/09/06 15:41:04 010] isr_local  2135 esr_audio_write, ret =  nil  
[2023/09/06 15:41:04 010] isr_local  2265 last gc at  1693986063  
[2023/09/06 15:41:04 108] isr_local  2126 ASR_LOCAL_MSG_AUW  
[2023/09/06 15:41:04 108] isr_local  1558 auwl =   3200  
[2023/09/06 15:41:04 108] isr_local  2135 esr_audio_write, ret =  nil  
[2023/09/06 15:41:04 108] isr_local  2265 last gc at  1693986063  
[2023/09/06 15:41:04 212] isr_local  2126 ASR_LOCAL_MSG_AUW  
[2023/09/06 15:41:04 213] isr_local  1558 auwl =   3200  
[2023/09/06 15:41:04 213] isr_local  2135 esr_audio_write, ret =  nil  
[2023/09/06 15:41:04 213] isr_local  2265 last gc at  1693986063  
[2023/09/06 15:41:04 316] isr_local  2126 ASR_LOCAL_MSG_AUW  
[2023/09/06 15:41:04 317] isr_local  1558 auwl =   3200  
[2023/09/06 15:41:04 318] isr_local  2135 esr_audio_write, ret =  nil  
[2023/09/06 15:41:04 318] isr_local  2265 last gc at  1693986063  
[2023/09/06 15:41:04 414] isr_local  2126 ASR_LOCAL_MSG_AUW  
[2023/09/06 15:41:04 415] isr_local  1558 auwl =   3200  
[2023/09/06 15:41:04 416] isr_local  2135 esr_audio_write, ret =  nil  
[2023/09/06 15:41:04 416] isr_local  2265 last gc at  1693986063  
[2023/09/06 15:41:04 513] isr_local  2126 ASR_LOCAL_MSG_AUW  
[2023/09/06 15:41:04 514] isr_local  1558 auwl =   3200  
[2023/09/06 15:41:04 515] isr_local  2135 esr_audio_write, ret =  nil  
[2023/09/06 15:41:04 516] isr_local  2265 last gc at  1693986063  
[2023/09/06 15:41:04 612] isr_local  2126 ASR_LOCAL_MSG_AUW  
[2023/09/06 15:41:04 613] isr_local  1558 auwl =   3200  
[2023/09/06 15:41:04 614] isr_local  2135 esr_audio_write, ret =  nil  
[2023/09/06 15:41:04 614] isr_local  2265 last gc at  1693986063  
[2023/09/06 15:41:04 712] isr_local  2126 ASR_LOCAL_MSG_AUW  
[2023/09/06 15:41:04 713] isr_local  1558 auwl =   3200  
[2023/09/06 15:41:04 714] isr_local  2135 esr_audio_write, ret =  nil  
[2023/09/06 15:41:04 714] isr_local  2265 last gc at  1693986063  
[2023/09/06 15:41:04 805] isr_local  2126 ASR_LOCAL_MSG_AUW  
[2023/09/06 15:41:04 805] isr_local  1558 auwl =   3200  
[2023/09/06 15:41:04 806] isr_local  2135 esr_audio_write, ret =  nil  
[2023/09/06 15:41:04 806] isr_local  2265 last gc at  1693986063  
[2023/09/06 15:41:04 912] isr_local  2126 ASR_LOCAL_MSG_AUW  
[2023/09/06 15:41:04 913] isr_local  1558 auwl =   3200  
[2023/09/06 15:41:04 914] isr_local  2135 esr_audio_write, ret =  nil  
[2023/09/06 15:41:04 915] isr_local  2265 last gc at  1693986063  
[2023/09/06 15:41:05 013] isr_local  2126 ASR_LOCAL_MSG_AUW  
[2023/09/06 15:41:05 013] isr_local  1558 auwl =   3200  
[2023/09/06 15:41:05 014] isr_local  2135 esr_audio_write, ret =  nil  
[2023/09/06 15:41:05 014] isr_local  2265 last gc at  1693986063  
[2023/09/06 15:41:05 113] isr_local  2126 ASR_LOCAL_MSG_AUW  
[2023/09/06 15:41:05 114] isr_local  1558 auwl =   3200  
[2023/09/06 15:41:05 114] isr_local  2135 esr_audio_write, ret =  nil  
[2023/09/06 15:41:05 115] isr_local  2265 last gc at  1693986063  
[2023/09/06 15:41:05 212] isr_local  2126 ASR_LOCAL_MSG_AUW  
[2023/09/06 15:41:05 213] isr_local  1558 auwl =   3200  
[2023/09/06 15:41:05 214] isr_local  2135 esr_audio_write, ret =  nil  
[2023/09/06 15:41:05 214] isr_local  2265 last gc at  1693986063  
[2023/09/06 15:41:05 314] isr_local  2126 ASR_LOCAL_MSG_AUW  
[2023/09/06 15:41:05 314] isr_local  1558 auwl =   3200  
[2023/09/06 15:41:05 315] isr_local  2135 esr_audio_write, ret =  nil  
[2023/09/06 15:41:05 315] isr_local  2265 last gc at  1693986063  
[2023/09/06 15:41:05 412] isr_local  2126 ASR_LOCAL_MSG_AUW  
[2023/09/06 15:41:05 413] isr_local  1558 auwl =   3200  
[2023/09/06 15:41:05 414] isr_local  2135 esr_audio_write, ret =  nil  
[2023/09/06 15:41:05 414] isr_local  2265 last gc at  1693986063  
[2023/09/06 15:41:05 502] isr_local  2126 ASR_LOCAL_MSG_AUW  
[2023/09/06 15:41:05 503] isr_local  1558 auwl =   3200  
[2023/09/06 15:41:05 503] isr_local  2135 esr_audio_write, ret =  nil  
[2023/09/06 15:41:05 504] isr_local  2265 last gc at  1693986063  
[2023/09/06 15:41:05 603] isr_local  2126 ASR_LOCAL_MSG_AUW  
[2023/09/06 15:41:05 603] isr_local  1558 auwl =   3200  
[2023/09/06 15:41:05 604] isr_local  2135 esr_audio_write, ret =  nil  
[2023/09/06 15:41:05 604] isr_local  2265 last gc at  1693986063  
[2023/09/06 15:41:05 705] isr_local  2126 ASR_LOCAL_MSG_AUW  
[2023/09/06 15:41:05 706] isr_local  1558 auwl =   3200  
[2023/09/06 15:41:05 706] isr_local  2135 esr_audio_write, ret =  nil  
[2023/09/06 15:41:05 707] isr_local  2265 last gc at  1693986063  
[2023/09/06 15:41:05 802] isr_local  2126 ASR_LOCAL_MSG_AUW  
[2023/09/06 15:41:05 802] isr_local  1558 auwl =   3200  
[2023/09/06 15:41:05 802] isr_local  2135 esr_audio_write, ret =  nil  
[2023/09/06 15:41:05 802] isr_local  2265 last gc at  1693986063  
[2023/09/06 15:41:05 902] isr_local  2126 ASR_LOCAL_MSG_AUW  
[2023/09/06 15:41:05 902] isr_local  1558 auwl =   3200  
[2023/09/06 15:41:05 902] isr_local  2135 esr_audio_write, ret =  nil  
[2023/09/06 15:41:05 902] isr_local  2265 last gc at  1693986063  
[2023/09/06 15:41:06 002] isr_local  2126 ASR_LOCAL_MSG_AUW  
[2023/09/06 15:41:06 002] isr_local  1558 auwl =   3200  
[2023/09/06 15:41:06 002] isr_local  2135 esr_audio_write, ret =  nil  
[2023/09/06 15:41:06 002] isr_local  2265 last gc at  1693986063  
[2023/09/06 15:41:06 102] isr_local  2126 ASR_LOCAL_MSG_AUW  
[2023/09/06 15:41:06 102] isr_local  1558 auwl =   3200  
[2023/09/06 15:41:06 102] isr_local  2135 esr_audio_write, ret =  nil  
[2023/09/06 15:41:06 102] isr_local  2265 last gc at  1693986063  
[2023/09/06 15:41:06 204] isr_local  2126 ASR_LOCAL_MSG_AUW  
[2023/09/06 15:41:06 204] isr_local  1558 auwl =   3200  
[2023/09/06 15:41:06 204] isr_local  2135 esr_audio_write, ret =  nil  
[2023/09/06 15:41:06 204] isr_local  2265 last gc at  1693986063  
[2023/09/06 15:41:06 302] isr_local  2126 ASR_LOCAL_MSG_AUW  
[2023/09/06 15:41:06 302] isr_local  1558 auwl =   3200  
[2023/09/06 15:41:06 302] isr_local  2135 esr_audio_write, ret =  nil  
[2023/09/06 15:41:06 302] isr_local  2265 last gc at  1693986063  
[2023/09/06 15:41:06 402] isr_local  2126 ASR_LOCAL_MSG_AUW  
[2023/09/06 15:41:06 402] isr_local  1558 auwl =   3200  
[2023/09/06 15:41:06 402] isr_local  2135 esr_audio_write, ret =  nil  
[2023/09/06 15:41:06 402] isr_local  2265 last gc at  1693986063  
[2023/09/06 15:41:06 505] isr_local  2126 ASR_LOCAL_MSG_AUW  
[2023/09/06 15:41:06 505] isr_local  1558 auwl =   3200  
[2023/09/06 15:41:06 505] isr_local  2135 esr_audio_write, ret =  nil  
[2023/09/06 15:41:06 505] isr_local  2265 last gc at  1693986063  
[2023/09/06 15:41:06 602] isr_local  2126 ASR_LOCAL_MSG_AUW  
[2023/09/06 15:41:06 602] isr_local  1558 auwl =   3200  
[2023/09/06 15:41:06 602] isr_local  2135 esr_audio_write, ret =  nil  
[2023/09/06 15:41:06 602] isr_local  2265 last gc at  1693986063  
[2023/09/06 15:41:06 704] isr_local  2126 ASR_LOCAL_MSG_AUW  
[2023/09/06 15:41:06 704] isr_local  1558 auwl =   3200  
[2023/09/06 15:41:06 704] isr_local  2135 esr_audio_write, ret =  nil  
[2023/09/06 15:41:06 704] isr_local  2265 last gc at  1693986063  
[2023/09/06 15:41:06 798] isr_local  2126 ASR_LOCAL_MSG_AUW  
[2023/09/06 15:41:06 798] isr_local  1558 auwl =   2560  
[2023/09/06 15:41:06 798] isr_local  2135 esr_audio_write, ret =  nil  
[2023/09/06 15:41:06 798] isr_local  2265 last gc at  1693986063  
[2023/09/06 15:41:06 862] network    231  dns timeout!  ns1  
[2023/09/06 15:41:06 864] ns         457  ns dns failed, err =   10114  
[2023/09/06 15:41:06 865] network    445  gethttpresp2  117.121.48.5  80  ns2  
[2023/09/06 15:41:06 865] network    465  prot_type  tcp  
[2023/09/06 15:41:06 878] isr_local  669  final result will throw out next!  
[2023/09/06 15:41:06 879] transport  306  [dns] [1] timeout!   
[2023/09/06 15:41:06 879] transport  74   dns_failed  
[2023/09/06 15:41:06 880] network    90   ipfromenv ,  ipcache  open.xf-yun.com  def  nil  
[2023/09/06 15:41:06 881] network    90   ipfromenv ,  ipcfg  open.xf-yun.com  def  nil  
[2023/09/06 15:41:06 881] transport  1298 [soc] connect   116.213.69.195  80  
[2023/09/06 15:41:06 883] transport  1310 mspsoc.open,prot_type=  tcp  
[2023/09/06 15:41:06 912] isr_local  679  nRecognizeState:  1  
[2023/09/06 15:41:06 912] isr_local  680  nConfidenceScore:  45  
[2023/09/06 15:41:06 913] isr_local  728  result_type :   xml  
[2023/09/06 15:41:06 916] isr_local  729  result_encoding :   UTF-8  
[2023/09/06 15:41:06 917] isr_local  730  is iat :   false  
[2023/09/06 15:41:06 926] isr_local  469  item_count:1  
[2023/09/06 15:41:06 928] isr_local  469  item_count:1  
[2023/09/06 15:41:06 930] isr_local  293  nil  
[2023/09/06 15:41:06 941] isr_local  675  recognized end!  
[2023/09/06 15:41:06 958] isr_local  2140 ASR_LOCAL_MSG_SSE  
[2023/09/06 15:41:06 958] isr_local  1518 esr_session_end | esr_obj:stop ret =  0  
[2023/09/06 15:41:06 959] isr_local  2142 esr_session_end, ret =  0  
[2023/09/06 15:41:06 986] isr_local  2265 last gc at  1693986063  
[2023/09/06 15:41:06 987] isr_local  638  local engine already stopped! stop cmd ignored  
[2023/09/06 15:41:07 009] isr_local  2182 SYS_MSG_SHUTDOWN_LOCAL  
[2023/09/06 15:41:07 063] isr_local  2265 last gc at  1693986063  
============================================================
Time  2023/09/06 15:41:28 819 
============================================================
[2023/09/06 15:41:28 819] isr_local  2168 os_type is:  Linux  
[2023/09/06 15:41:28 819] isr_local  2177 SYS_MSG_LOAD_LOCAL  
[2023/09/06 15:41:28 819] isr_local  2265 last gc at  1693986088  
[2023/09/06 15:41:28 820] isr_local  2206 SYS_MSG_REGCB_LOCAL| param0 =  msp_status_cb  
[2023/09/06 15:41:28 820] isr_local  2265 last gc at  1693986088  
[2023/09/06 15:41:28 821] isr_local  2206 SYS_MSG_REGCB_LOCAL| param0 =  local_service_cbmsg  
[2023/09/06 15:41:28 821] isr_local  2265 last gc at  1693986088  
[2023/09/06 15:41:28 821] isr_local  2114 ASR_LOCAL_MSG_SSB  
[2023/09/06 15:41:28 821] isr_local  1251 esr_session_begin | params:  engine_type=local,asr_res_path=fo|res/asr/common.jet,sample_rate=16000,grm_build_path=res/asr/GrmBuilld,local_grammar=call,result_type=xml,result_encoding=UTF-8  
[2023/09/06 15:41:28 821] isr_local  803  engine_type  :  local  
[2023/09/06 15:41:28 821] isr_local  803  asr_res_path  :  fo|res/asr/common.jet  
[2023/09/06 15:41:28 822] isr_local  803  sample_rate  :  16000  
[2023/09/06 15:41:28 822] isr_local  803  grm_build_path  :  res/asr/GrmBuilld  
[2023/09/06 15:41:28 822] isr_local  803  local_grammar  :  call  
[2023/09/06 15:41:28 822] isr_local  803  result_type  :  xml  
[2023/09/06 15:41:28 822] isr_local  803  result_encoding  :  UTF-8  
[2023/09/06 15:41:28 822] isr_local  1280 init aitalk in ssb  
[2023/09/06 15:41:28 822] isr_local  1162 esr_init | params:  engine_type=local,asr_res_path=fo|res/asr/common.jet,sample_rate=16000,grm_build_path=res/asr/GrmBuilld,local_grammar=call,result_type=xml,result_encoding=UTF-8  
[2023/09/06 15:41:28 823] isr_local  803  engine_type  :  local  
[2023/09/06 15:41:28 823] isr_local  803  asr_res_path  :  fo|res/asr/common.jet  
[2023/09/06 15:41:28 823] isr_local  803  sample_rate  :  16000  
[2023/09/06 15:41:28 823] isr_local  803  grm_build_path  :  res/asr/GrmBuilld  
[2023/09/06 15:41:28 823] isr_local  803  local_grammar  :  call  
[2023/09/06 15:41:28 823] isr_local  803  result_type  :  xml  
[2023/09/06 15:41:28 823] isr_local  803  result_encoding  :  UTF-8  
[2023/09/06 15:41:28 823] isr_local  1083  lucEsr.new   
[2023/09/06 15:41:28 824] isr_local  1000 file count =   1  
[2023/09/06 15:41:28 824] isr_local  923  file open type is:   fo  
[2023/09/06 15:41:28 824] isr_local  956  res/asr/common.jet  0  0  
[2023/09/06 15:41:28 824] isr_local  1018 speech_plus_setting  0  
[2023/09/06 15:41:28 824] isr_local  1031 2  nil  res/asr/common.jet  0  0  
[2023/09/06 15:41:28 825] isr_local  1033 res_ver  2  
[2023/09/06 15:41:28 825] isr_local  1034 res 5  62dd61c88201165be2937d82ec3543bf  
[2023/09/06 15:41:28 825] isr_local  1035 res_new_old_mark  v5pp  
[2023/09/06 15:41:28 825] isr_local  1036 res_usr_name  ""  
[2023/09/06 15:41:28 825] isr_local  1037 res_expires    
[2023/09/06 15:41:28 825] isr_local  1038 err  0  
[2023/09/06 15:41:28 825] isr_local  1054 lgi appid 5  62dd61c88201165be2937d82ec3543bf  
[2023/09/06 15:41:28 825] isr_local  1065 res_expires is null  
[2023/09/06 15:41:28 826] auth       74   aitalk  app  nil  nil  {"aitalk":{"ver":"2","bus":{"forbid":"0","nlimit":2020}}}  
[2023/09/06 15:41:28 827] auth       312  nil  
[2023/09/06 15:41:28 858] isr_local  1294 authorized_aitalk=  nil  
[2023/09/06 15:41:28 858] isr_local  1295 forbid_aitalk=  0  
[2023/09/06 15:41:28 858] auth       570  aitalk  table(a40643b0) nil  nil  appid = 5e7d9f3e  
[2023/09/06 15:41:28 858] auth       579  app  nil  nil  nil  
[2023/09/06 15:41:28 858] auth       636  ath rquest  {"authorize":[{"busin":"aitalk","ver":"2.1.1"}]}  
[2023/09/06 15:41:28 862] transport  642  paramkvsport is   nil  
[2023/09/06 15:41:28 862] transport  654  ns_enable=  1  
[2023/09/06 15:41:28 862] transport  656  2017-08--24 is_ns_need_close =   nil  
[2023/09/06 15:41:28 862] transport  662  net.nettype=  standard  
[2023/09/06 15:41:28 862] transport  672  url.full=  nil  
[2023/09/06 15:41:28 862] transport  673  urltmp=  nil  
[2023/09/06 15:41:28 862] transport  677  server_url_host=, server_url_port=, server_url_path=  open.xf-yun.com  nil  /msp.do  
[2023/09/06 15:41:28 863] transport  705  url.full=  nil  
[2023/09/06 15:41:28 863] transport  890  switch 80  
[2023/09/06 15:41:28 863] transport  902  net type:  standard  
[2023/09/06 15:41:28 863] transport  903  net operator:  def  
[2023/09/06 15:41:28 863] transport  904  use proxy:  false  
[2023/09/06 15:41:28 863] auth       691  not login!  
[2023/09/06 15:41:28 863] auth       528  [session] send auth request  
[2023/09/06 15:41:28 863] transport  1102 session.domain=  open.xf-yun.com  
[2023/09/06 15:41:28 864] transport  1103 url.host=  open.xf-yun.com  
[2023/09/06 15:41:28 864] transport  1080 NAMESERVER START  
[2023/09/06 15:41:28 865] transport  1083 name =   ath  
[2023/09/06 15:41:28 865] ns         629  ntt=  standard  
[2023/09/06 15:41:28 865] transport  1086 trans,ns_inprog =  0  
[2023/09/06 15:41:28 865] ns         585  name server start  
[2023/09/06 15:41:28 865] ns         586  ns_sub =   ath  
[2023/09/06 15:41:28 865] ns         588  ns_host=  open.xf-yun.com  
[2023/09/06 15:41:28 865] ns         479  ns_host=  open.xf-yun.com  
[2023/09/06 15:41:28 866] ns         558  GET /sip/resolver?srand=0906154111.32 HTTP/1.1
Host: hdns.openspeech.cn
Connection: Keep-Alive
X-Par: ver=1.3&appid=5e7d9f3e&operator=UNKNOW&nettype=STANDARD&cver=5.0.38.1195&svc=ath&host=open.xf-yun.com&sign=14e45434544976767801f10eebaae63d
User-Agent: iFLYCloud

  
[2023/09/06 15:41:28 866] ns         559  net_type =  standard  
[2023/09/06 15:41:28 866] ns         560  cmwapascmnet =  
[2023/09/06 15:41:28 866] ns         561  uniwapasuninet =  
[2023/09/06 15:41:28 866] ns         562  ctwapasctnet =  
[2023/09/06 15:41:28 866] ns         579  host=  hdns.openspeech.cn  
[2023/09/06 15:41:28 866] network    263  gethostbyname  hdns.openspeech.cn  ns1  
[2023/09/06 15:41:28 870] auth       535  0  
[2023/09/06 15:41:28 870] auth       498  lver:  nil  
[2023/09/06 15:41:28 870] auth       503  cfg_ver:  nil  
[2023/09/06 15:41:28 870] transport  1849 transport_obj.send | in  
[2023/09/06 15:41:28 870] transport  1855 self.msg_flag_q  table(a40295a0) 
[2023/09/06 15:41:28 870] transport  1856 self.msg_q  table(a4011a70) 
[2023/09/06 15:41:28 870] transport  1788 transport_obj.try2send | in  
[2023/09/06 15:41:28 871] transport  1789 self.soc  nil  
[2023/09/06 15:41:28 871] transport  1790 self.connected  false  
[2023/09/06 15:41:28 871] transport  1791 self.latesterr  0  
[2023/09/06 15:41:28 871] transport  1862 transport_obj.send | out  
[2023/09/06 15:41:28 871] isr_local  2038 commit path:   res/asr/GrmBuilld/temp/commit  
[2023/09/06 15:41:28 885] isr_local  2076 commit success!  
[2023/09/06 15:41:28 888] isr_local  1409 esr_session_begin | esr_obj:start ret =  0  
[2023/09/06 15:41:28 888] isr_local  2122 esr_session_begin, ret =   0  
[2023/09/06 15:41:28 888] isr_local  2265 last gc at  1693986088  
[2023/09/06 15:41:28 988] isr_local  655  local engine ready  
[2023/09/06 15:41:28 988] isr_local  585  esr_flush_buf_audio buffer audio num:  0  
[2023/09/06 15:41:28 989] isr_local  630  local engine started  
[2023/09/06 15:41:29 011] isr_local  2126 ASR_LOCAL_MSG_AUW  
[2023/09/06 15:41:29 011] isr_local  1558 auwl =   3200  
[2023/09/06 15:41:29 012] isr_local  2135 esr_audio_write, ret =  nil  
[2023/09/06 15:41:29 012] isr_local  2265 last gc at  1693986088  
[2023/09/06 15:41:29 098] isr_local  2126 ASR_LOCAL_MSG_AUW  
[2023/09/06 15:41:29 099] isr_local  1558 auwl =   3200  
[2023/09/06 15:41:29 099] isr_local  2135 esr_audio_write, ret =  nil  
[2023/09/06 15:41:29 099] isr_local  2265 last gc at  1693986088  
[2023/09/06 15:41:29 211] isr_local  2126 ASR_LOCAL_MSG_AUW  
[2023/09/06 15:41:29 211] isr_local  1558 auwl =   3200  
[2023/09/06 15:41:29 212] isr_local  2135 esr_audio_write, ret =  nil  
[2023/09/06 15:41:29 212] isr_local  2265 last gc at  1693986088  
[2023/09/06 15:41:29 317] isr_local  2126 ASR_LOCAL_MSG_AUW  
[2023/09/06 15:41:29 318] isr_local  1558 auwl =   3200  
[2023/09/06 15:41:29 318] isr_local  2135 esr_audio_write, ret =  nil  
[2023/09/06 15:41:29 319] isr_local  2265 last gc at  1693986088  
[2023/09/06 15:41:29 410] isr_local  2126 ASR_LOCAL_MSG_AUW  
[2023/09/06 15:41:29 411] isr_local  1558 auwl =   3200  
[2023/09/06 15:41:29 411] isr_local  2135 esr_audio_write, ret =  nil  
[2023/09/06 15:41:29 412] isr_local  2265 last gc at  1693986088  
[2023/09/06 15:41:29 510] isr_local  2126 ASR_LOCAL_MSG_AUW  
[2023/09/06 15:41:29 511] isr_local  1558 auwl =   3200  
[2023/09/06 15:41:29 511] isr_local  2135 esr_audio_write, ret =  nil  
[2023/09/06 15:41:29 512] isr_local  2265 last gc at  1693986088  
[2023/09/06 15:41:29 610] isr_local  2126 ASR_LOCAL_MSG_AUW  
[2023/09/06 15:41:29 610] isr_local  1558 auwl =   3200  
[2023/09/06 15:41:29 611] isr_local  2135 esr_audio_write, ret =  nil  
[2023/09/06 15:41:29 612] isr_local  2265 last gc at  1693986088  
[2023/09/06 15:41:29 710] isr_local  2126 ASR_LOCAL_MSG_AUW  
[2023/09/06 15:41:29 711] isr_local  1558 auwl =   3200  
[2023/09/06 15:41:29 711] isr_local  2135 esr_audio_write, ret =  nil  
[2023/09/06 15:41:29 712] isr_local  2265 last gc at  1693986088  
[2023/09/06 15:41:29 810] isr_local  2126 ASR_LOCAL_MSG_AUW  
[2023/09/06 15:41:29 810] isr_local  1558 auwl =   3200  
[2023/09/06 15:41:29 811] isr_local  2135 esr_audio_write, ret =  nil  
[2023/09/06 15:41:29 812] isr_local  2265 last gc at  1693986088  
[2023/09/06 15:41:29 910] isr_local  2126 ASR_LOCAL_MSG_AUW  
[2023/09/06 15:41:29 910] isr_local  1558 auwl =   3200  
[2023/09/06 15:41:29 911] isr_local  2135 esr_audio_write, ret =  nil  
[2023/09/06 15:41:29 911] isr_local  2265 last gc at  1693986088  
[2023/09/06 15:41:30 000] isr_local  2126 ASR_LOCAL_MSG_AUW  
[2023/09/06 15:41:30 000] isr_local  1558 auwl =   3200  
[2023/09/06 15:41:30 000] isr_local  2135 esr_audio_write, ret =  nil  
[2023/09/06 15:41:30 000] isr_local  2265 last gc at  1693986088  
[2023/09/06 15:41:30 099] isr_local  2126 ASR_LOCAL_MSG_AUW  
[2023/09/06 15:41:30 099] isr_local  1558 auwl =   3200  
[2023/09/06 15:41:30 099] isr_local  2135 esr_audio_write, ret =  nil  
[2023/09/06 15:41:30 099] isr_local  2265 last gc at  1693986088  
[2023/09/06 15:41:30 210] isr_local  2126 ASR_LOCAL_MSG_AUW  
[2023/09/06 15:41:30 210] isr_local  1558 auwl =   3200  
[2023/09/06 15:41:30 211] isr_local  2135 esr_audio_write, ret =  nil  
[2023/09/06 15:41:30 211] isr_local  2265 last gc at  1693986088  
[2023/09/06 15:41:30 310] isr_local  2126 ASR_LOCAL_MSG_AUW  
[2023/09/06 15:41:30 311] isr_local  1558 auwl =   3200  
[2023/09/06 15:41:30 311] isr_local  2135 esr_audio_write, ret =  nil  
[2023/09/06 15:41:30 312] isr_local  2265 last gc at  1693986088  
[2023/09/06 15:41:30 410] isr_local  2126 ASR_LOCAL_MSG_AUW  
[2023/09/06 15:41:30 411] isr_local  1558 auwl =   3200  
[2023/09/06 15:41:30 412] isr_local  2135 esr_audio_write, ret =  nil  
[2023/09/06 15:41:30 412] isr_local  2265 last gc at  1693986088  
[2023/09/06 15:41:30 505] isr_local  2126 ASR_LOCAL_MSG_AUW  
[2023/09/06 15:41:30 506] isr_local  1558 auwl =   3200  
[2023/09/06 15:41:30 507] isr_local  2135 esr_audio_write, ret =  nil  
[2023/09/06 15:41:30 507] isr_local  2265 last gc at  1693986088  
[2023/09/06 15:41:30 606] isr_local  2126 ASR_LOCAL_MSG_AUW  
[2023/09/06 15:41:30 606] isr_local  1558 auwl =   3200  
[2023/09/06 15:41:30 607] isr_local  2135 esr_audio_write, ret =  nil  
[2023/09/06 15:41:30 607] isr_local  2265 last gc at  1693986088  
[2023/09/06 15:41:30 705] isr_local  2126 ASR_LOCAL_MSG_AUW  
[2023/09/06 15:41:30 705] isr_local  1558 auwl =   3200  
[2023/09/06 15:41:30 705] isr_local  2135 esr_audio_write, ret =  nil  
[2023/09/06 15:41:30 705] isr_local  2265 last gc at  1693986088  
[2023/09/06 15:41:30 795] isr_local  2126 ASR_LOCAL_MSG_AUW  
[2023/09/06 15:41:30 795] isr_local  1558 auwl =   3200  
[2023/09/06 15:41:30 795] isr_local  2135 esr_audio_write, ret =  nil  
[2023/09/06 15:41:30 795] isr_local  2265 last gc at  1693986088  
[2023/09/06 15:41:30 895] isr_local  2126 ASR_LOCAL_MSG_AUW  
[2023/09/06 15:41:30 895] isr_local  1558 auwl =   3200  
[2023/09/06 15:41:30 895] isr_local  2135 esr_audio_write, ret =  nil  
[2023/09/06 15:41:30 895] isr_local  2265 last gc at  1693986088  
[2023/09/06 15:41:30 995] isr_local  2126 ASR_LOCAL_MSG_AUW  
[2023/09/06 15:41:30 995] isr_local  1558 auwl =   3200  
[2023/09/06 15:41:30 995] isr_local  2135 esr_audio_write, ret =  nil  
[2023/09/06 15:41:30 995] isr_local  2265 last gc at  1693986088  
[2023/09/06 15:41:31 095] isr_local  2126 ASR_LOCAL_MSG_AUW  
[2023/09/06 15:41:31 095] isr_local  1558 auwl =   3200  
[2023/09/06 15:41:31 095] isr_local  2135 esr_audio_write, ret =  nil  
[2023/09/06 15:41:31 095] isr_local  2265 last gc at  1693986088  
[2023/09/06 15:41:31 195] isr_local  2126 ASR_LOCAL_MSG_AUW  
[2023/09/06 15:41:31 195] isr_local  1558 auwl =   3200  
[2023/09/06 15:41:31 195] isr_local  2135 esr_audio_write, ret =  nil  
[2023/09/06 15:41:31 195] isr_local  2265 last gc at  1693986088  
[2023/09/06 15:41:31 295] isr_local  2126 ASR_LOCAL_MSG_AUW  
[2023/09/06 15:41:31 295] isr_local  1558 auwl =   3200  
[2023/09/06 15:41:31 295] isr_local  2135 esr_audio_write, ret =  nil  
[2023/09/06 15:41:31 295] isr_local  2265 last gc at  1693986088  
[2023/09/06 15:41:31 395] isr_local  2126 ASR_LOCAL_MSG_AUW  
[2023/09/06 15:41:31 395] isr_local  1558 auwl =   3200  
[2023/09/06 15:41:31 395] isr_local  2135 esr_audio_write, ret =  nil  
[2023/09/06 15:41:31 395] isr_local  2265 last gc at  1693986088  
[2023/09/06 15:41:31 495] isr_local  2126 ASR_LOCAL_MSG_AUW  
[2023/09/06 15:41:31 495] isr_local  1558 auwl =   3200  
[2023/09/06 15:41:31 495] isr_local  2135 esr_audio_write, ret =  nil  
[2023/09/06 15:41:31 496] isr_local  2265 last gc at  1693986088  
[2023/09/06 15:41:31 595] isr_local  2126 ASR_LOCAL_MSG_AUW  
[2023/09/06 15:41:31 595] isr_local  1558 auwl =   3200  
[2023/09/06 15:41:31 595] isr_local  2135 esr_audio_write, ret =  nil  
[2023/09/06 15:41:31 595] isr_local  2265 last gc at  1693986088  
[2023/09/06 15:41:31 695] isr_local  2126 ASR_LOCAL_MSG_AUW  
[2023/09/06 15:41:31 695] isr_local  1558 auwl =   3200  
[2023/09/06 15:41:31 695] isr_local  2135 esr_audio_write, ret =  nil  
[2023/09/06 15:41:31 695] isr_local  2265 last gc at  1693986088  
[2023/09/06 15:41:31 794] isr_local  2126 ASR_LOCAL_MSG_AUW  
[2023/09/06 15:41:31 794] isr_local  1558 auwl =   2560  
[2023/09/06 15:41:31 794] isr_local  2135 esr_audio_write, ret =  nil  
[2023/09/06 15:41:31 794] isr_local  2265 last gc at  1693986088  
[2023/09/06 15:41:31 867] isr_local  669  final result will throw out next!  
[2023/09/06 15:41:31 867] isr_local  679  nRecognizeState:  1  
[2023/09/06 15:41:31 868] isr_local  680  nConfidenceScore:  68  
[2023/09/06 15:41:31 868] isr_local  728  result_type :   xml  
[2023/09/06 15:41:31 868] isr_local  729  result_encoding :   UTF-8  
[2023/09/06 15:41:31 868] isr_local  730  is iat :   false  
[2023/09/06 15:41:31 868] isr_local  469  item_count:1  
[2023/09/06 15:41:31 868] isr_local  469  item_count:1  
[2023/09/06 15:41:31 868] isr_local  293  nil  
[2023/09/06 15:41:31 869] network    231  dns timeout!  ns1  
[2023/09/06 15:41:31 869] ns         457  ns dns failed, err =   10114  
[2023/09/06 15:41:31 869] network    445  gethttpresp2  117.121.48.5  80  ns2  
[2023/09/06 15:41:31 869] network    465  prot_type  tcp  
[2023/09/06 15:41:31 870] isr_local  675  recognized end!  
[2023/09/06 15:41:31 870] transport  306  [dns] [1] timeout!   
[2023/09/06 15:41:31 870] transport  74   dns_failed  
[2023/09/06 15:41:31 870] network    90   ipfromenv ,  ipcache  open.xf-yun.com  def  nil  
[2023/09/06 15:41:31 870] network    90   ipfromenv ,  ipcfg  open.xf-yun.com  def  nil  
[2023/09/06 15:41:31 870] transport  1298 [soc] connect   116.213.69.195  80  
[2023/09/06 15:41:31 870] transport  1310 mspsoc.open,prot_type=  tcp  
[2023/09/06 15:41:31 875] isr_local  2140 ASR_LOCAL_MSG_SSE  
[2023/09/06 15:41:31 876] isr_local  1518 esr_session_end | esr_obj:stop ret =  0  
[2023/09/06 15:41:31 877] isr_local  2142 esr_session_end, ret =  0  
[2023/09/06 15:41:31 880] isr_local  2265 last gc at  1693986088  
[2023/09/06 15:41:31 880] network    418  soc error  10202  ns2  
[2023/09/06 15:41:31 902] ns         256  name server http resp  table(a4088fa0) 10202  nil  
[2023/09/06 15:41:31 903] ns         415  ns response failed, err =  10202  
[2023/09/06 15:41:31 903] ns         116  ns_host=  open.xf-yun.com  
[2023/09/06 15:41:31 903] ns         118  use default ip  
[2023/09/06 15:41:31 904] transport  1060 ns_ip =   116.213.69.195  
[2023/09/06 15:41:31 904] transport  1061 ip_type =  def_athopen.xf-yun.com  
[2023/09/06 15:41:31 905] ns         658  no data in ns_q  
[2023/09/06 15:41:31 906] ns         659  conti_ns,ns_inprog =   1  
[2023/09/06 15:41:31 910] isr_local  2182 SYS_MSG_SHUTDOWN_LOCAL  
[2023/09/06 15:41:32 020] isr_local  2265 last gc at  1693986088  
============================================================
Time  2023/09/06 15:42:16 897 
============================================================
[2023/09/06 15:42:16 897] isr_local  2168 os_type is:  Linux  
[2023/09/06 15:42:16 898] isr_local  2177 SYS_MSG_LOAD_LOCAL  
[2023/09/06 15:42:16 898] isr_local  2265 last gc at  1693986136  
[2023/09/06 15:42:16 898] isr_local  2206 SYS_MSG_REGCB_LOCAL| param0 =  msp_status_cb  
[2023/09/06 15:42:16 898] isr_local  2265 last gc at  1693986136  
[2023/09/06 15:42:16 899] isr_local  2206 SYS_MSG_REGCB_LOCAL| param0 =  local_service_cbmsg  
[2023/09/06 15:42:16 899] isr_local  2265 last gc at  1693986136  
[2023/09/06 15:42:16 899] isr_local  2114 ASR_LOCAL_MSG_SSB  
[2023/09/06 15:42:16 899] isr_local  1251 esr_session_begin | params:  engine_type=local,asr_res_path=fo|res/asr/common.jet,sample_rate=16000,grm_build_path=res/asr/GrmBuilld,local_grammar=call,result_type=xml,result_encoding=UTF-8  
[2023/09/06 15:42:16 899] isr_local  803  engine_type  :  local  
[2023/09/06 15:42:16 899] isr_local  803  asr_res_path  :  fo|res/asr/common.jet  
[2023/09/06 15:42:16 900] isr_local  803  sample_rate  :  16000  
[2023/09/06 15:42:16 900] isr_local  803  grm_build_path  :  res/asr/GrmBuilld  
[2023/09/06 15:42:16 900] isr_local  803  local_grammar  :  call  
[2023/09/06 15:42:16 900] isr_local  803  result_type  :  xml  
[2023/09/06 15:42:16 900] isr_local  803  result_encoding  :  UTF-8  
[2023/09/06 15:42:16 900] isr_local  1280 init aitalk in ssb  
[2023/09/06 15:42:16 900] isr_local  1162 esr_init | params:  engine_type=local,asr_res_path=fo|res/asr/common.jet,sample_rate=16000,grm_build_path=res/asr/GrmBuilld,local_grammar=call,result_type=xml,result_encoding=UTF-8  
[2023/09/06 15:42:16 900] isr_local  803  engine_type  :  local  
[2023/09/06 15:42:16 900] isr_local  803  asr_res_path  :  fo|res/asr/common.jet  
[2023/09/06 15:42:16 900] isr_local  803  sample_rate  :  16000  
[2023/09/06 15:42:16 900] isr_local  803  grm_build_path  :  res/asr/GrmBuilld  
[2023/09/06 15:42:16 901] isr_local  803  local_grammar  :  call  
[2023/09/06 15:42:16 901] isr_local  803  result_type  :  xml  
[2023/09/06 15:42:16 901] isr_local  803  result_encoding  :  UTF-8  
[2023/09/06 15:42:16 901] isr_local  1083  lucEsr.new   
[2023/09/06 15:42:16 901] isr_local  1000 file count =   1  
[2023/09/06 15:42:16 901] isr_local  923  file open type is:   fo  
[2023/09/06 15:42:16 901] isr_local  956  res/asr/common.jet  0  0  
[2023/09/06 15:42:16 901] isr_local  1018 speech_plus_setting  0  
[2023/09/06 15:42:16 902] isr_local  1031 2  nil  res/asr/common.jet  0  0  
[2023/09/06 15:42:16 902] isr_local  1033 res_ver  2  
[2023/09/06 15:42:16 902] isr_local  1034 res 5  62dd61c88201165be2937d82ec3543bf  
[2023/09/06 15:42:16 902] isr_local  1035 res_new_old_mark  v5pp  
[2023/09/06 15:42:16 902] isr_local  1036 res_usr_name  ""  
[2023/09/06 15:42:16 902] isr_local  1037 res_expires    
[2023/09/06 15:42:16 902] isr_local  1038 err  0  
[2023/09/06 15:42:16 902] isr_local  1054 lgi appid 5  62dd61c88201165be2937d82ec3543bf  
[2023/09/06 15:42:16 902] isr_local  1065 res_expires is null  
[2023/09/06 15:42:16 903] auth       74   aitalk  app  nil  nil  {"aitalk":{"ver":"2","bus":{"forbid":"0","nlimit":2020}}}  
[2023/09/06 15:42:16 903] auth       312  nil  
[2023/09/06 15:42:16 927] isr_local  1294 authorized_aitalk=  nil  
[2023/09/06 15:42:16 928] isr_local  1295 forbid_aitalk=  0  
[2023/09/06 15:42:16 928] auth       570  aitalk  table(800643b0) nil  nil  appid = 5e7d9f3e  
[2023/09/06 15:42:16 928] auth       579  app  nil  nil  nil  
[2023/09/06 15:42:16 928] auth       636  ath rquest  {"authorize":[{"busin":"aitalk","ver":"2.1.1"}]}  
[2023/09/06 15:42:16 931] transport  642  paramkvsport is   nil  
[2023/09/06 15:42:16 931] transport  654  ns_enable=  1  
[2023/09/06 15:42:16 931] transport  656  2017-08--24 is_ns_need_close =   nil  
[2023/09/06 15:42:16 931] transport  662  net.nettype=  standard  
[2023/09/06 15:42:16 931] transport  672  url.full=  nil  
[2023/09/06 15:42:16 931] transport  673  urltmp=  nil  
[2023/09/06 15:42:16 931] transport  677  server_url_host=, server_url_port=, server_url_path=  open.xf-yun.com  nil  /msp.do  
[2023/09/06 15:42:16 932] transport  705  url.full=  nil  
[2023/09/06 15:42:16 932] transport  890  switch 80  
[2023/09/06 15:42:16 932] transport  902  net type:  standard  
[2023/09/06 15:42:16 932] transport  903  net operator:  def  
[2023/09/06 15:42:16 932] transport  904  use proxy:  false  
[2023/09/06 15:42:16 932] auth       691  not login!  
[2023/09/06 15:42:16 932] auth       528  [session] send auth request  
[2023/09/06 15:42:16 932] transport  1102 session.domain=  open.xf-yun.com  
[2023/09/06 15:42:16 932] transport  1103 url.host=  open.xf-yun.com  
[2023/09/06 15:42:16 933] transport  1080 NAMESERVER START  
[2023/09/06 15:42:16 933] transport  1083 name =   ath  
[2023/09/06 15:42:16 933] ns         629  ntt=  standard  
[2023/09/06 15:42:16 933] transport  1086 trans,ns_inprog =  0  
[2023/09/06 15:42:16 933] ns         585  name server start  
[2023/09/06 15:42:16 933] ns         586  ns_sub =   ath  
[2023/09/06 15:42:16 933] ns         588  ns_host=  open.xf-yun.com  
[2023/09/06 15:42:16 933] ns         479  ns_host=  open.xf-yun.com  
[2023/09/06 15:42:16 933] ns         558  GET /sip/resolver?srand=0906154211.32 HTTP/1.1
Host: hdns.openspeech.cn
Connection: Keep-Alive
X-Par: ver=1.3&appid=5e7d9f3e&operator=UNKNOW&nettype=STANDARD&cver=5.0.38.1195&svc=ath&host=open.xf-yun.com&sign=c07ad0ad2aacbdbd22d8cd2125b6dcd9
User-Agent: iFLYCloud

  
[2023/09/06 15:42:16 934] ns         559  net_type =  standard  
[2023/09/06 15:42:16 934] ns         560  cmwapascmnet =  
[2023/09/06 15:42:16 934] ns         561  uniwapasuninet =  
[2023/09/06 15:42:16 934] ns         562  ctwapasctnet =  
[2023/09/06 15:42:16 934] ns         579  host=  hdns.openspeech.cn  
[2023/09/06 15:42:16 934] network    263  gethostbyname  hdns.openspeech.cn  ns1  
[2023/09/06 15:42:16 934] auth       535  0  
[2023/09/06 15:42:16 935] auth       498  lver:  nil  
[2023/09/06 15:42:16 935] auth       503  cfg_ver:  nil  
[2023/09/06 15:42:16 935] transport  1849 transport_obj.send | in  
[2023/09/06 15:42:16 935] transport  1855 self.msg_flag_q  table(80039160) 
[2023/09/06 15:42:16 935] transport  1856 self.msg_q  table(800497e0) 
[2023/09/06 15:42:16 935] transport  1788 transport_obj.try2send | in  
[2023/09/06 15:42:16 935] transport  1789 self.soc  nil  
[2023/09/06 15:42:16 935] transport  1790 self.connected  false  
[2023/09/06 15:42:16 935] transport  1791 self.latesterr  0  
[2023/09/06 15:42:16 936] transport  1862 transport_obj.send | out  
[2023/09/06 15:42:16 936] isr_local  2038 commit path:   res/asr/GrmBuilld/temp/commit  
[2023/09/06 15:42:16 948] isr_local  2076 commit success!  
[2023/09/06 15:42:16 952] isr_local  1409 esr_session_begin | esr_obj:start ret =  0  
[2023/09/06 15:42:16 952] isr_local  2122 esr_session_begin, ret =   0  
[2023/09/06 15:42:16 952] isr_local  2265 last gc at  1693986136  
[2023/09/06 15:42:17 050] isr_local  655  local engine ready  
[2023/09/06 15:42:17 050] isr_local  585  esr_flush_buf_audio buffer audio num:  0  
[2023/09/06 15:42:17 050] isr_local  630  local engine started  
[2023/09/06 15:42:17 094] isr_local  2126 ASR_LOCAL_MSG_AUW  
[2023/09/06 15:42:17 095] isr_local  1558 auwl =   3200  
[2023/09/06 15:42:17 095] isr_local  2135 esr_audio_write, ret =  nil  
[2023/09/06 15:42:17 095] isr_local  2265 last gc at  1693986136  
[2023/09/06 15:42:17 191] isr_local  2126 ASR_LOCAL_MSG_AUW  
[2023/09/06 15:42:17 191] isr_local  1558 auwl =   3200  
[2023/09/06 15:42:17 192] isr_local  2135 esr_audio_write, ret =  nil  
[2023/09/06 15:42:17 192] isr_local  2265 last gc at  1693986136  
[2023/09/06 15:42:17 296] isr_local  2126 ASR_LOCAL_MSG_AUW  
[2023/09/06 15:42:17 298] isr_local  1558 auwl =   3200  
[2023/09/06 15:42:17 298] isr_local  2135 esr_audio_write, ret =  nil  
[2023/09/06 15:42:17 299] isr_local  2265 last gc at  1693986136  
[2023/09/06 15:42:17 396] isr_local  2126 ASR_LOCAL_MSG_AUW  
[2023/09/06 15:42:17 397] isr_local  1558 auwl =   3200  
[2023/09/06 15:42:17 397] isr_local  2135 esr_audio_write, ret =  nil  
[2023/09/06 15:42:17 398] isr_local  2265 last gc at  1693986136  
[2023/09/06 15:42:17 496] isr_local  2126 ASR_LOCAL_MSG_AUW  
[2023/09/06 15:42:17 496] isr_local  1558 auwl =   3200  
[2023/09/06 15:42:17 497] isr_local  2135 esr_audio_write, ret =  nil  
[2023/09/06 15:42:17 497] isr_local  2265 last gc at  1693986136  
[2023/09/06 15:42:17 595] isr_local  2126 ASR_LOCAL_MSG_AUW  
[2023/09/06 15:42:17 596] isr_local  1558 auwl =   3200  
[2023/09/06 15:42:17 597] isr_local  2135 esr_audio_write, ret =  nil  
[2023/09/06 15:42:17 597] isr_local  2265 last gc at  1693986136  
[2023/09/06 15:42:17 696] isr_local  2126 ASR_LOCAL_MSG_AUW  
[2023/09/06 15:42:17 697] isr_local  1558 auwl =   3200  
[2023/09/06 15:42:17 697] isr_local  2135 esr_audio_write, ret =  nil  
[2023/09/06 15:42:17 698] isr_local  2265 last gc at  1693986136  
[2023/09/06 15:42:17 796] isr_local  2126 ASR_LOCAL_MSG_AUW  
[2023/09/06 15:42:17 797] isr_local  1558 auwl =   3200  
[2023/09/06 15:42:17 797] isr_local  2135 esr_audio_write, ret =  nil  
[2023/09/06 15:42:17 798] isr_local  2265 last gc at  1693986136  
[2023/09/06 15:42:17 895] isr_local  2126 ASR_LOCAL_MSG_AUW  
[2023/09/06 15:42:17 896] isr_local  1558 auwl =   3200  
[2023/09/06 15:42:17 897] isr_local  2135 esr_audio_write, ret =  nil  
[2023/09/06 15:42:17 897] isr_local  2265 last gc at  1693986136  
[2023/09/06 15:42:17 994] isr_local  2126 ASR_LOCAL_MSG_AUW  
[2023/09/06 15:42:17 994] isr_local  1558 auwl =   3200  
[2023/09/06 15:42:17 995] isr_local  2135 esr_audio_write, ret =  nil  
[2023/09/06 15:42:17 995] isr_local  2265 last gc at  1693986136  
[2023/09/06 15:42:18 093] isr_local  2126 ASR_LOCAL_MSG_AUW  
[2023/09/06 15:42:18 093] isr_local  1558 auwl =   3200  
[2023/09/06 15:42:18 094] isr_local  2135 esr_audio_write, ret =  nil  
[2023/09/06 15:42:18 094] isr_local  2265 last gc at  1693986136  
[2023/09/06 15:42:18 192] isr_local  2126 ASR_LOCAL_MSG_AUW  
[2023/09/06 15:42:18 192] isr_local  1558 auwl =   3200  
[2023/09/06 15:42:18 193] isr_local  2135 esr_audio_write, ret =  nil  
[2023/09/06 15:42:18 193] isr_local  2265 last gc at  1693986136  
[2023/09/06 15:42:18 292] isr_local  2126 ASR_LOCAL_MSG_AUW  
[2023/09/06 15:42:18 293] isr_local  1558 auwl =   3200  
[2023/09/06 15:42:18 293] isr_local  2135 esr_audio_write, ret =  nil  
[2023/09/06 15:42:18 293] isr_local  2265 last gc at  1693986136  
[2023/09/06 15:42:18 391] isr_local  2126 ASR_LOCAL_MSG_AUW  
[2023/09/06 15:42:18 391] isr_local  1558 auwl =   3200  
[2023/09/06 15:42:18 392] isr_local  2135 esr_audio_write, ret =  nil  
[2023/09/06 15:42:18 392] isr_local  2265 last gc at  1693986136  
[2023/09/06 15:42:18 489] isr_local  2126 ASR_LOCAL_MSG_AUW  
[2023/09/06 15:42:18 489] isr_local  1558 auwl =   3200  
[2023/09/06 15:42:18 489] isr_local  2135 esr_audio_write, ret =  nil  
[2023/09/06 15:42:18 489] isr_local  2265 last gc at  1693986136  
[2023/09/06 15:42:18 601] isr_local  2126 ASR_LOCAL_MSG_AUW  
[2023/09/06 15:42:18 601] isr_local  1558 auwl =   3200  
[2023/09/06 15:42:18 601] isr_local  2135 esr_audio_write, ret =  nil  
[2023/09/06 15:42:18 601] isr_local  2265 last gc at  1693986136  
[2023/09/06 15:42:18 693] isr_local  2126 ASR_LOCAL_MSG_AUW  
[2023/09/06 15:42:18 693] isr_local  1558 auwl =   3200  
[2023/09/06 15:42:18 693] isr_local  2135 esr_audio_write, ret =  nil  
[2023/09/06 15:42:18 693] isr_local  2265 last gc at  1693986136  
[2023/09/06 15:42:18 793] isr_local  2126 ASR_LOCAL_MSG_AUW  
[2023/09/06 15:42:18 793] isr_local  1558 auwl =   3200  
[2023/09/06 15:42:18 793] isr_local  2135 esr_audio_write, ret =  nil  
[2023/09/06 15:42:18 793] isr_local  2265 last gc at  1693986136  
[2023/09/06 15:42:18 892] isr_local  2126 ASR_LOCAL_MSG_AUW  
[2023/09/06 15:42:18 892] isr_local  1558 auwl =   3200  
[2023/09/06 15:42:18 893] isr_local  2135 esr_audio_write, ret =  nil  
[2023/09/06 15:42:18 893] isr_local  2265 last gc at  1693986136  
[2023/09/06 15:42:18 992] isr_local  2126 ASR_LOCAL_MSG_AUW  
[2023/09/06 15:42:18 992] isr_local  1558 auwl =   3200  
[2023/09/06 15:42:18 992] isr_local  2135 esr_audio_write, ret =  nil  
[2023/09/06 15:42:18 992] isr_local  2265 last gc at  1693986136  
[2023/09/06 15:42:19 092] isr_local  2126 ASR_LOCAL_MSG_AUW  
[2023/09/06 15:42:19 093] isr_local  1558 auwl =   3200  
[2023/09/06 15:42:19 093] isr_local  2135 esr_audio_write, ret =  nil  
[2023/09/06 15:42:19 093] isr_local  2265 last gc at  1693986136  
[2023/09/06 15:42:19 192] isr_local  2126 ASR_LOCAL_MSG_AUW  
[2023/09/06 15:42:19 192] isr_local  1558 auwl =   3200  
[2023/09/06 15:42:19 192] isr_local  2135 esr_audio_write, ret =  nil  
[2023/09/06 15:42:19 193] isr_local  2265 last gc at  1693986136  
[2023/09/06 15:42:19 292] isr_local  2126 ASR_LOCAL_MSG_AUW  
[2023/09/06 15:42:19 292] isr_local  1558 auwl =   3200  
[2023/09/06 15:42:19 293] isr_local  2135 esr_audio_write, ret =  nil  
[2023/09/06 15:42:19 293] isr_local  2265 last gc at  1693986136  
[2023/09/06 15:42:19 392] isr_local  2126 ASR_LOCAL_MSG_AUW  
[2023/09/06 15:42:19 392] isr_local  1558 auwl =   3200  
[2023/09/06 15:42:19 392] isr_local  2135 esr_audio_write, ret =  nil  
[2023/09/06 15:42:19 392] isr_local  2265 last gc at  1693986136  
[2023/09/06 15:42:19 493] isr_local  2126 ASR_LOCAL_MSG_AUW  
[2023/09/06 15:42:19 494] isr_local  1558 auwl =   3200  
[2023/09/06 15:42:19 494] isr_local  2135 esr_audio_write, ret =  nil  
[2023/09/06 15:42:19 494] isr_local  2265 last gc at  1693986136  
[2023/09/06 15:42:19 589] isr_local  2126 ASR_LOCAL_MSG_AUW  
[2023/09/06 15:42:19 589] isr_local  1558 auwl =   3200  
[2023/09/06 15:42:19 589] isr_local  2135 esr_audio_write, ret =  nil  
[2023/09/06 15:42:19 590] isr_local  2265 last gc at  1693986136  
[2023/09/06 15:42:19 688] isr_local  2126 ASR_LOCAL_MSG_AUW  
[2023/09/06 15:42:19 688] isr_local  1558 auwl =   3200  
[2023/09/06 15:42:19 688] isr_local  2135 esr_audio_write, ret =  nil  
[2023/09/06 15:42:19 688] isr_local  2265 last gc at  1693986136  
[2023/09/06 15:42:19 788] isr_local  2126 ASR_LOCAL_MSG_AUW  
[2023/09/06 15:42:19 788] isr_local  1558 auwl =   3200  
[2023/09/06 15:42:19 788] isr_local  2135 esr_audio_write, ret =  nil  
[2023/09/06 15:42:19 788] isr_local  2265 last gc at  1693986136  
[2023/09/06 15:42:19 886] isr_local  2126 ASR_LOCAL_MSG_AUW  
[2023/09/06 15:42:19 886] isr_local  1558 auwl =   2560  
[2023/09/06 15:42:19 886] isr_local  2135 esr_audio_write, ret =  nil  
[2023/09/06 15:42:19 886] isr_local  2265 last gc at  1693986136  
[2023/09/06 15:42:19 934] transport  306  [dns] [1] timeout!   
[2023/09/06 15:42:19 934] transport  74   dns_failed  
[2023/09/06 15:42:19 934] network    90   ipfromenv ,  ipcache  open.xf-yun.com  def  nil  
[2023/09/06 15:42:19 934] network    90   ipfromenv ,  ipcfg  open.xf-yun.com  def  nil  
[2023/09/06 15:42:19 935] transport  1298 [soc] connect   116.213.69.195  80  
[2023/09/06 15:42:19 935] transport  1310 mspsoc.open,prot_type=  tcp  
[2023/09/06 15:42:19 935] network    231  dns timeout!  ns1  
[2023/09/06 15:42:19 935] ns         457  ns dns failed, err =   10114  
[2023/09/06 15:42:19 935] network    445  gethttpresp2  117.121.48.5  80  ns2  
[2023/09/06 15:42:19 935] network    465  prot_type  tcp  
[2023/09/06 15:42:19 944] transport  539  MSC:[soc] [1] error 10202 113!  
[2023/09/06 15:42:19 944] transport  64   clear_ip ip_type =  nil  
[2023/09/06 15:42:19 944] transport  339  soc_conn_failed  
[2023/09/06 15:42:19 944] network    95   iptoenv ,  ipcache  open.xf-yun.com  def  nil  
[2023/09/06 15:42:19 946] transport  413  switch 80  
[2023/09/06 15:42:19 947] transport  1326 [soc] disconnect   
[2023/09/06 15:42:19 947] network    418  soc error  10202  ns2  
[2023/09/06 15:42:19 947] ns         256  name server http resp  table(800313f0) 10202  nil  
[2023/09/06 15:42:19 948] ns         415  ns response failed, err =  10202  
[2023/09/06 15:42:19 948] ns         116  ns_host=  open.xf-yun.com  
[2023/09/06 15:42:19 948] ns         118  use default ip  
[2023/09/06 15:42:19 948] transport  1060 ns_ip =   116.213.69.195  
[2023/09/06 15:42:19 948] transport  1061 ip_type =  def_athopen.xf-yun.com  
[2023/09/06 15:42:19 948] transport  1298 [soc] connect   116.213.69.195  80  
[2023/09/06 15:42:19 948] transport  1310 mspsoc.open,prot_type=  tcp  
[2023/09/06 15:42:19 949] ns         658  no data in ns_q  
[2023/09/06 15:42:19 949] ns         659  conti_ns,ns_inprog =   1  
[2023/09/06 15:42:19 960] isr_local  669  final result will throw out next!  
[2023/09/06 15:42:19 960] isr_local  679  nRecognizeState:  1  
[2023/09/06 15:42:19 960] isr_local  680  nConfidenceScore:  57  
[2023/09/06 15:42:19 960] isr_local  728  result_type :   xml  
[2023/09/06 15:42:19 960] isr_local  729  result_encoding :   UTF-8  
[2023/09/06 15:42:19 960] isr_local  730  is iat :   false  
[2023/09/06 15:42:19 960] isr_local  469  item_count:1  
[2023/09/06 15:42:19 961] isr_local  293  nil  
[2023/09/06 15:42:19 961] isr_local  675  recognized end!  
[2023/09/06 15:42:19 966] isr_local  2140 ASR_LOCAL_MSG_SSE  
[2023/09/06 15:42:19 966] isr_local  1518 esr_session_end | esr_obj:stop ret =  0  
[2023/09/06 15:42:19 966] isr_local  2142 esr_session_end, ret =  0  
[2023/09/06 15:42:19 969] isr_local  2265 last gc at  1693986136  
[2023/09/06 15:42:20 004] isr_local  2182 SYS_MSG_SHUTDOWN_LOCAL  
[2023/09/06 15:42:20 114] isr_local  2265 last gc at  1693986136  
============================================================
Time  2023/09/06 15:46:55 110 
============================================================
[2023/09/06 15:46:55 110] isr_local  2168 os_type is:  Linux  
[2023/09/06 15:46:55 111] isr_local  2177 SYS_MSG_LOAD_LOCAL  
[2023/09/06 15:46:55 111] isr_local  2265 last gc at  1693986414  
[2023/09/06 15:46:55 111] isr_local  2206 SYS_MSG_REGCB_LOCAL| param0 =  msp_status_cb  
[2023/09/06 15:46:55 111] isr_local  2265 last gc at  1693986414  
[2023/09/06 15:46:55 112] isr_local  2206 SYS_MSG_REGCB_LOCAL| param0 =  local_service_cbmsg  
[2023/09/06 15:46:55 112] isr_local  2265 last gc at  1693986414  
[2023/09/06 15:46:55 112] isr_local  2114 ASR_LOCAL_MSG_SSB  
[2023/09/06 15:46:55 112] isr_local  1251 esr_session_begin | params:  engine_type=local,asr_res_path=fo|res/asr/common.jet,sample_rate=16000,grm_build_path=res/asr/GrmBuilld,local_grammar=call,result_type=xml,result_encoding=UTF-8  
[2023/09/06 15:46:55 113] isr_local  803  engine_type  :  local  
[2023/09/06 15:46:55 113] isr_local  803  asr_res_path  :  fo|res/asr/common.jet  
[2023/09/06 15:46:55 113] isr_local  803  sample_rate  :  16000  
[2023/09/06 15:46:55 113] isr_local  803  grm_build_path  :  res/asr/GrmBuilld  
[2023/09/06 15:46:55 113] isr_local  803  local_grammar  :  call  
[2023/09/06 15:46:55 113] isr_local  803  result_type  :  xml  
[2023/09/06 15:46:55 113] isr_local  803  result_encoding  :  UTF-8  
[2023/09/06 15:46:55 113] isr_local  1280 init aitalk in ssb  
[2023/09/06 15:46:55 113] isr_local  1162 esr_init | params:  engine_type=local,asr_res_path=fo|res/asr/common.jet,sample_rate=16000,grm_build_path=res/asr/GrmBuilld,local_grammar=call,result_type=xml,result_encoding=UTF-8  
[2023/09/06 15:46:55 114] isr_local  803  engine_type  :  local  
[2023/09/06 15:46:55 114] isr_local  803  asr_res_path  :  fo|res/asr/common.jet  
[2023/09/06 15:46:55 114] isr_local  803  sample_rate  :  16000  
[2023/09/06 15:46:55 114] isr_local  803  grm_build_path  :  res/asr/GrmBuilld  
[2023/09/06 15:46:55 114] isr_local  803  local_grammar  :  call  
[2023/09/06 15:46:55 114] isr_local  803  result_type  :  xml  
[2023/09/06 15:46:55 114] isr_local  803  result_encoding  :  UTF-8  
[2023/09/06 15:46:55 114] isr_local  1083  lucEsr.new   
[2023/09/06 15:46:55 115] isr_local  1000 file count =   1  
[2023/09/06 15:46:55 115] isr_local  923  file open type is:   fo  
[2023/09/06 15:46:55 115] isr_local  956  res/asr/common.jet  0  0  
[2023/09/06 15:46:55 115] isr_local  1018 speech_plus_setting  0  
[2023/09/06 15:46:55 115] isr_local  1031 2  nil  res/asr/common.jet  0  0  
[2023/09/06 15:46:55 116] isr_local  1033 res_ver  2  
[2023/09/06 15:46:55 116] isr_local  1034 res 5  62dd61c88201165be2937d82ec3543bf  
[2023/09/06 15:46:55 116] isr_local  1035 res_new_old_mark  v5pp  
[2023/09/06 15:46:55 116] isr_local  1036 res_usr_name  ""  
[2023/09/06 15:46:55 116] isr_local  1037 res_expires    
[2023/09/06 15:46:55 116] isr_local  1038 err  0  
[2023/09/06 15:46:55 116] isr_local  1054 lgi appid 5  62dd61c88201165be2937d82ec3543bf  
[2023/09/06 15:46:55 116] isr_local  1065 res_expires is null  
[2023/09/06 15:46:55 117] auth       74   aitalk  app  nil  nil  {"aitalk":{"ver":"2","bus":{"forbid":"0","nlimit":2020}}}  
[2023/09/06 15:46:55 118] auth       312  nil  
[2023/09/06 15:46:55 140] isr_local  1294 authorized_aitalk=  nil  
[2023/09/06 15:46:55 141] isr_local  1295 forbid_aitalk=  0  
[2023/09/06 15:46:55 141] auth       570  aitalk  table(680643d0) nil  nil  appid = 5e7d9f3e  
[2023/09/06 15:46:55 141] auth       579  app  nil  nil  nil  
[2023/09/06 15:46:55 141] auth       636  ath rquest  {"authorize":[{"ver":"2.1.1","busin":"aitalk"}]}  
[2023/09/06 15:46:55 143] transport  642  paramkvsport is   nil  
[2023/09/06 15:46:55 143] transport  654  ns_enable=  1  
[2023/09/06 15:46:55 144] transport  656  2017-08--24 is_ns_need_close =   nil  
[2023/09/06 15:46:55 144] transport  662  net.nettype=  standard  
[2023/09/06 15:46:55 144] transport  672  url.full=  nil  
[2023/09/06 15:46:55 144] transport  673  urltmp=  nil  
[2023/09/06 15:46:55 144] transport  677  server_url_host=, server_url_port=, server_url_path=  open.xf-yun.com  nil  /msp.do  
[2023/09/06 15:46:55 144] transport  705  url.full=  nil  
[2023/09/06 15:46:55 144] transport  890  switch 80  
[2023/09/06 15:46:55 144] transport  902  net type:  standard  
[2023/09/06 15:46:55 144] transport  903  net operator:  def  
[2023/09/06 15:46:55 145] transport  904  use proxy:  false  
[2023/09/06 15:46:55 145] auth       691  not login!  
[2023/09/06 15:46:55 145] auth       528  [session] send auth request  
[2023/09/06 15:46:55 145] transport  1102 session.domain=  open.xf-yun.com  
[2023/09/06 15:46:55 145] transport  1103 url.host=  open.xf-yun.com  
[2023/09/06 15:46:55 145] transport  1080 NAMESERVER START  
[2023/09/06 15:46:55 146] transport  1083 name =   ath  
[2023/09/06 15:46:55 146] ns         629  ntt=  standard  
[2023/09/06 15:46:55 146] transport  1086 trans,ns_inprog =  0  
[2023/09/06 15:46:55 146] ns         585  name server start  
[2023/09/06 15:46:55 146] ns         586  ns_sub =   ath  
[2023/09/06 15:46:55 146] ns         588  ns_host=  open.xf-yun.com  
[2023/09/06 15:46:55 147] ns         479  ns_host=  open.xf-yun.com  
[2023/09/06 15:46:55 147] ns         558  GET /sip/resolver?srand=0906154611.32 HTTP/1.1
Host: hdns.openspeech.cn
Connection: Keep-Alive
X-Par: ver=1.3&appid=5e7d9f3e&operator=UNKNOW&nettype=STANDARD&cver=5.0.38.1195&svc=ath&host=open.xf-yun.com&sign=48ebb09924cd60a350c38249fadf0082
User-Agent: iFLYCloud

  
[2023/09/06 15:46:55 147] ns         559  net_type =  standard  
[2023/09/06 15:46:55 147] ns         560  cmwapascmnet =  
[2023/09/06 15:46:55 147] ns         561  uniwapasuninet =  
[2023/09/06 15:46:55 147] ns         562  ctwapasctnet =  
[2023/09/06 15:46:55 147] ns         579  host=  hdns.openspeech.cn  
[2023/09/06 15:46:55 148] network    263  gethostbyname  hdns.openspeech.cn  ns1  
[2023/09/06 15:46:55 150] auth       535  0  
[2023/09/06 15:46:55 150] auth       498  lver:  nil  
[2023/09/06 15:46:55 151] auth       503  cfg_ver:  nil  
[2023/09/06 15:46:55 151] transport  1849 transport_obj.send | in  
[2023/09/06 15:46:55 151] transport  1855 self.msg_flag_q  table(68081990) 
[2023/09/06 15:46:55 151] transport  1856 self.msg_q  table(6802ba50) 
[2023/09/06 15:46:55 151] transport  1788 transport_obj.try2send | in  
[2023/09/06 15:46:55 151] transport  1789 self.soc  nil  
[2023/09/06 15:46:55 151] transport  1790 self.connected  false  
[2023/09/06 15:46:55 151] transport  1791 self.latesterr  0  
[2023/09/06 15:46:55 152] transport  1862 transport_obj.send | out  
[2023/09/06 15:46:55 152] isr_local  2038 commit path:   res/asr/GrmBuilld/temp/commit  
[2023/09/06 15:46:55 163] isr_local  2076 commit success!  
[2023/09/06 15:46:55 167] isr_local  1409 esr_session_begin | esr_obj:start ret =  0  
[2023/09/06 15:46:55 167] isr_local  2122 esr_session_begin, ret =   0  
[2023/09/06 15:46:55 167] isr_local  2265 last gc at  1693986414  
[2023/09/06 15:46:55 274] isr_local  655  local engine ready  
[2023/09/06 15:46:55 275] isr_local  585  esr_flush_buf_audio buffer audio num:  0  
[2023/09/06 15:46:55 276] isr_local  630  local engine started  
[2023/09/06 15:46:55 306] isr_local  2126 ASR_LOCAL_MSG_AUW  
[2023/09/06 15:46:55 306] isr_local  1558 auwl =   3200  
[2023/09/06 15:46:55 307] isr_local  2135 esr_audio_write, ret =  nil  
[2023/09/06 15:46:55 307] isr_local  2265 last gc at  1693986414  
[2023/09/06 15:46:55 405] isr_local  2126 ASR_LOCAL_MSG_AUW  
[2023/09/06 15:46:55 406] isr_local  1558 auwl =   3200  
[2023/09/06 15:46:55 406] isr_local  2135 esr_audio_write, ret =  nil  
[2023/09/06 15:46:55 406] isr_local  2265 last gc at  1693986414  
[2023/09/06 15:46:55 501] isr_local  2126 ASR_LOCAL_MSG_AUW  
[2023/09/06 15:46:55 501] isr_local  1558 auwl =   3200  
[2023/09/06 15:46:55 501] isr_local  2135 esr_audio_write, ret =  nil  
[2023/09/06 15:46:55 501] isr_local  2265 last gc at  1693986414  
[2023/09/06 15:46:55 614] isr_local  2126 ASR_LOCAL_MSG_AUW  
[2023/09/06 15:46:55 614] isr_local  1558 auwl =   3200  
[2023/09/06 15:46:55 615] isr_local  2135 esr_audio_write, ret =  nil  
[2023/09/06 15:46:55 615] isr_local  2265 last gc at  1693986414  
[2023/09/06 15:46:55 713] isr_local  2126 ASR_LOCAL_MSG_AUW  
[2023/09/06 15:46:55 714] isr_local  1558 auwl =   3200  
[2023/09/06 15:46:55 715] isr_local  2135 esr_audio_write, ret =  nil  
[2023/09/06 15:46:55 715] isr_local  2265 last gc at  1693986414  
[2023/09/06 15:46:55 813] isr_local  2126 ASR_LOCAL_MSG_AUW  
[2023/09/06 15:46:55 814] isr_local  1558 auwl =   3200  
[2023/09/06 15:46:55 815] isr_local  2135 esr_audio_write, ret =  nil  
[2023/09/06 15:46:55 815] isr_local  2265 last gc at  1693986414  
[2023/09/06 15:46:55 913] isr_local  2126 ASR_LOCAL_MSG_AUW  
[2023/09/06 15:46:55 914] isr_local  1558 auwl =   3200  
[2023/09/06 15:46:55 915] isr_local  2135 esr_audio_write, ret =  nil  
[2023/09/06 15:46:55 916] isr_local  2265 last gc at  1693986414  
[2023/09/06 15:46:56 013] isr_local  2126 ASR_LOCAL_MSG_AUW  
[2023/09/06 15:46:56 014] isr_local  1558 auwl =   3200  
[2023/09/06 15:46:56 015] isr_local  2135 esr_audio_write, ret =  nil  
[2023/09/06 15:46:56 015] isr_local  2265 last gc at  1693986414  
[2023/09/06 15:46:56 113] isr_local  2126 ASR_LOCAL_MSG_AUW  
[2023/09/06 15:46:56 114] isr_local  1558 auwl =   3200  
[2023/09/06 15:46:56 114] isr_local  2135 esr_audio_write, ret =  nil  
[2023/09/06 15:46:56 115] isr_local  2265 last gc at  1693986414  
[2023/09/06 15:46:56 214] isr_local  2126 ASR_LOCAL_MSG_AUW  
[2023/09/06 15:46:56 215] isr_local  1558 auwl =   3200  
[2023/09/06 15:46:56 215] isr_local  2135 esr_audio_write, ret =  nil  
[2023/09/06 15:46:56 216] isr_local  2265 last gc at  1693986414  
[2023/09/06 15:46:56 314] isr_local  2126 ASR_LOCAL_MSG_AUW  
[2023/09/06 15:46:56 314] isr_local  1558 auwl =   3200  
[2023/09/06 15:46:56 315] isr_local  2135 esr_audio_write, ret =  nil  
[2023/09/06 15:46:56 315] isr_local  2265 last gc at  1693986414  
[2023/09/06 15:46:56 413] isr_local  2126 ASR_LOCAL_MSG_AUW  
[2023/09/06 15:46:56 414] isr_local  1558 auwl =   3200  
[2023/09/06 15:46:56 415] isr_local  2135 esr_audio_write, ret =  nil  
[2023/09/06 15:46:56 415] isr_local  2265 last gc at  1693986414  
[2023/09/06 15:46:56 513] isr_local  2126 ASR_LOCAL_MSG_AUW  
[2023/09/06 15:46:56 514] isr_local  1558 auwl =   3200  
[2023/09/06 15:46:56 515] isr_local  2135 esr_audio_write, ret =  nil  
[2023/09/06 15:46:56 515] isr_local  2265 last gc at  1693986414  
[2023/09/06 15:46:56 613] isr_local  2126 ASR_LOCAL_MSG_AUW  
[2023/09/06 15:46:56 614] isr_local  1558 auwl =   3200  
[2023/09/06 15:46:56 615] isr_local  2135 esr_audio_write, ret =  nil  
[2023/09/06 15:46:56 615] isr_local  2265 last gc at  1693986414  
[2023/09/06 15:46:56 706] isr_local  2126 ASR_LOCAL_MSG_AUW  
[2023/09/06 15:46:56 706] isr_local  1558 auwl =   3200  
[2023/09/06 15:46:56 707] isr_local  2135 esr_audio_write, ret =  nil  
[2023/09/06 15:46:56 707] isr_local  2265 last gc at  1693986414  
[2023/09/06 15:46:56 804] isr_local  2126 ASR_LOCAL_MSG_AUW  
[2023/09/06 15:46:56 804] isr_local  1558 auwl =   3200  
[2023/09/06 15:46:56 805] isr_local  2135 esr_audio_write, ret =  nil  
[2023/09/06 15:46:56 805] isr_local  2265 last gc at  1693986414  
[2023/09/06 15:46:56 904] isr_local  2126 ASR_LOCAL_MSG_AUW  
[2023/09/06 15:46:56 904] isr_local  1558 auwl =   3200  
[2023/09/06 15:46:56 905] isr_local  2135 esr_audio_write, ret =  nil  
[2023/09/06 15:46:56 905] isr_local  2265 last gc at  1693986414  
[2023/09/06 15:46:57 004] isr_local  2126 ASR_LOCAL_MSG_AUW  
[2023/09/06 15:46:57 004] isr_local  1558 auwl =   3200  
[2023/09/06 15:46:57 005] isr_local  2135 esr_audio_write, ret =  nil  
[2023/09/06 15:46:57 005] isr_local  2265 last gc at  1693986414  
[2023/09/06 15:46:57 104] isr_local  2126 ASR_LOCAL_MSG_AUW  
[2023/09/06 15:46:57 104] isr_local  1558 auwl =   3200  
[2023/09/06 15:46:57 105] isr_local  2135 esr_audio_write, ret =  nil  
[2023/09/06 15:46:57 105] isr_local  2265 last gc at  1693986414  
[2023/09/06 15:46:57 200] isr_local  2126 ASR_LOCAL_MSG_AUW  
[2023/09/06 15:46:57 200] isr_local  1558 auwl =   3200  
[2023/09/06 15:46:57 201] isr_local  2135 esr_audio_write, ret =  nil  
[2023/09/06 15:46:57 201] isr_local  2265 last gc at  1693986414  
[2023/09/06 15:46:57 300] isr_local  2126 ASR_LOCAL_MSG_AUW  
[2023/09/06 15:46:57 300] isr_local  1558 auwl =   3200  
[2023/09/06 15:46:57 300] isr_local  2135 esr_audio_write, ret =  nil  
[2023/09/06 15:46:57 301] isr_local  2265 last gc at  1693986414  
[2023/09/06 15:46:57 399] isr_local  2126 ASR_LOCAL_MSG_AUW  
[2023/09/06 15:46:57 399] isr_local  1558 auwl =   3200  
[2023/09/06 15:46:57 399] isr_local  2135 esr_audio_write, ret =  nil  
[2023/09/06 15:46:57 399] isr_local  2265 last gc at  1693986414  
[2023/09/06 15:46:57 499] isr_local  2126 ASR_LOCAL_MSG_AUW  
[2023/09/06 15:46:57 499] isr_local  1558 auwl =   3200  
[2023/09/06 15:46:57 499] isr_local  2135 esr_audio_write, ret =  nil  
[2023/09/06 15:46:57 499] isr_local  2265 last gc at  1693986414  
[2023/09/06 15:46:57 599] isr_local  2126 ASR_LOCAL_MSG_AUW  
[2023/09/06 15:46:57 599] isr_local  1558 auwl =   3200  
[2023/09/06 15:46:57 599] isr_local  2135 esr_audio_write, ret =  nil  
[2023/09/06 15:46:57 599] isr_local  2265 last gc at  1693986414  
[2023/09/06 15:46:57 699] isr_local  2126 ASR_LOCAL_MSG_AUW  
[2023/09/06 15:46:57 699] isr_local  1558 auwl =   3200  
[2023/09/06 15:46:57 699] isr_local  2135 esr_audio_write, ret =  nil  
[2023/09/06 15:46:57 699] isr_local  2265 last gc at  1693986414  
[2023/09/06 15:46:57 799] isr_local  2126 ASR_LOCAL_MSG_AUW  
[2023/09/06 15:46:57 799] isr_local  1558 auwl =   3200  
[2023/09/06 15:46:57 799] isr_local  2135 esr_audio_write, ret =  nil  
[2023/09/06 15:46:57 799] isr_local  2265 last gc at  1693986414  
[2023/09/06 15:46:57 899] isr_local  2126 ASR_LOCAL_MSG_AUW  
[2023/09/06 15:46:57 899] isr_local  1558 auwl =   3200  
[2023/09/06 15:46:57 899] isr_local  2135 esr_audio_write, ret =  nil  
[2023/09/06 15:46:57 899] isr_local  2265 last gc at  1693986414  
[2023/09/06 15:46:57 999] isr_local  2126 ASR_LOCAL_MSG_AUW  
[2023/09/06 15:46:57 999] isr_local  1558 auwl =   3200  
[2023/09/06 15:46:57 999] isr_local  2135 esr_audio_write, ret =  nil  
[2023/09/06 15:46:57 999] isr_local  2265 last gc at  1693986414  
[2023/09/06 15:46:58 099] isr_local  2126 ASR_LOCAL_MSG_AUW  
[2023/09/06 15:46:58 099] isr_local  1558 auwl =   2560  
[2023/09/06 15:46:58 099] isr_local  2135 esr_audio_write, ret =  nil  
[2023/09/06 15:46:58 099] isr_local  2265 last gc at  1693986414  
[2023/09/06 15:46:58 151] transport  306  [dns] [1] timeout!   
[2023/09/06 15:46:58 152] transport  74   dns_failed  
[2023/09/06 15:46:58 152] network    90   ipfromenv ,  ipcache  open.xf-yun.com  def  nil  
[2023/09/06 15:46:58 153] network    90   ipfromenv ,  ipcfg  open.xf-yun.com  def  nil  
[2023/09/06 15:46:58 153] transport  1298 [soc] connect   116.213.69.195  80  
[2023/09/06 15:46:58 154] transport  1310 mspsoc.open,prot_type=  tcp  
[2023/09/06 15:46:58 156] network    231  dns timeout!  ns1  
[2023/09/06 15:46:58 157] ns         457  ns dns failed, err =   10114  
[2023/09/06 15:46:58 157] network    445  gethttpresp2  117.121.48.5  80  ns2  
[2023/09/06 15:46:58 157] network    465  prot_type  tcp  
[2023/09/06 15:46:58 187] isr_local  669  final result will throw out next!  
[2023/09/06 15:46:58 187] isr_local  679  nRecognizeState:  1  
[2023/09/06 15:46:58 187] isr_local  680  nConfidenceScore:  82  
[2023/09/06 15:46:58 187] isr_local  728  result_type :   xml  
[2023/09/06 15:46:58 187] isr_local  729  result_encoding :   UTF-8  
[2023/09/06 15:46:58 187] isr_local  730  is iat :   false  
[2023/09/06 15:46:58 188] isr_local  469  item_count:1  
[2023/09/06 15:46:58 188] isr_local  469  item_count:1  
[2023/09/06 15:46:58 188] isr_local  293  nil  
[2023/09/06 15:46:58 188] isr_local  675  recognized end!  
[2023/09/06 15:46:58 191] isr_local  2140 ASR_LOCAL_MSG_SSE  
[2023/09/06 15:46:58 192] isr_local  1518 esr_session_end | esr_obj:stop ret =  0  
[2023/09/06 15:46:58 192] isr_local  2142 esr_session_end, ret =  0  
[2023/09/06 15:46:58 195] isr_local  2265 last gc at  1693986414  
[2023/09/06 15:46:58 274] isr_local  638  local engine already stopped! stop cmd ignored  
[2023/09/06 15:46:58 287] isr_local  2182 SYS_MSG_SHUTDOWN_LOCAL  
[2023/09/06 15:46:58 347] isr_local  2265 last gc at  1693986414  
============================================================
Time  2023/09/06 15:48:08 502 
============================================================
[2023/09/06 15:48:08 502] isr_local  2168 os_type is:  Linux  
[2023/09/06 15:48:08 502] isr_local  2177 SYS_MSG_LOAD_LOCAL  
[2023/09/06 15:48:08 502] isr_local  2265 last gc at  1693986488  
[2023/09/06 15:48:08 503] isr_local  2206 SYS_MSG_REGCB_LOCAL| param0 =  msp_status_cb  
[2023/09/06 15:48:08 503] isr_local  2265 last gc at  1693986488  
[2023/09/06 15:48:08 503] isr_local  2206 SYS_MSG_REGCB_LOCAL| param0 =  local_service_cbmsg  
[2023/09/06 15:48:08 503] isr_local  2265 last gc at  1693986488  
[2023/09/06 15:48:08 504] isr_local  2114 ASR_LOCAL_MSG_SSB  
[2023/09/06 15:48:08 504] isr_local  1251 esr_session_begin | params:  engine_type=local,asr_res_path=fo|res/asr/common.jet,sample_rate=16000,grm_build_path=res/asr/GrmBuilld,local_grammar=call,result_type=xml,result_encoding=UTF-8  
[2023/09/06 15:48:08 504] isr_local  803  engine_type  :  local  
[2023/09/06 15:48:08 504] isr_local  803  asr_res_path  :  fo|res/asr/common.jet  
[2023/09/06 15:48:08 504] isr_local  803  sample_rate  :  16000  
[2023/09/06 15:48:08 504] isr_local  803  grm_build_path  :  res/asr/GrmBuilld  
[2023/09/06 15:48:08 504] isr_local  803  local_grammar  :  call  
[2023/09/06 15:48:08 505] isr_local  803  result_type  :  xml  
[2023/09/06 15:48:08 505] isr_local  803  result_encoding  :  UTF-8  
[2023/09/06 15:48:08 505] isr_local  1280 init aitalk in ssb  
[2023/09/06 15:48:08 505] isr_local  1162 esr_init | params:  engine_type=local,asr_res_path=fo|res/asr/common.jet,sample_rate=16000,grm_build_path=res/asr/GrmBuilld,local_grammar=call,result_type=xml,result_encoding=UTF-8  
[2023/09/06 15:48:08 505] isr_local  803  engine_type  :  local  
[2023/09/06 15:48:08 505] isr_local  803  asr_res_path  :  fo|res/asr/common.jet  
[2023/09/06 15:48:08 505] isr_local  803  sample_rate  :  16000  
[2023/09/06 15:48:08 505] isr_local  803  grm_build_path  :  res/asr/GrmBuilld  
[2023/09/06 15:48:08 505] isr_local  803  local_grammar  :  call  
[2023/09/06 15:48:08 506] isr_local  803  result_type  :  xml  
[2023/09/06 15:48:08 506] isr_local  803  result_encoding  :  UTF-8  
[2023/09/06 15:48:08 506] isr_local  1083  lucEsr.new   
[2023/09/06 15:48:08 506] isr_local  1000 file count =   1  
[2023/09/06 15:48:08 506] isr_local  923  file open type is:   fo  
[2023/09/06 15:48:08 506] isr_local  956  res/asr/common.jet  0  0  
[2023/09/06 15:48:08 506] isr_local  1018 speech_plus_setting  0  
[2023/09/06 15:48:08 507] isr_local  1031 2  nil  res/asr/common.jet  0  0  
[2023/09/06 15:48:08 507] isr_local  1033 res_ver  2  
[2023/09/06 15:48:08 507] isr_local  1034 res 5  62dd61c88201165be2937d82ec3543bf  
[2023/09/06 15:48:08 507] isr_local  1035 res_new_old_mark  v5pp  
[2023/09/06 15:48:08 507] isr_local  1036 res_usr_name  ""  
[2023/09/06 15:48:08 507] isr_local  1037 res_expires    
[2023/09/06 15:48:08 507] isr_local  1038 err  0  
[2023/09/06 15:48:08 507] isr_local  1054 lgi appid 5  62dd61c88201165be2937d82ec3543bf  
[2023/09/06 15:48:08 507] isr_local  1065 res_expires is null  
[2023/09/06 15:48:08 508] auth       74   aitalk  app  nil  nil  {"aitalk":{"ver":"2","bus":{"forbid":"0","nlimit":2020}}}  
[2023/09/06 15:48:08 509] auth       312  nil  
[2023/09/06 15:48:08 531] isr_local  1294 authorized_aitalk=  nil  
[2023/09/06 15:48:08 531] isr_local  1295 forbid_aitalk=  0  
[2023/09/06 15:48:08 531] auth       570  aitalk  table(90064200) nil  nil  appid = 5e7d9f3e  
[2023/09/06 15:48:08 531] auth       579  app  nil  nil  nil  
[2023/09/06 15:48:08 531] auth       636  ath rquest  {"authorize":[{"ver":"2.1.1","busin":"aitalk"}]}  
[2023/09/06 15:48:08 534] transport  642  paramkvsport is   nil  
[2023/09/06 15:48:08 534] transport  654  ns_enable=  1  
[2023/09/06 15:48:08 534] transport  656  2017-08--24 is_ns_need_close =   nil  
[2023/09/06 15:48:08 535] transport  662  net.nettype=  standard  
[2023/09/06 15:48:08 535] transport  672  url.full=  nil  
[2023/09/06 15:48:08 535] transport  673  urltmp=  nil  
[2023/09/06 15:48:08 535] transport  677  server_url_host=, server_url_port=, server_url_path=  open.xf-yun.com  nil  /msp.do  
[2023/09/06 15:48:08 535] transport  705  url.full=  nil  
[2023/09/06 15:48:08 535] transport  890  switch 80  
[2023/09/06 15:48:08 535] transport  902  net type:  standard  
[2023/09/06 15:48:08 535] transport  903  net operator:  def  
[2023/09/06 15:48:08 535] transport  904  use proxy:  false  
[2023/09/06 15:48:08 535] auth       691  not login!  
[2023/09/06 15:48:08 536] auth       528  [session] send auth request  
[2023/09/06 15:48:08 536] transport  1102 session.domain=  open.xf-yun.com  
[2023/09/06 15:48:08 536] transport  1103 url.host=  open.xf-yun.com  
[2023/09/06 15:48:08 536] transport  1080 NAMESERVER START  
[2023/09/06 15:48:08 536] transport  1083 name =   ath  
[2023/09/06 15:48:08 536] ns         629  ntt=  standard  
[2023/09/06 15:48:08 536] transport  1086 trans,ns_inprog =  0  
[2023/09/06 15:48:08 536] ns         585  name server start  
[2023/09/06 15:48:08 536] ns         586  ns_sub =   ath  
[2023/09/06 15:48:08 536] ns         588  ns_host=  open.xf-yun.com  
[2023/09/06 15:48:08 537] ns         479  ns_host=  open.xf-yun.com  
[2023/09/06 15:48:08 537] ns         558  GET /sip/resolver?srand=0906154811.32 HTTP/1.1
Host: hdns.openspeech.cn
Connection: Keep-Alive
X-Par: ver=1.3&appid=5e7d9f3e&operator=UNKNOW&nettype=STANDARD&cver=5.0.38.1195&svc=ath&host=open.xf-yun.com&sign=eb9269f509aecc66bbe6e7b560bab4af
User-Agent: iFLYCloud

  
[2023/09/06 15:48:08 537] ns         559  net_type =  standard  
[2023/09/06 15:48:08 537] ns         560  cmwapascmnet =  
[2023/09/06 15:48:08 537] ns         561  uniwapasuninet =  
[2023/09/06 15:48:08 537] ns         562  ctwapasctnet =  
[2023/09/06 15:48:08 537] ns         579  host=  hdns.openspeech.cn  
[2023/09/06 15:48:08 537] network    263  gethostbyname  hdns.openspeech.cn  ns1  
[2023/09/06 15:48:08 538] auth       535  0  
[2023/09/06 15:48:08 538] auth       498  lver:  nil  
[2023/09/06 15:48:08 538] auth       503  cfg_ver:  nil  
[2023/09/06 15:48:08 539] transport  1849 transport_obj.send | in  
[2023/09/06 15:48:08 539] transport  1855 self.msg_flag_q  table(9004fb60) 
[2023/09/06 15:48:08 539] transport  1856 self.msg_q  table(900314e0) 
[2023/09/06 15:48:08 539] transport  1788 transport_obj.try2send | in  
[2023/09/06 15:48:08 539] transport  1789 self.soc  nil  
[2023/09/06 15:48:08 539] transport  1790 self.connected  false  
[2023/09/06 15:48:08 539] transport  1791 self.latesterr  0  
[2023/09/06 15:48:08 539] transport  1862 transport_obj.send | out  
[2023/09/06 15:48:08 540] isr_local  2038 commit path:   res/asr/GrmBuilld/temp/commit  
[2023/09/06 15:48:08 552] isr_local  2076 commit success!  
[2023/09/06 15:48:08 555] isr_local  1409 esr_session_begin | esr_obj:start ret =  0  
[2023/09/06 15:48:08 555] isr_local  2122 esr_session_begin, ret =   0  
[2023/09/06 15:48:08 556] isr_local  2265 last gc at  1693986488  
[2023/09/06 15:48:08 653] isr_local  655  local engine ready  
[2023/09/06 15:48:08 653] isr_local  585  esr_flush_buf_audio buffer audio num:  0  
[2023/09/06 15:48:08 654] isr_local  630  local engine started  
[2023/09/06 15:48:08 691] isr_local  2126 ASR_LOCAL_MSG_AUW  
[2023/09/06 15:48:08 691] isr_local  1558 auwl =   3200  
[2023/09/06 15:48:08 691] isr_local  2135 esr_audio_write, ret =  nil  
[2023/09/06 15:48:08 692] isr_local  2265 last gc at  1693986488  
[2023/09/06 15:48:08 791] isr_local  2126 ASR_LOCAL_MSG_AUW  
[2023/09/06 15:48:08 791] isr_local  1558 auwl =   3200  
[2023/09/06 15:48:08 791] isr_local  2135 esr_audio_write, ret =  nil  
[2023/09/06 15:48:08 792] isr_local  2265 last gc at  1693986488  
[2023/09/06 15:48:08 901] isr_local  2126 ASR_LOCAL_MSG_AUW  
[2023/09/06 15:48:08 901] isr_local  1558 auwl =   3200  
[2023/09/06 15:48:08 902] isr_local  2135 esr_audio_write, ret =  nil  
[2023/09/06 15:48:08 902] isr_local  2265 last gc at  1693986488  
[2023/09/06 15:48:09 003] isr_local  2126 ASR_LOCAL_MSG_AUW  
[2023/09/06 15:48:09 004] isr_local  1558 auwl =   3200  
[2023/09/06 15:48:09 004] isr_local  2135 esr_audio_write, ret =  nil  
[2023/09/06 15:48:09 005] isr_local  2265 last gc at  1693986488  
[2023/09/06 15:48:09 102] isr_local  2126 ASR_LOCAL_MSG_AUW  
[2023/09/06 15:48:09 103] isr_local  1558 auwl =   3200  
[2023/09/06 15:48:09 103] isr_local  2135 esr_audio_write, ret =  nil  
[2023/09/06 15:48:09 104] isr_local  2265 last gc at  1693986488  
[2023/09/06 15:48:09 202] isr_local  2126 ASR_LOCAL_MSG_AUW  
[2023/09/06 15:48:09 203] isr_local  1558 auwl =   3200  
[2023/09/06 15:48:09 204] isr_local  2135 esr_audio_write, ret =  nil  
[2023/09/06 15:48:09 204] isr_local  2265 last gc at  1693986488  
[2023/09/06 15:48:09 302] isr_local  2126 ASR_LOCAL_MSG_AUW  
[2023/09/06 15:48:09 303] isr_local  1558 auwl =   3200  
[2023/09/06 15:48:09 304] isr_local  2135 esr_audio_write, ret =  nil  
[2023/09/06 15:48:09 304] isr_local  2265 last gc at  1693986488  
[2023/09/06 15:48:09 402] isr_local  2126 ASR_LOCAL_MSG_AUW  
[2023/09/06 15:48:09 403] isr_local  1558 auwl =   3200  
[2023/09/06 15:48:09 403] isr_local  2135 esr_audio_write, ret =  nil  
[2023/09/06 15:48:09 404] isr_local  2265 last gc at  1693986488  
[2023/09/06 15:48:09 502] isr_local  2126 ASR_LOCAL_MSG_AUW  
[2023/09/06 15:48:09 503] isr_local  1558 auwl =   3200  
[2023/09/06 15:48:09 504] isr_local  2135 esr_audio_write, ret =  nil  
[2023/09/06 15:48:09 504] isr_local  2265 last gc at  1693986488  
[2023/09/06 15:48:09 602] isr_local  2126 ASR_LOCAL_MSG_AUW  
[2023/09/06 15:48:09 603] isr_local  1558 auwl =   3200  
[2023/09/06 15:48:09 603] isr_local  2135 esr_audio_write, ret =  nil  
[2023/09/06 15:48:09 604] isr_local  2265 last gc at  1693986488  
[2023/09/06 15:48:09 703] isr_local  2126 ASR_LOCAL_MSG_AUW  
[2023/09/06 15:48:09 703] isr_local  1558 auwl =   3200  
[2023/09/06 15:48:09 704] isr_local  2135 esr_audio_write, ret =  nil  
[2023/09/06 15:48:09 704] isr_local  2265 last gc at  1693986488  
[2023/09/06 15:48:09 802] isr_local  2126 ASR_LOCAL_MSG_AUW  
[2023/09/06 15:48:09 803] isr_local  1558 auwl =   3200  
[2023/09/06 15:48:09 804] isr_local  2135 esr_audio_write, ret =  nil  
[2023/09/06 15:48:09 804] isr_local  2265 last gc at  1693986488  
[2023/09/06 15:48:09 904] isr_local  2126 ASR_LOCAL_MSG_AUW  
[2023/09/06 15:48:09 904] isr_local  1558 auwl =   3200  
[2023/09/06 15:48:09 905] isr_local  2135 esr_audio_write, ret =  nil  
[2023/09/06 15:48:09 905] isr_local  2265 last gc at  1693986488  
[2023/09/06 15:48:09 990] isr_local  2126 ASR_LOCAL_MSG_AUW  
[2023/09/06 15:48:09 991] isr_local  1558 auwl =   3200  
[2023/09/06 15:48:09 991] isr_local  2135 esr_audio_write, ret =  nil  
[2023/09/06 15:48:09 991] isr_local  2265 last gc at  1693986488  
[2023/09/06 15:48:10 098] isr_local  2126 ASR_LOCAL_MSG_AUW  
[2023/09/06 15:48:10 099] isr_local  1558 auwl =   3200  
[2023/09/06 15:48:10 100] isr_local  2135 esr_audio_write, ret =  nil  
[2023/09/06 15:48:10 100] isr_local  2265 last gc at  1693986488  
[2023/09/06 15:48:10 199] isr_local  2126 ASR_LOCAL_MSG_AUW  
[2023/09/06 15:48:10 201] isr_local  1558 auwl =   3200  
[2023/09/06 15:48:10 202] isr_local  2135 esr_audio_write, ret =  nil  
[2023/09/06 15:48:10 202] isr_local  2265 last gc at  1693986488  
[2023/09/06 15:48:10 298] isr_local  2126 ASR_LOCAL_MSG_AUW  
[2023/09/06 15:48:10 299] isr_local  1558 auwl =   3200  
[2023/09/06 15:48:10 300] isr_local  2135 esr_audio_write, ret =  nil  
[2023/09/06 15:48:10 300] isr_local  2265 last gc at  1693986488  
[2023/09/06 15:48:10 399] isr_local  2126 ASR_LOCAL_MSG_AUW  
[2023/09/06 15:48:10 399] isr_local  1558 auwl =   3200  
[2023/09/06 15:48:10 400] isr_local  2135 esr_audio_write, ret =  nil  
[2023/09/06 15:48:10 400] isr_local  2265 last gc at  1693986488  
[2023/09/06 15:48:10 495] isr_local  2126 ASR_LOCAL_MSG_AUW  
[2023/09/06 15:48:10 495] isr_local  1558 auwl =   3200  
[2023/09/06 15:48:10 495] isr_local  2135 esr_audio_write, ret =  nil  
[2023/09/06 15:48:10 495] isr_local  2265 last gc at  1693986488  
[2023/09/06 15:48:10 594] isr_local  2126 ASR_LOCAL_MSG_AUW  
[2023/09/06 15:48:10 594] isr_local  1558 auwl =   3200  
[2023/09/06 15:48:10 594] isr_local  2135 esr_audio_write, ret =  nil  
[2023/09/06 15:48:10 595] isr_local  2265 last gc at  1693986488  
[2023/09/06 15:48:10 695] isr_local  2126 ASR_LOCAL_MSG_AUW  
[2023/09/06 15:48:10 695] isr_local  1558 auwl =   3200  
[2023/09/06 15:48:10 695] isr_local  2135 esr_audio_write, ret =  nil  
[2023/09/06 15:48:10 695] isr_local  2265 last gc at  1693986488  
[2023/09/06 15:48:10 788] isr_local  2126 ASR_LOCAL_MSG_AUW  
[2023/09/06 15:48:10 788] isr_local  1558 auwl =   3200  
[2023/09/06 15:48:10 788] isr_local  2135 esr_audio_write, ret =  nil  
[2023/09/06 15:48:10 788] isr_local  2265 last gc at  1693986488  
[2023/09/06 15:48:10 888] isr_local  2126 ASR_LOCAL_MSG_AUW  
[2023/09/06 15:48:10 888] isr_local  1558 auwl =   3200  
[2023/09/06 15:48:10 888] isr_local  2135 esr_audio_write, ret =  nil  
[2023/09/06 15:48:10 888] isr_local  2265 last gc at  1693986488  
[2023/09/06 15:48:10 991] isr_local  2126 ASR_LOCAL_MSG_AUW  
[2023/09/06 15:48:10 992] isr_local  1558 auwl =   3200  
[2023/09/06 15:48:10 992] isr_local  2135 esr_audio_write, ret =  nil  
[2023/09/06 15:48:10 992] isr_local  2265 last gc at  1693986488  
[2023/09/06 15:48:11 088] isr_local  2126 ASR_LOCAL_MSG_AUW  
[2023/09/06 15:48:11 088] isr_local  1558 auwl =   3200  
[2023/09/06 15:48:11 088] isr_local  2135 esr_audio_write, ret =  nil  
[2023/09/06 15:48:11 088] isr_local  2265 last gc at  1693986488  
[2023/09/06 15:48:11 188] isr_local  2126 ASR_LOCAL_MSG_AUW  
[2023/09/06 15:48:11 188] isr_local  1558 auwl =   3200  
[2023/09/06 15:48:11 188] isr_local  2135 esr_audio_write, ret =  nil  
[2023/09/06 15:48:11 188] isr_local  2265 last gc at  1693986488  
[2023/09/06 15:48:11 288] isr_local  2126 ASR_LOCAL_MSG_AUW  
[2023/09/06 15:48:11 288] isr_local  1558 auwl =   3200  
[2023/09/06 15:48:11 288] isr_local  2135 esr_audio_write, ret =  nil  
[2023/09/06 15:48:11 289] isr_local  2265 last gc at  1693986488  
[2023/09/06 15:48:11 388] isr_local  2126 ASR_LOCAL_MSG_AUW  
[2023/09/06 15:48:11 388] isr_local  1558 auwl =   3200  
[2023/09/06 15:48:11 388] isr_local  2135 esr_audio_write, ret =  nil  
[2023/09/06 15:48:11 388] isr_local  2265 last gc at  1693986488  
[2023/09/06 15:48:11 486] isr_local  2126 ASR_LOCAL_MSG_AUW  
[2023/09/06 15:48:11 486] isr_local  1558 auwl =   2560  
[2023/09/06 15:48:11 486] isr_local  2135 esr_audio_write, ret =  nil  
[2023/09/06 15:48:11 486] isr_local  2265 last gc at  1693986488  
[2023/09/06 15:48:11 538] transport  306  [dns] [1] timeout!   
[2023/09/06 15:48:11 538] transport  74   dns_failed  
[2023/09/06 15:48:11 539] network    90   ipfromenv ,  ipcache  open.xf-yun.com  def  nil  
[2023/09/06 15:48:11 539] network    90   ipfromenv ,  ipcfg  open.xf-yun.com  def  nil  
[2023/09/06 15:48:11 539] transport  1298 [soc] connect   116.213.69.195  80  
[2023/09/06 15:48:11 539] transport  1310 mspsoc.open,prot_type=  tcp  
[2023/09/06 15:48:11 539] network    231  dns timeout!  ns1  
[2023/09/06 15:48:11 539] ns         457  ns dns failed, err =   10114  
[2023/09/06 15:48:11 539] network    445  gethttpresp2  117.121.48.5  80  ns2  
[2023/09/06 15:48:11 540] network    465  prot_type  tcp  
[2023/09/06 15:48:11 546] transport  539  MSC:[soc] [1] error 10202 113!  
[2023/09/06 15:48:11 547] transport  64   clear_ip ip_type =  nil  
[2023/09/06 15:48:11 547] transport  339  soc_conn_failed  
[2023/09/06 15:48:11 547] network    95   iptoenv ,  ipcache  open.xf-yun.com  def  nil  
[2023/09/06 15:48:11 548] transport  413  switch 80  
[2023/09/06 15:48:11 549] transport  1326 [soc] disconnect   
[2023/09/06 15:48:11 559] isr_local  669  final result will throw out next!  
[2023/09/06 15:48:11 560] isr_local  679  nRecognizeState:  1  
[2023/09/06 15:48:11 560] isr_local  680  nConfidenceScore:  88  
[2023/09/06 15:48:11 560] isr_local  728  result_type :   xml  
[2023/09/06 15:48:11 561] isr_local  729  result_encoding :   UTF-8  
[2023/09/06 15:48:11 561] isr_local  730  is iat :   false  
[2023/09/06 15:48:11 561] isr_local  469  item_count:1  
[2023/09/06 15:48:11 561] isr_local  293  nil  
[2023/09/06 15:48:11 561] isr_local  675  recognized end!  
[2023/09/06 15:48:11 566] isr_local  2140 ASR_LOCAL_MSG_SSE  
[2023/09/06 15:48:11 567] isr_local  1518 esr_session_end | esr_obj:stop ret =  0  
[2023/09/06 15:48:11 567] isr_local  2142 esr_session_end, ret =  0  
[2023/09/06 15:48:11 571] isr_local  2265 last gc at  1693986488  
[2023/09/06 15:48:11 611] isr_local  2182 SYS_MSG_SHUTDOWN_LOCAL  
[2023/09/06 15:48:11 671] isr_local  2265 last gc at  1693986488  
============================================================
Time  2023/09/06 15:52:19 865 
============================================================
[2023/09/06 15:52:19 865] isr_local  2168 os_type is:  Linux  
[2023/09/06 15:52:19 866] isr_local  2177 SYS_MSG_LOAD_LOCAL  
[2023/09/06 15:52:19 866] isr_local  2265 last gc at  1693986739  
[2023/09/06 15:52:19 866] isr_local  2206 SYS_MSG_REGCB_LOCAL| param0 =  msp_status_cb  
[2023/09/06 15:52:19 866] isr_local  2265 last gc at  1693986739  
[2023/09/06 15:52:19 866] isr_local  2206 SYS_MSG_REGCB_LOCAL| param0 =  local_service_cbmsg  
[2023/09/06 15:52:19 867] isr_local  2265 last gc at  1693986739  
[2023/09/06 15:52:19 867] isr_local  2114 ASR_LOCAL_MSG_SSB  
[2023/09/06 15:52:19 867] isr_local  1251 esr_session_begin | params:  engine_type=local,asr_res_path=fo|res/asr/common.jet,sample_rate=16000,grm_build_path=res/asr/GrmBuilld,local_grammar=call,result_type=xml,result_encoding=UTF-8  
[2023/09/06 15:52:19 867] isr_local  803  engine_type  :  local  
[2023/09/06 15:52:19 867] isr_local  803  asr_res_path  :  fo|res/asr/common.jet  
[2023/09/06 15:52:19 867] isr_local  803  sample_rate  :  16000  
[2023/09/06 15:52:19 867] isr_local  803  grm_build_path  :  res/asr/GrmBuilld  
[2023/09/06 15:52:19 867] isr_local  803  local_grammar  :  call  
[2023/09/06 15:52:19 868] isr_local  803  result_type  :  xml  
[2023/09/06 15:52:19 868] isr_local  803  result_encoding  :  UTF-8  
[2023/09/06 15:52:19 868] isr_local  1280 init aitalk in ssb  
[2023/09/06 15:52:19 868] isr_local  1162 esr_init | params:  engine_type=local,asr_res_path=fo|res/asr/common.jet,sample_rate=16000,grm_build_path=res/asr/GrmBuilld,local_grammar=call,result_type=xml,result_encoding=UTF-8  
[2023/09/06 15:52:19 868] isr_local  803  engine_type  :  local  
[2023/09/06 15:52:19 868] isr_local  803  asr_res_path  :  fo|res/asr/common.jet  
[2023/09/06 15:52:19 868] isr_local  803  sample_rate  :  16000  
[2023/09/06 15:52:19 868] isr_local  803  grm_build_path  :  res/asr/GrmBuilld  
[2023/09/06 15:52:19 868] isr_local  803  local_grammar  :  call  
[2023/09/06 15:52:19 868] isr_local  803  result_type  :  xml  
[2023/09/06 15:52:19 869] isr_local  803  result_encoding  :  UTF-8  
[2023/09/06 15:52:19 869] isr_local  1083  lucEsr.new   
[2023/09/06 15:52:19 869] isr_local  1000 file count =   1  
[2023/09/06 15:52:19 869] isr_local  923  file open type is:   fo  
[2023/09/06 15:52:19 869] isr_local  956  res/asr/common.jet  0  0  
[2023/09/06 15:52:19 869] isr_local  1018 speech_plus_setting  0  
[2023/09/06 15:52:19 869] isr_local  1031 2  nil  res/asr/common.jet  0  0  
[2023/09/06 15:52:19 870] isr_local  1033 res_ver  2  
[2023/09/06 15:52:19 870] isr_local  1034 res 5  62dd61c88201165be2937d82ec3543bf  
[2023/09/06 15:52:19 870] isr_local  1035 res_new_old_mark  v5pp  
[2023/09/06 15:52:19 870] isr_local  1036 res_usr_name  ""  
[2023/09/06 15:52:19 870] isr_local  1037 res_expires    
[2023/09/06 15:52:19 870] isr_local  1038 err  0  
[2023/09/06 15:52:19 870] isr_local  1054 lgi appid 5  62dd61c88201165be2937d82ec3543bf  
[2023/09/06 15:52:19 870] isr_local  1065 res_expires is null  
[2023/09/06 15:52:19 871] auth       74   aitalk  app  nil  nil  {"aitalk":{"ver":"2","bus":{"forbid":"0","nlimit":2020}}}  
[2023/09/06 15:52:19 871] auth       312  nil  
[2023/09/06 15:52:19 891] isr_local  1294 authorized_aitalk=  nil  
[2023/09/06 15:52:19 891] isr_local  1295 forbid_aitalk=  0  
[2023/09/06 15:52:19 891] auth       570  aitalk  table(64063fa0) nil  nil  appid = 5e7d9f3e  
[2023/09/06 15:52:19 891] auth       579  app  nil  nil  nil  
[2023/09/06 15:52:19 891] auth       636  ath rquest  {"authorize":[{"busin":"aitalk","ver":"2.1.1"}]}  
[2023/09/06 15:52:19 893] transport  642  paramkvsport is   nil  
[2023/09/06 15:52:19 893] transport  654  ns_enable=  1  
[2023/09/06 15:52:19 893] transport  656  2017-08--24 is_ns_need_close =   nil  
[2023/09/06 15:52:19 893] transport  662  net.nettype=  standard  
[2023/09/06 15:52:19 893] transport  672  url.full=  nil  
[2023/09/06 15:52:19 894] transport  673  urltmp=  nil  
[2023/09/06 15:52:19 894] transport  677  server_url_host=, server_url_port=, server_url_path=  open.xf-yun.com  nil  /msp.do  
[2023/09/06 15:52:19 894] transport  705  url.full=  nil  
[2023/09/06 15:52:19 894] transport  890  switch 80  
[2023/09/06 15:52:19 894] transport  902  net type:  standard  
[2023/09/06 15:52:19 894] transport  903  net operator:  def  
[2023/09/06 15:52:19 894] transport  904  use proxy:  false  
[2023/09/06 15:52:19 894] auth       691  not login!  
[2023/09/06 15:52:19 894] auth       528  [session] send auth request  
[2023/09/06 15:52:19 894] transport  1102 session.domain=  open.xf-yun.com  
[2023/09/06 15:52:19 894] transport  1103 url.host=  open.xf-yun.com  
[2023/09/06 15:52:19 894] transport  1080 NAMESERVER START  
[2023/09/06 15:52:19 895] transport  1083 name =   ath  
[2023/09/06 15:52:19 895] ns         629  ntt=  standard  
[2023/09/06 15:52:19 895] transport  1086 trans,ns_inprog =  0  
[2023/09/06 15:52:19 895] ns         585  name server start  
[2023/09/06 15:52:19 895] ns         586  ns_sub =   ath  
[2023/09/06 15:52:19 895] ns         588  ns_host=  open.xf-yun.com  
[2023/09/06 15:52:19 895] ns         479  ns_host=  open.xf-yun.com  
[2023/09/06 15:52:19 895] ns         558  GET /sip/resolver?srand=0906155211.32 HTTP/1.1
Host: hdns.openspeech.cn
Connection: Keep-Alive
X-Par: ver=1.3&appid=5e7d9f3e&operator=UNKNOW&nettype=STANDARD&cver=5.0.38.1195&svc=ath&host=open.xf-yun.com&sign=dd9775a8beb0ad2ccc23382b14c1d1cc
User-Agent: iFLYCloud

  
[2023/09/06 15:52:19 895] ns         559  net_type =  standard  
[2023/09/06 15:52:19 895] ns         560  cmwapascmnet =  
[2023/09/06 15:52:19 895] ns         561  uniwapasuninet =  
[2023/09/06 15:52:19 895] ns         562  ctwapasctnet =  
[2023/09/06 15:52:19 896] ns         579  host=  hdns.openspeech.cn  
[2023/09/06 15:52:19 896] network    263  gethostbyname  hdns.openspeech.cn  ns1  
[2023/09/06 15:52:19 896] auth       535  0  
[2023/09/06 15:52:19 896] auth       498  lver:  nil  
[2023/09/06 15:52:19 896] auth       503  cfg_ver:  nil  
[2023/09/06 15:52:19 896] transport  1849 transport_obj.send | in  
[2023/09/06 15:52:19 896] transport  1855 self.msg_flag_q  table(6401bd70) 
[2023/09/06 15:52:19 896] transport  1856 self.msg_q  table(640813e0) 
[2023/09/06 15:52:19 897] transport  1788 transport_obj.try2send | in  
[2023/09/06 15:52:19 897] transport  1789 self.soc  nil  
[2023/09/06 15:52:19 897] transport  1790 self.connected  false  
[2023/09/06 15:52:19 897] transport  1791 self.latesterr  0  
[2023/09/06 15:52:19 897] transport  1862 transport_obj.send | out  
[2023/09/06 15:52:19 897] isr_local  2038 commit path:   res/asr/GrmBuilld/temp/commit  
[2023/09/06 15:52:19 905] isr_local  2076 commit success!  
[2023/09/06 15:52:19 907] isr_local  1409 esr_session_begin | esr_obj:start ret =  0  
[2023/09/06 15:52:19 907] isr_local  2122 esr_session_begin, ret =   0  
[2023/09/06 15:52:19 908] isr_local  2265 last gc at  1693986739  
[2023/09/06 15:52:20 008] isr_local  655  local engine ready  
[2023/09/06 15:52:20 009] isr_local  585  esr_flush_buf_audio buffer audio num:  0  
[2023/09/06 15:52:20 011] isr_local  630  local engine started  
[2023/09/06 15:52:20 067] isr_local  2126 ASR_LOCAL_MSG_AUW  
[2023/09/06 15:52:20 067] isr_local  1558 auwl =   3200  
[2023/09/06 15:52:20 068] isr_local  2135 esr_audio_write, ret =  nil  
[2023/09/06 15:52:20 068] isr_local  2265 last gc at  1693986739  
[2023/09/06 15:52:20 165] isr_local  2126 ASR_LOCAL_MSG_AUW  
[2023/09/06 15:52:20 165] isr_local  1558 auwl =   3200  
[2023/09/06 15:52:20 165] isr_local  2135 esr_audio_write, ret =  nil  
[2023/09/06 15:52:20 165] isr_local  2265 last gc at  1693986739  
[2023/09/06 15:52:20 277] isr_local  2126 ASR_LOCAL_MSG_AUW  
[2023/09/06 15:52:20 278] isr_local  1558 auwl =   3200  
[2023/09/06 15:52:20 278] isr_local  2135 esr_audio_write, ret =  nil  
[2023/09/06 15:52:20 279] isr_local  2265 last gc at  1693986739  
[2023/09/06 15:52:20 377] isr_local  2126 ASR_LOCAL_MSG_AUW  
[2023/09/06 15:52:20 377] isr_local  1558 auwl =   3200  
[2023/09/06 15:52:20 378] isr_local  2135 esr_audio_write, ret =  nil  
[2023/09/06 15:52:20 378] isr_local  2265 last gc at  1693986739  
[2023/09/06 15:52:20 477] isr_local  2126 ASR_LOCAL_MSG_AUW  
[2023/09/06 15:52:20 478] isr_local  1558 auwl =   3200  
[2023/09/06 15:52:20 478] isr_local  2135 esr_audio_write, ret =  nil  
[2023/09/06 15:52:20 479] isr_local  2265 last gc at  1693986739  
[2023/09/06 15:52:20 577] isr_local  2126 ASR_LOCAL_MSG_AUW  
[2023/09/06 15:52:20 578] isr_local  1558 auwl =   3200  
[2023/09/06 15:52:20 578] isr_local  2135 esr_audio_write, ret =  nil  
[2023/09/06 15:52:20 579] isr_local  2265 last gc at  1693986739  
[2023/09/06 15:52:20 677] isr_local  2126 ASR_LOCAL_MSG_AUW  
[2023/09/06 15:52:20 677] isr_local  1558 auwl =   3200  
[2023/09/06 15:52:20 678] isr_local  2135 esr_audio_write, ret =  nil  
[2023/09/06 15:52:20 678] isr_local  2265 last gc at  1693986739  
[2023/09/06 15:52:20 776] isr_local  2126 ASR_LOCAL_MSG_AUW  
[2023/09/06 15:52:20 777] isr_local  1558 auwl =   3200  
[2023/09/06 15:52:20 778] isr_local  2135 esr_audio_write, ret =  nil  
[2023/09/06 15:52:20 778] isr_local  2265 last gc at  1693986739  
[2023/09/06 15:52:20 877] isr_local  2126 ASR_LOCAL_MSG_AUW  
[2023/09/06 15:52:20 878] isr_local  1558 auwl =   3200  
[2023/09/06 15:52:20 879] isr_local  2135 esr_audio_write, ret =  nil  
[2023/09/06 15:52:20 879] isr_local  2265 last gc at  1693986739  
[2023/09/06 15:52:20 977] isr_local  2126 ASR_LOCAL_MSG_AUW  
[2023/09/06 15:52:20 978] isr_local  1558 auwl =   3200  
[2023/09/06 15:52:20 978] isr_local  2135 esr_audio_write, ret =  nil  
[2023/09/06 15:52:20 979] isr_local  2265 last gc at  1693986739  
[2023/09/06 15:52:21 076] isr_local  2126 ASR_LOCAL_MSG_AUW  
[2023/09/06 15:52:21 077] isr_local  1558 auwl =   3200  
[2023/09/06 15:52:21 078] isr_local  2135 esr_audio_write, ret =  nil  
[2023/09/06 15:52:21 078] isr_local  2265 last gc at  1693986739  
[2023/09/06 15:52:21 176] isr_local  2126 ASR_LOCAL_MSG_AUW  
[2023/09/06 15:52:21 177] isr_local  1558 auwl =   3200  
[2023/09/06 15:52:21 177] isr_local  2135 esr_audio_write, ret =  nil  
[2023/09/06 15:52:21 178] isr_local  2265 last gc at  1693986739  
[2023/09/06 15:52:21 276] isr_local  2126 ASR_LOCAL_MSG_AUW  
[2023/09/06 15:52:21 277] isr_local  1558 auwl =   3200  
[2023/09/06 15:52:21 278] isr_local  2135 esr_audio_write, ret =  nil  
[2023/09/06 15:52:21 278] isr_local  2265 last gc at  1693986739  
[2023/09/06 15:52:21 376] isr_local  2126 ASR_LOCAL_MSG_AUW  
[2023/09/06 15:52:21 377] isr_local  1558 auwl =   3200  
[2023/09/06 15:52:21 378] isr_local  2135 esr_audio_write, ret =  nil  
[2023/09/06 15:52:21 378] isr_local  2265 last gc at  1693986739  
[2023/09/06 15:52:21 468] isr_local  2126 ASR_LOCAL_MSG_AUW  
[2023/09/06 15:52:21 468] isr_local  1558 auwl =   3200  
[2023/09/06 15:52:21 468] isr_local  2135 esr_audio_write, ret =  nil  
[2023/09/06 15:52:21 468] isr_local  2265 last gc at  1693986739  
[2023/09/06 15:52:21 572] isr_local  2126 ASR_LOCAL_MSG_AUW  
[2023/09/06 15:52:21 572] isr_local  1558 auwl =   3200  
[2023/09/06 15:52:21 573] isr_local  2135 esr_audio_write, ret =  nil  
[2023/09/06 15:52:21 573] isr_local  2265 last gc at  1693986739  
[2023/09/06 15:52:21 666] isr_local  2126 ASR_LOCAL_MSG_AUW  
[2023/09/06 15:52:21 666] isr_local  1558 auwl =   3200  
[2023/09/06 15:52:21 666] isr_local  2135 esr_audio_write, ret =  nil  
[2023/09/06 15:52:21 666] isr_local  2265 last gc at  1693986739  
[2023/09/06 15:52:21 771] isr_local  2126 ASR_LOCAL_MSG_AUW  
[2023/09/06 15:52:21 771] isr_local  1558 auwl =   3200  
[2023/09/06 15:52:21 771] isr_local  2135 esr_audio_write, ret =  nil  
[2023/09/06 15:52:21 771] isr_local  2265 last gc at  1693986739  
[2023/09/06 15:52:21 869] isr_local  2126 ASR_LOCAL_MSG_AUW  
[2023/09/06 15:52:21 869] isr_local  1558 auwl =   3200  
[2023/09/06 15:52:21 869] isr_local  2135 esr_audio_write, ret =  nil  
[2023/09/06 15:52:21 869] isr_local  2265 last gc at  1693986739  
[2023/09/06 15:52:21 962] isr_local  2126 ASR_LOCAL_MSG_AUW  
[2023/09/06 15:52:21 962] isr_local  1558 auwl =   3200  
[2023/09/06 15:52:21 962] isr_local  2135 esr_audio_write, ret =  nil  
[2023/09/06 15:52:21 962] isr_local  2265 last gc at  1693986739  
[2023/09/06 15:52:22 062] isr_local  2126 ASR_LOCAL_MSG_AUW  
[2023/09/06 15:52:22 062] isr_local  1558 auwl =   3200  
[2023/09/06 15:52:22 062] isr_local  2135 esr_audio_write, ret =  nil  
[2023/09/06 15:52:22 062] isr_local  2265 last gc at  1693986739  
[2023/09/06 15:52:22 162] isr_local  2126 ASR_LOCAL_MSG_AUW  
[2023/09/06 15:52:22 162] isr_local  1558 auwl =   3200  
[2023/09/06 15:52:22 162] isr_local  2135 esr_audio_write, ret =  nil  
[2023/09/06 15:52:22 162] isr_local  2265 last gc at  1693986739  
[2023/09/06 15:52:22 262] isr_local  2126 ASR_LOCAL_MSG_AUW  
[2023/09/06 15:52:22 262] isr_local  1558 auwl =   3200  
[2023/09/06 15:52:22 262] isr_local  2135 esr_audio_write, ret =  nil  
[2023/09/06 15:52:22 262] isr_local  2265 last gc at  1693986739  
[2023/09/06 15:52:22 362] isr_local  2126 ASR_LOCAL_MSG_AUW  
[2023/09/06 15:52:22 362] isr_local  1558 auwl =   3200  
[2023/09/06 15:52:22 362] isr_local  2135 esr_audio_write, ret =  nil  
[2023/09/06 15:52:22 362] isr_local  2265 last gc at  1693986739  
[2023/09/06 15:52:22 462] isr_local  2126 ASR_LOCAL_MSG_AUW  
[2023/09/06 15:52:22 462] isr_local  1558 auwl =   3200  
[2023/09/06 15:52:22 462] isr_local  2135 esr_audio_write, ret =  nil  
[2023/09/06 15:52:22 462] isr_local  2265 last gc at  1693986739  
[2023/09/06 15:52:22 562] isr_local  2126 ASR_LOCAL_MSG_AUW  
[2023/09/06 15:52:22 562] isr_local  1558 auwl =   3200  
[2023/09/06 15:52:22 562] isr_local  2135 esr_audio_write, ret =  nil  
[2023/09/06 15:52:22 562] isr_local  2265 last gc at  1693986739  
[2023/09/06 15:52:22 662] isr_local  2126 ASR_LOCAL_MSG_AUW  
[2023/09/06 15:52:22 662] isr_local  1558 auwl =   3200  
[2023/09/06 15:52:22 662] isr_local  2135 esr_audio_write, ret =  nil  
[2023/09/06 15:52:22 662] isr_local  2265 last gc at  1693986739  
[2023/09/06 15:52:22 762] isr_local  2126 ASR_LOCAL_MSG_AUW  
[2023/09/06 15:52:22 762] isr_local  1558 auwl =   3200  
[2023/09/06 15:52:22 762] isr_local  2135 esr_audio_write, ret =  nil  
[2023/09/06 15:52:22 762] isr_local  2265 last gc at  1693986739  
[2023/09/06 15:52:22 860] isr_local  2126 ASR_LOCAL_MSG_AUW  
[2023/09/06 15:52:22 860] isr_local  1558 auwl =   2560  
[2023/09/06 15:52:22 861] isr_local  2135 esr_audio_write, ret =  nil  
[2023/09/06 15:52:22 861] isr_local  2265 last gc at  1693986739  
[2023/09/06 15:52:22 896] transport  306  [dns] [1] timeout!   
[2023/09/06 15:52:22 896] transport  74   dns_failed  
[2023/09/06 15:52:22 896] network    90   ipfromenv ,  ipcache  open.xf-yun.com  def  nil  
[2023/09/06 15:52:22 896] network    90   ipfromenv ,  ipcfg  open.xf-yun.com  def  nil  
[2023/09/06 15:52:22 896] transport  1298 [soc] connect   116.213.69.195  80  
[2023/09/06 15:52:22 897] transport  1310 mspsoc.open,prot_type=  tcp  
[2023/09/06 15:52:22 897] network    231  dns timeout!  ns1  
[2023/09/06 15:52:22 897] ns         457  ns dns failed, err =   10114  
[2023/09/06 15:52:22 897] network    445  gethttpresp2  117.121.48.5  80  ns2  
[2023/09/06 15:52:22 897] network    465  prot_type  tcp  
[2023/09/06 15:52:22 904] transport  539  MSC:[soc] [1] error 10202 113!  
[2023/09/06 15:52:22 904] transport  64   clear_ip ip_type =  nil  
[2023/09/06 15:52:22 904] transport  339  soc_conn_failed  
[2023/09/06 15:52:22 904] network    95   iptoenv ,  ipcache  open.xf-yun.com  def  nil  
[2023/09/06 15:52:22 906] transport  413  switch 80  
[2023/09/06 15:52:22 906] transport  1326 [soc] disconnect   
[2023/09/06 15:52:22 907] network    418  soc error  10202  ns2  
[2023/09/06 15:52:22 907] ns         256  name server http resp  table(64029170) 10202  nil  
[2023/09/06 15:52:22 907] ns         415  ns response failed, err =  10202  
[2023/09/06 15:52:22 907] ns         116  ns_host=  open.xf-yun.com  
[2023/09/06 15:52:22 907] ns         118  use default ip  
[2023/09/06 15:52:22 907] transport  1060 ns_ip =   116.213.69.195  
[2023/09/06 15:52:22 907] transport  1061 ip_type =  def_athopen.xf-yun.com  
[2023/09/06 15:52:22 907] transport  1298 [soc] connect   116.213.69.195  80  
[2023/09/06 15:52:22 907] transport  1310 mspsoc.open,prot_type=  tcp  
[2023/09/06 15:52:22 912] ns         658  no data in ns_q  
[2023/09/06 15:52:22 913] ns         659  conti_ns,ns_inprog =   1  
[2023/09/06 15:52:22 934] isr_local  669  final result will throw out next!  
[2023/09/06 15:52:22 934] isr_local  679  nRecognizeState:  1  
[2023/09/06 15:52:22 934] isr_local  680  nConfidenceScore:  13  
[2023/09/06 15:52:22 934] isr_local  728  result_type :   xml  
[2023/09/06 15:52:22 934] isr_local  729  result_encoding :   UTF-8  
[2023/09/06 15:52:22 934] isr_local  730  is iat :   false  
[2023/09/06 15:52:22 935] isr_local  469  item_count:1  
[2023/09/06 15:52:22 935] isr_local  469  item_count:1  
[2023/09/06 15:52:22 935] isr_local  293  nil  
[2023/09/06 15:52:22 935] isr_local  675  recognized end!  
[2023/09/06 15:52:22 938] isr_local  2140 ASR_LOCAL_MSG_SSE  
[2023/09/06 15:52:22 939] isr_local  1518 esr_session_end | esr_obj:stop ret =  0  
[2023/09/06 15:52:22 939] isr_local  2142 esr_session_end, ret =  0  
[2023/09/06 15:52:22 942] isr_local  2265 last gc at  1693986739  
[2023/09/06 15:52:22 984] isr_local  2182 SYS_MSG_SHUTDOWN_LOCAL  
[2023/09/06 15:52:23 043] isr_local  2265 last gc at  1693986739  
============================================================
Time  2023/09/06 15:52:30 231 
============================================================
[2023/09/06 15:52:30 231] isr_local  2168 os_type is:  Linux  
[2023/09/06 15:52:30 231] isr_local  2177 SYS_MSG_LOAD_LOCAL  
[2023/09/06 15:52:30 231] isr_local  2265 last gc at  1693986749  
[2023/09/06 15:52:30 232] isr_local  2206 SYS_MSG_REGCB_LOCAL| param0 =  msp_status_cb  
[2023/09/06 15:52:30 232] isr_local  2265 last gc at  1693986749  
[2023/09/06 15:52:30 232] isr_local  2206 SYS_MSG_REGCB_LOCAL| param0 =  local_service_cbmsg  
[2023/09/06 15:52:30 232] isr_local  2265 last gc at  1693986749  
[2023/09/06 15:52:30 233] isr_local  2114 ASR_LOCAL_MSG_SSB  
[2023/09/06 15:52:30 233] isr_local  1251 esr_session_begin | params:  engine_type=local,asr_res_path=fo|res/asr/common.jet,sample_rate=16000,grm_build_path=res/asr/GrmBuilld,local_grammar=call,result_type=xml,result_encoding=UTF-8  
[2023/09/06 15:52:30 233] isr_local  803  engine_type  :  local  
[2023/09/06 15:52:30 233] isr_local  803  asr_res_path  :  fo|res/asr/common.jet  
[2023/09/06 15:52:30 233] isr_local  803  sample_rate  :  16000  
[2023/09/06 15:52:30 234] isr_local  803  grm_build_path  :  res/asr/GrmBuilld  
[2023/09/06 15:52:30 234] isr_local  803  local_grammar  :  call  
[2023/09/06 15:52:30 234] isr_local  803  result_type  :  xml  
[2023/09/06 15:52:30 234] isr_local  803  result_encoding  :  UTF-8  
[2023/09/06 15:52:30 234] isr_local  1280 init aitalk in ssb  
[2023/09/06 15:52:30 234] isr_local  1162 esr_init | params:  engine_type=local,asr_res_path=fo|res/asr/common.jet,sample_rate=16000,grm_build_path=res/asr/GrmBuilld,local_grammar=call,result_type=xml,result_encoding=UTF-8  
[2023/09/06 15:52:30 234] isr_local  803  engine_type  :  local  
[2023/09/06 15:52:30 234] isr_local  803  asr_res_path  :  fo|res/asr/common.jet  
[2023/09/06 15:52:30 235] isr_local  803  sample_rate  :  16000  
[2023/09/06 15:52:30 235] isr_local  803  grm_build_path  :  res/asr/GrmBuilld  
[2023/09/06 15:52:30 235] isr_local  803  local_grammar  :  call  
[2023/09/06 15:52:30 235] isr_local  803  result_type  :  xml  
[2023/09/06 15:52:30 235] isr_local  803  result_encoding  :  UTF-8  
[2023/09/06 15:52:30 235] isr_local  1083  lucEsr.new   
[2023/09/06 15:52:30 236] isr_local  1000 file count =   1  
[2023/09/06 15:52:30 236] isr_local  923  file open type is:   fo  
[2023/09/06 15:52:30 236] isr_local  956  res/asr/common.jet  0  0  
[2023/09/06 15:52:30 236] isr_local  1018 speech_plus_setting  0  
[2023/09/06 15:52:30 236] isr_local  1031 2  nil  res/asr/common.jet  0  0  
[2023/09/06 15:52:30 236] isr_local  1033 res_ver  2  
[2023/09/06 15:52:30 237] isr_local  1034 res 5  62dd61c88201165be2937d82ec3543bf  
[2023/09/06 15:52:30 237] isr_local  1035 res_new_old_mark  v5pp  
[2023/09/06 15:52:30 237] isr_local  1036 res_usr_name  ""  
[2023/09/06 15:52:30 237] isr_local  1037 res_expires    
[2023/09/06 15:52:30 237] isr_local  1038 err  0  
[2023/09/06 15:52:30 237] isr_local  1054 lgi appid 5  62dd61c88201165be2937d82ec3543bf  
[2023/09/06 15:52:30 237] isr_local  1065 res_expires is null  
[2023/09/06 15:52:30 238] auth       74   aitalk  app  nil  nil  {"aitalk":{"ver":"2","bus":{"forbid":"0","nlimit":2020}}}  
[2023/09/06 15:52:30 239] auth       312  nil  
[2023/09/06 15:52:30 264] isr_local  1294 authorized_aitalk=  nil  
[2023/09/06 15:52:30 264] isr_local  1295 forbid_aitalk=  0  
[2023/09/06 15:52:30 265] auth       570  aitalk  table(7c063df0) nil  nil  appid = 5e7d9f3e  
[2023/09/06 15:52:30 265] auth       579  app  nil  nil  nil  
[2023/09/06 15:52:30 265] auth       636  ath rquest  {"authorize":[{"ver":"2.1.1","busin":"aitalk"}]}  
[2023/09/06 15:52:30 269] transport  642  paramkvsport is   nil  
[2023/09/06 15:52:30 269] transport  654  ns_enable=  1  
[2023/09/06 15:52:30 269] transport  656  2017-08--24 is_ns_need_close =   nil  
[2023/09/06 15:52:30 269] transport  662  net.nettype=  standard  
[2023/09/06 15:52:30 270] transport  672  url.full=  nil  
[2023/09/06 15:52:30 270] transport  673  urltmp=  nil  
[2023/09/06 15:52:30 270] transport  677  server_url_host=, server_url_port=, server_url_path=  open.xf-yun.com  nil  /msp.do  
[2023/09/06 15:52:30 270] transport  705  url.full=  nil  
[2023/09/06 15:52:30 271] transport  890  switch 80  
[2023/09/06 15:52:30 271] transport  902  net type:  standard  
[2023/09/06 15:52:30 271] transport  903  net operator:  def  
[2023/09/06 15:52:30 271] transport  904  use proxy:  false  
[2023/09/06 15:52:30 272] auth       691  not login!  
[2023/09/06 15:52:30 272] auth       528  [session] send auth request  
[2023/09/06 15:52:30 272] transport  1102 session.domain=  open.xf-yun.com  
[2023/09/06 15:52:30 272] transport  1103 url.host=  open.xf-yun.com  
[2023/09/06 15:52:30 273] transport  1080 NAMESERVER START  
[2023/09/06 15:52:30 273] transport  1083 name =   ath  
[2023/09/06 15:52:30 273] ns         629  ntt=  standard  
[2023/09/06 15:52:30 273] transport  1086 trans,ns_inprog =  0  
[2023/09/06 15:52:30 274] ns         585  name server start  
[2023/09/06 15:52:30 274] ns         586  ns_sub =   ath  
[2023/09/06 15:52:30 274] ns         588  ns_host=  open.xf-yun.com  
[2023/09/06 15:52:30 274] ns         479  ns_host=  open.xf-yun.com  
[2023/09/06 15:52:30 275] ns         558  GET /sip/resolver?srand=0906155211.32 HTTP/1.1
Host: hdns.openspeech.cn
Connection: Keep-Alive
X-Par: ver=1.3&appid=5e7d9f3e&operator=UNKNOW&nettype=STANDARD&cver=5.0.38.1195&svc=ath&host=open.xf-yun.com&sign=dd9775a8beb0ad2ccc23382b14c1d1cc
User-Agent: iFLYCloud

  
[2023/09/06 15:52:30 275] ns         559  net_type =  standard  
[2023/09/06 15:52:30 275] ns         560  cmwapascmnet =  
[2023/09/06 15:52:30 275] ns         561  uniwapasuninet =  
[2023/09/06 15:52:30 276] ns         562  ctwapasctnet =  
[2023/09/06 15:52:30 276] ns         579  host=  hdns.openspeech.cn  
[2023/09/06 15:52:30 276] network    263  gethostbyname  hdns.openspeech.cn  ns1  
[2023/09/06 15:52:30 277] auth       535  0  
[2023/09/06 15:52:30 278] auth       498  lver:  nil  
[2023/09/06 15:52:30 278] auth       503  cfg_ver:  nil  
[2023/09/06 15:52:30 279] transport  1849 transport_obj.send | in  
[2023/09/06 15:52:30 279] transport  1855 self.msg_flag_q  table(7c02b990) 
[2023/09/06 15:52:30 279] transport  1856 self.msg_q  table(7c051920) 
[2023/09/06 15:52:30 279] transport  1788 transport_obj.try2send | in  
[2023/09/06 15:52:30 279] transport  1789 self.soc  nil  
[2023/09/06 15:52:30 280] transport  1790 self.connected  false  
[2023/09/06 15:52:30 280] transport  1791 self.latesterr  0  
[2023/09/06 15:52:30 280] transport  1862 transport_obj.send | out  
[2023/09/06 15:52:30 281] isr_local  2038 commit path:   res/asr/GrmBuilld/temp/commit  
[2023/09/06 15:52:30 295] isr_local  2076 commit success!  
[2023/09/06 15:52:30 301] isr_local  1409 esr_session_begin | esr_obj:start ret =  0  
[2023/09/06 15:52:30 301] isr_local  2122 esr_session_begin, ret =   0  
[2023/09/06 15:52:30 301] isr_local  2265 last gc at  1693986749  
[2023/09/06 15:52:30 400] isr_local  655  local engine ready  
[2023/09/06 15:52:30 400] isr_local  585  esr_flush_buf_audio buffer audio num:  0  
[2023/09/06 15:52:30 402] isr_local  630  local engine started  
[2023/09/06 15:52:30 420] isr_local  2126 ASR_LOCAL_MSG_AUW  
[2023/09/06 15:52:30 421] isr_local  1558 auwl =   3200  
[2023/09/06 15:52:30 422] isr_local  2135 esr_audio_write, ret =  nil  
[2023/09/06 15:52:30 422] isr_local  2265 last gc at  1693986749  
[2023/09/06 15:52:30 508] isr_local  2126 ASR_LOCAL_MSG_AUW  
[2023/09/06 15:52:30 508] isr_local  1558 auwl =   3200  
[2023/09/06 15:52:30 509] isr_local  2135 esr_audio_write, ret =  nil  
[2023/09/06 15:52:30 509] isr_local  2265 last gc at  1693986749  
[2023/09/06 15:52:30 608] isr_local  2126 ASR_LOCAL_MSG_AUW  
[2023/09/06 15:52:30 608] isr_local  1558 auwl =   3200  
[2023/09/06 15:52:30 609] isr_local  2135 esr_audio_write, ret =  nil  
[2023/09/06 15:52:30 609] isr_local  2265 last gc at  1693986749  
[2023/09/06 15:52:30 720] isr_local  2126 ASR_LOCAL_MSG_AUW  
[2023/09/06 15:52:30 721] isr_local  1558 auwl =   3200  
[2023/09/06 15:52:30 721] isr_local  2135 esr_audio_write, ret =  nil  
[2023/09/06 15:52:30 722] isr_local  2265 last gc at  1693986749  
[2023/09/06 15:52:30 820] isr_local  2126 ASR_LOCAL_MSG_AUW  
[2023/09/06 15:52:30 820] isr_local  1558 auwl =   3200  
[2023/09/06 15:52:30 821] isr_local  2135 esr_audio_write, ret =  nil  
[2023/09/06 15:52:30 821] isr_local  2265 last gc at  1693986749  
[2023/09/06 15:52:30 919] isr_local  2126 ASR_LOCAL_MSG_AUW  
[2023/09/06 15:52:30 920] isr_local  1558 auwl =   3200  
[2023/09/06 15:52:30 921] isr_local  2135 esr_audio_write, ret =  nil  
[2023/09/06 15:52:30 921] isr_local  2265 last gc at  1693986749  
[2023/09/06 15:52:31 019] isr_local  2126 ASR_LOCAL_MSG_AUW  
[2023/09/06 15:52:31 020] isr_local  1558 auwl =   3200  
[2023/09/06 15:52:31 020] isr_local  2135 esr_audio_write, ret =  nil  
[2023/09/06 15:52:31 021] isr_local  2265 last gc at  1693986749  
[2023/09/06 15:52:31 119] isr_local  2126 ASR_LOCAL_MSG_AUW  
[2023/09/06 15:52:31 120] isr_local  1558 auwl =   3200  
[2023/09/06 15:52:31 121] isr_local  2135 esr_audio_write, ret =  nil  
[2023/09/06 15:52:31 121] isr_local  2265 last gc at  1693986749  
[2023/09/06 15:52:31 219] isr_local  2126 ASR_LOCAL_MSG_AUW  
[2023/09/06 15:52:31 220] isr_local  1558 auwl =   3200  
[2023/09/06 15:52:31 221] isr_local  2135 esr_audio_write, ret =  nil  
[2023/09/06 15:52:31 221] isr_local  2265 last gc at  1693986749  
[2023/09/06 15:52:31 321] isr_local  2126 ASR_LOCAL_MSG_AUW  
[2023/09/06 15:52:31 321] isr_local  1558 auwl =   3200  
[2023/09/06 15:52:31 322] isr_local  2135 esr_audio_write, ret =  nil  
[2023/09/06 15:52:31 323] isr_local  2265 last gc at  1693986749  
[2023/09/06 15:52:31 420] isr_local  2126 ASR_LOCAL_MSG_AUW  
[2023/09/06 15:52:31 420] isr_local  1558 auwl =   3200  
[2023/09/06 15:52:31 421] isr_local  2135 esr_audio_write, ret =  nil  
[2023/09/06 15:52:31 421] isr_local  2265 last gc at  1693986749  
[2023/09/06 15:52:31 519] isr_local  2126 ASR_LOCAL_MSG_AUW  
[2023/09/06 15:52:31 520] isr_local  1558 auwl =   3200  
[2023/09/06 15:52:31 521] isr_local  2135 esr_audio_write, ret =  nil  
[2023/09/06 15:52:31 521] isr_local  2265 last gc at  1693986749  
[2023/09/06 15:52:31 619] isr_local  2126 ASR_LOCAL_MSG_AUW  
[2023/09/06 15:52:31 620] isr_local  1558 auwl =   3200  
[2023/09/06 15:52:31 621] isr_local  2135 esr_audio_write, ret =  nil  
[2023/09/06 15:52:31 621] isr_local  2265 last gc at  1693986749  
[2023/09/06 15:52:31 721] isr_local  2126 ASR_LOCAL_MSG_AUW  
[2023/09/06 15:52:31 721] isr_local  1558 auwl =   3200  
[2023/09/06 15:52:31 722] isr_local  2135 esr_audio_write, ret =  nil  
[2023/09/06 15:52:31 722] isr_local  2265 last gc at  1693986749  
[2023/09/06 15:52:31 809] isr_local  2126 ASR_LOCAL_MSG_AUW  
[2023/09/06 15:52:31 809] isr_local  1558 auwl =   3200  
[2023/09/06 15:52:31 809] isr_local  2135 esr_audio_write, ret =  nil  
[2023/09/06 15:52:31 809] isr_local  2265 last gc at  1693986749  
[2023/09/06 15:52:31 915] isr_local  2126 ASR_LOCAL_MSG_AUW  
[2023/09/06 15:52:31 916] isr_local  1558 auwl =   3200  
[2023/09/06 15:52:31 917] isr_local  2135 esr_audio_write, ret =  nil  
[2023/09/06 15:52:31 918] isr_local  2265 last gc at  1693986749  
[2023/09/06 15:52:32 019] isr_local  2126 ASR_LOCAL_MSG_AUW  
[2023/09/06 15:52:32 020] isr_local  1558 auwl =   3200  
[2023/09/06 15:52:32 021] isr_local  2135 esr_audio_write, ret =  nil  
[2023/09/06 15:52:32 021] isr_local  2265 last gc at  1693986749  
[2023/09/06 15:52:32 119] isr_local  2126 ASR_LOCAL_MSG_AUW  
[2023/09/06 15:52:32 121] isr_local  1558 auwl =   3200  
[2023/09/06 15:52:32 122] isr_local  2135 esr_audio_write, ret =  nil  
[2023/09/06 15:52:32 122] isr_local  2265 last gc at  1693986749  
[2023/09/06 15:52:32 220] isr_local  2126 ASR_LOCAL_MSG_AUW  
[2023/09/06 15:52:32 220] isr_local  1558 auwl =   3200  
[2023/09/06 15:52:32 221] isr_local  2135 esr_audio_write, ret =  nil  
[2023/09/06 15:52:32 221] isr_local  2265 last gc at  1693986749  
[2023/09/06 15:52:32 319] isr_local  2126 ASR_LOCAL_MSG_AUW  
[2023/09/06 15:52:32 320] isr_local  1558 auwl =   3200  
[2023/09/06 15:52:32 321] isr_local  2135 esr_audio_write, ret =  nil  
[2023/09/06 15:52:32 321] isr_local  2265 last gc at  1693986749  
[2023/09/06 15:52:32 419] isr_local  2126 ASR_LOCAL_MSG_AUW  
[2023/09/06 15:52:32 420] isr_local  1558 auwl =   3200  
[2023/09/06 15:52:32 421] isr_local  2135 esr_audio_write, ret =  nil  
[2023/09/06 15:52:32 422] isr_local  2265 last gc at  1693986749  
[2023/09/06 15:52:32 519] isr_local  2126 ASR_LOCAL_MSG_AUW  
[2023/09/06 15:52:32 520] isr_local  1558 auwl =   3200  
[2023/09/06 15:52:32 521] isr_local  2135 esr_audio_write, ret =  nil  
[2023/09/06 15:52:32 521] isr_local  2265 last gc at  1693986749  
[2023/09/06 15:52:32 620] isr_local  2126 ASR_LOCAL_MSG_AUW  
[2023/09/06 15:52:32 621] isr_local  1558 auwl =   3200  
[2023/09/06 15:52:32 621] isr_local  2135 esr_audio_write, ret =  nil  
[2023/09/06 15:52:32 622] isr_local  2265 last gc at  1693986749  
[2023/09/06 15:52:32 719] isr_local  2126 ASR_LOCAL_MSG_AUW  
[2023/09/06 15:52:32 720] isr_local  1558 auwl =   3200  
[2023/09/06 15:52:32 721] isr_local  2135 esr_audio_write, ret =  nil  
[2023/09/06 15:52:32 721] isr_local  2265 last gc at  1693986749  
[2023/09/06 15:52:32 820] isr_local  2126 ASR_LOCAL_MSG_AUW  
[2023/09/06 15:52:32 821] isr_local  1558 auwl =   3200  
[2023/09/06 15:52:32 821] isr_local  2135 esr_audio_write, ret =  nil  
[2023/09/06 15:52:32 822] isr_local  2265 last gc at  1693986749  
[2023/09/06 15:52:32 910] isr_local  2126 ASR_LOCAL_MSG_AUW  
[2023/09/06 15:52:32 910] isr_local  1558 auwl =   3200  
[2023/09/06 15:52:32 910] isr_local  2135 esr_audio_write, ret =  nil  
[2023/09/06 15:52:32 911] isr_local  2265 last gc at  1693986749  
[2023/09/06 15:52:33 019] isr_local  2126 ASR_LOCAL_MSG_AUW  
[2023/09/06 15:52:33 019] isr_local  1558 auwl =   3200  
[2023/09/06 15:52:33 019] isr_local  2135 esr_audio_write, ret =  nil  
[2023/09/06 15:52:33 019] isr_local  2265 last gc at  1693986749  
[2023/09/06 15:52:33 109] isr_local  2126 ASR_LOCAL_MSG_AUW  
[2023/09/06 15:52:33 109] isr_local  1558 auwl =   3200  
[2023/09/06 15:52:33 109] isr_local  2135 esr_audio_write, ret =  nil  
[2023/09/06 15:52:33 109] isr_local  2265 last gc at  1693986749  
[2023/09/06 15:52:33 205] isr_local  2126 ASR_LOCAL_MSG_AUW  
[2023/09/06 15:52:33 205] isr_local  1558 auwl =   2560  
[2023/09/06 15:52:33 205] isr_local  2135 esr_audio_write, ret =  nil  
[2023/09/06 15:52:33 205] isr_local  2265 last gc at  1693986749  
[2023/09/06 15:52:33 278] transport  306  [dns] [1] timeout!   
[2023/09/06 15:52:33 278] transport  74   dns_failed  
[2023/09/06 15:52:33 278] network    90   ipfromenv ,  ipcache  open.xf-yun.com  def  nil  
[2023/09/06 15:52:33 278] network    90   ipfromenv ,  ipcfg  open.xf-yun.com  def  nil  
[2023/09/06 15:52:33 278] transport  1298 [soc] connect   116.213.69.195  80  
[2023/09/06 15:52:33 278] transport  1310 mspsoc.open,prot_type=  tcp  
[2023/09/06 15:52:33 279] network    231  dns timeout!  ns1  
[2023/09/06 15:52:33 279] ns         457  ns dns failed, err =   10114  
[2023/09/06 15:52:33 279] network    445  gethttpresp2  117.121.48.5  80  ns2  
[2023/09/06 15:52:33 279] network    465  prot_type  tcp  
[2023/09/06 15:52:33 280] isr_local  669  final result will throw out next!  
[2023/09/06 15:52:33 280] isr_local  679  nRecognizeState:  1  
[2023/09/06 15:52:33 280] isr_local  680  nConfidenceScore:  22  
[2023/09/06 15:52:33 280] isr_local  728  result_type :   xml  
[2023/09/06 15:52:33 280] isr_local  729  result_encoding :   UTF-8  
[2023/09/06 15:52:33 280] isr_local  730  is iat :   false  
[2023/09/06 15:52:33 280] isr_local  469  item_count:1  
[2023/09/06 15:52:33 280] isr_local  293  nil  
[2023/09/06 15:52:33 281] isr_local  675  recognized end!  
[2023/09/06 15:52:33 284] isr_local  2140 ASR_LOCAL_MSG_SSE  
[2023/09/06 15:52:33 284] isr_local  1518 esr_session_end | esr_obj:stop ret =  0  
[2023/09/06 15:52:33 284] isr_local  2142 esr_session_end, ret =  0  
[2023/09/06 15:52:33 289] isr_local  2265 last gc at  1693986749  
[2023/09/06 15:52:33 318] isr_local  2182 SYS_MSG_SHUTDOWN_LOCAL  
[2023/09/06 15:52:33 429] isr_local  2265 last gc at  1693986749  
============================================================
Time  2023/09/06 15:52:38 209 
============================================================
[2023/09/06 15:52:38 210] isr_local  2168 os_type is:  Linux  
[2023/09/06 15:52:38 210] isr_local  2177 SYS_MSG_LOAD_LOCAL  
[2023/09/06 15:52:38 210] isr_local  2265 last gc at  1693986757  
[2023/09/06 15:52:38 210] isr_local  2206 SYS_MSG_REGCB_LOCAL| param0 =  msp_status_cb  
[2023/09/06 15:52:38 210] isr_local  2265 last gc at  1693986757  
[2023/09/06 15:52:38 211] isr_local  2206 SYS_MSG_REGCB_LOCAL| param0 =  local_service_cbmsg  
[2023/09/06 15:52:38 211] isr_local  2265 last gc at  1693986757  
[2023/09/06 15:52:38 211] isr_local  2114 ASR_LOCAL_MSG_SSB  
[2023/09/06 15:52:38 211] isr_local  1251 esr_session_begin | params:  engine_type=local,asr_res_path=fo|res/asr/common.jet,sample_rate=16000,grm_build_path=res/asr/GrmBuilld,local_grammar=call,result_type=xml,result_encoding=UTF-8  
[2023/09/06 15:52:38 211] isr_local  803  engine_type  :  local  
[2023/09/06 15:52:38 212] isr_local  803  asr_res_path  :  fo|res/asr/common.jet  
[2023/09/06 15:52:38 212] isr_local  803  sample_rate  :  16000  
[2023/09/06 15:52:38 212] isr_local  803  grm_build_path  :  res/asr/GrmBuilld  
[2023/09/06 15:52:38 212] isr_local  803  local_grammar  :  call  
[2023/09/06 15:52:38 212] isr_local  803  result_type  :  xml  
[2023/09/06 15:52:38 212] isr_local  803  result_encoding  :  UTF-8  
[2023/09/06 15:52:38 212] isr_local  1280 init aitalk in ssb  
[2023/09/06 15:52:38 212] isr_local  1162 esr_init | params:  engine_type=local,asr_res_path=fo|res/asr/common.jet,sample_rate=16000,grm_build_path=res/asr/GrmBuilld,local_grammar=call,result_type=xml,result_encoding=UTF-8  
[2023/09/06 15:52:38 212] isr_local  803  engine_type  :  local  
[2023/09/06 15:52:38 212] isr_local  803  asr_res_path  :  fo|res/asr/common.jet  
[2023/09/06 15:52:38 212] isr_local  803  sample_rate  :  16000  
[2023/09/06 15:52:38 213] isr_local  803  grm_build_path  :  res/asr/GrmBuilld  
[2023/09/06 15:52:38 213] isr_local  803  local_grammar  :  call  
[2023/09/06 15:52:38 213] isr_local  803  result_type  :  xml  
[2023/09/06 15:52:38 213] isr_local  803  result_encoding  :  UTF-8  
[2023/09/06 15:52:38 213] isr_local  1083  lucEsr.new   
[2023/09/06 15:52:38 213] isr_local  1000 file count =   1  
[2023/09/06 15:52:38 213] isr_local  923  file open type is:   fo  
[2023/09/06 15:52:38 213] isr_local  956  res/asr/common.jet  0  0  
[2023/09/06 15:52:38 214] isr_local  1018 speech_plus_setting  0  
[2023/09/06 15:52:38 214] isr_local  1031 2  nil  res/asr/common.jet  0  0  
[2023/09/06 15:52:38 214] isr_local  1033 res_ver  2  
[2023/09/06 15:52:38 214] isr_local  1034 res 5  62dd61c88201165be2937d82ec3543bf  
[2023/09/06 15:52:38 214] isr_local  1035 res_new_old_mark  v5pp  
[2023/09/06 15:52:38 214] isr_local  1036 res_usr_name  ""  
[2023/09/06 15:52:38 214] isr_local  1037 res_expires    
[2023/09/06 15:52:38 214] isr_local  1038 err  0  
[2023/09/06 15:52:38 214] isr_local  1054 lgi appid 5  62dd61c88201165be2937d82ec3543bf  
[2023/09/06 15:52:38 215] isr_local  1065 res_expires is null  
[2023/09/06 15:52:38 215] auth       74   aitalk  app  nil  nil  {"aitalk":{"ver":"2","bus":{"forbid":"0","nlimit":2020}}}  
[2023/09/06 15:52:38 216] auth       312  nil  
[2023/09/06 15:52:38 240] isr_local  1294 authorized_aitalk=  nil  
[2023/09/06 15:52:38 240] isr_local  1295 forbid_aitalk=  0  
[2023/09/06 15:52:38 240] auth       570  aitalk  table(78063e70) nil  nil  appid = 5e7d9f3e  
[2023/09/06 15:52:38 240] auth       579  app  nil  nil  nil  
[2023/09/06 15:52:38 241] auth       636  ath rquest  {"authorize":[{"ver":"2.1.1","busin":"aitalk"}]}  
[2023/09/06 15:52:38 243] transport  642  paramkvsport is   nil  
[2023/09/06 15:52:38 243] transport  654  ns_enable=  1  
[2023/09/06 15:52:38 243] transport  656  2017-08--24 is_ns_need_close =   nil  
[2023/09/06 15:52:38 243] transport  662  net.nettype=  standard  
[2023/09/06 15:52:38 244] transport  672  url.full=  nil  
[2023/09/06 15:52:38 244] transport  673  urltmp=  nil  
[2023/09/06 15:52:38 244] transport  677  server_url_host=, server_url_port=, server_url_path=  open.xf-yun.com  nil  /msp.do  
[2023/09/06 15:52:38 244] transport  705  url.full=  nil  
[2023/09/06 15:52:38 244] transport  890  switch 80  
[2023/09/06 15:52:38 244] transport  902  net type:  standard  
[2023/09/06 15:52:38 244] transport  903  net operator:  def  
[2023/09/06 15:52:38 244] transport  904  use proxy:  false  
[2023/09/06 15:52:38 244] auth       691  not login!  
[2023/09/06 15:52:38 245] auth       528  [session] send auth request  
[2023/09/06 15:52:38 245] transport  1102 session.domain=  open.xf-yun.com  
[2023/09/06 15:52:38 245] transport  1103 url.host=  open.xf-yun.com  
[2023/09/06 15:52:38 245] transport  1080 NAMESERVER START  
[2023/09/06 15:52:38 245] transport  1083 name =   ath  
[2023/09/06 15:52:38 245] ns         629  ntt=  standard  
[2023/09/06 15:52:38 245] transport  1086 trans,ns_inprog =  0  
[2023/09/06 15:52:38 245] ns         585  name server start  
[2023/09/06 15:52:38 245] ns         586  ns_sub =   ath  
[2023/09/06 15:52:38 245] ns         588  ns_host=  open.xf-yun.com  
[2023/09/06 15:52:38 246] ns         479  ns_host=  open.xf-yun.com  
[2023/09/06 15:52:38 246] ns         558  GET /sip/resolver?srand=0906155211.32 HTTP/1.1
Host: hdns.openspeech.cn
Connection: Keep-Alive
X-Par: ver=1.3&appid=5e7d9f3e&operator=UNKNOW&nettype=STANDARD&cver=5.0.38.1195&svc=ath&host=open.xf-yun.com&sign=dd9775a8beb0ad2ccc23382b14c1d1cc
User-Agent: iFLYCloud

  
[2023/09/06 15:52:38 246] ns         559  net_type =  standard  
[2023/09/06 15:52:38 246] ns         560  cmwapascmnet =  
[2023/09/06 15:52:38 246] ns         561  uniwapasuninet =  
[2023/09/06 15:52:38 246] ns         562  ctwapasctnet =  
[2023/09/06 15:52:38 246] ns         579  host=  hdns.openspeech.cn  
[2023/09/06 15:52:38 246] network    263  gethostbyname  hdns.openspeech.cn  ns1  
[2023/09/06 15:52:38 247] auth       535  0  
[2023/09/06 15:52:38 250] auth       498  lver:  nil  
[2023/09/06 15:52:38 251] auth       503  cfg_ver:  nil  
[2023/09/06 15:52:38 251] transport  1849 transport_obj.send | in  
[2023/09/06 15:52:38 251] transport  1855 self.msg_flag_q  table(78020f30) 
[2023/09/06 15:52:38 252] transport  1856 self.msg_q  table(7806aa10) 
[2023/09/06 15:52:38 252] transport  1788 transport_obj.try2send | in  
[2023/09/06 15:52:38 252] transport  1789 self.soc  nil  
[2023/09/06 15:52:38 252] transport  1790 self.connected  false  
[2023/09/06 15:52:38 252] transport  1791 self.latesterr  0  
[2023/09/06 15:52:38 253] transport  1862 transport_obj.send | out  
[2023/09/06 15:52:38 254] isr_local  2038 commit path:   res/asr/GrmBuilld/temp/commit  
[2023/09/06 15:52:38 270] isr_local  2076 commit success!  
[2023/09/06 15:52:38 275] isr_local  1409 esr_session_begin | esr_obj:start ret =  0  
[2023/09/06 15:52:38 275] isr_local  2122 esr_session_begin, ret =   0  
[2023/09/06 15:52:38 275] isr_local  2265 last gc at  1693986757  
[2023/09/06 15:52:38 374] isr_local  655  local engine ready  
[2023/09/06 15:52:38 375] isr_local  585  esr_flush_buf_audio buffer audio num:  0  
[2023/09/06 15:52:38 376] isr_local  630  local engine started  
[2023/09/06 15:52:38 412] isr_local  2126 ASR_LOCAL_MSG_AUW  
[2023/09/06 15:52:38 412] isr_local  1558 auwl =   3200  
[2023/09/06 15:52:38 412] isr_local  2135 esr_audio_write, ret =  nil  
[2023/09/06 15:52:38 413] isr_local  2265 last gc at  1693986757  
[2023/09/06 15:52:38 515] isr_local  2126 ASR_LOCAL_MSG_AUW  
[2023/09/06 15:52:38 515] isr_local  1558 auwl =   3200  
[2023/09/06 15:52:38 516] isr_local  2135 esr_audio_write, ret =  nil  
[2023/09/06 15:52:38 516] isr_local  2265 last gc at  1693986757  
[2023/09/06 15:52:38 620] isr_local  2126 ASR_LOCAL_MSG_AUW  
[2023/09/06 15:52:38 621] isr_local  1558 auwl =   3200  
[2023/09/06 15:52:38 621] isr_local  2135 esr_audio_write, ret =  nil  
[2023/09/06 15:52:38 622] isr_local  2265 last gc at  1693986757  
[2023/09/06 15:52:38 719] isr_local  2126 ASR_LOCAL_MSG_AUW  
[2023/09/06 15:52:38 720] isr_local  1558 auwl =   3200  
[2023/09/06 15:52:38 720] isr_local  2135 esr_audio_write, ret =  nil  
[2023/09/06 15:52:38 721] isr_local  2265 last gc at  1693986757  
[2023/09/06 15:52:38 820] isr_local  2126 ASR_LOCAL_MSG_AUW  
[2023/09/06 15:52:38 821] isr_local  1558 auwl =   3200  
[2023/09/06 15:52:38 821] isr_local  2135 esr_audio_write, ret =  nil  
[2023/09/06 15:52:38 822] isr_local  2265 last gc at  1693986757  
[2023/09/06 15:52:38 920] isr_local  2126 ASR_LOCAL_MSG_AUW  
[2023/09/06 15:52:38 921] isr_local  1558 auwl =   3200  
[2023/09/06 15:52:38 921] isr_local  2135 esr_audio_write, ret =  nil  
[2023/09/06 15:52:38 922] isr_local  2265 last gc at  1693986757  
[2023/09/06 15:52:39 020] isr_local  2126 ASR_LOCAL_MSG_AUW  
[2023/09/06 15:52:39 021] isr_local  1558 auwl =   3200  
[2023/09/06 15:52:39 021] isr_local  2135 esr_audio_write, ret =  nil  
[2023/09/06 15:52:39 022] isr_local  2265 last gc at  1693986757  
[2023/09/06 15:52:39 120] isr_local  2126 ASR_LOCAL_MSG_AUW  
[2023/09/06 15:52:39 121] isr_local  1558 auwl =   3200  
[2023/09/06 15:52:39 121] isr_local  2135 esr_audio_write, ret =  nil  
[2023/09/06 15:52:39 122] isr_local  2265 last gc at  1693986757  
[2023/09/06 15:52:39 219] isr_local  2126 ASR_LOCAL_MSG_AUW  
[2023/09/06 15:52:39 220] isr_local  1558 auwl =   3200  
[2023/09/06 15:52:39 221] isr_local  2135 esr_audio_write, ret =  nil  
[2023/09/06 15:52:39 221] isr_local  2265 last gc at  1693986757  
[2023/09/06 15:52:39 320] isr_local  2126 ASR_LOCAL_MSG_AUW  
[2023/09/06 15:52:39 320] isr_local  1558 auwl =   3200  
[2023/09/06 15:52:39 321] isr_local  2135 esr_audio_write, ret =  nil  
[2023/09/06 15:52:39 321] isr_local  2265 last gc at  1693986757  
[2023/09/06 15:52:39 421] isr_local  2126 ASR_LOCAL_MSG_AUW  
[2023/09/06 15:52:39 421] isr_local  1558 auwl =   3200  
[2023/09/06 15:52:39 422] isr_local  2135 esr_audio_write, ret =  nil  
[2023/09/06 15:52:39 422] isr_local  2265 last gc at  1693986757  
[2023/09/06 15:52:39 509] isr_local  2126 ASR_LOCAL_MSG_AUW  
[2023/09/06 15:52:39 509] isr_local  1558 auwl =   3200  
[2023/09/06 15:52:39 509] isr_local  2135 esr_audio_write, ret =  nil  
[2023/09/06 15:52:39 509] isr_local  2265 last gc at  1693986757  
[2023/09/06 15:52:39 608] isr_local  2126 ASR_LOCAL_MSG_AUW  
[2023/09/06 15:52:39 609] isr_local  1558 auwl =   3200  
[2023/09/06 15:52:39 610] isr_local  2135 esr_audio_write, ret =  nil  
[2023/09/06 15:52:39 610] isr_local  2265 last gc at  1693986757  
[2023/09/06 15:52:39 720] isr_local  2126 ASR_LOCAL_MSG_AUW  
[2023/09/06 15:52:39 720] isr_local  1558 auwl =   3200  
[2023/09/06 15:52:39 721] isr_local  2135 esr_audio_write, ret =  nil  
[2023/09/06 15:52:39 721] isr_local  2265 last gc at  1693986757  
[2023/09/06 15:52:39 821] isr_local  2126 ASR_LOCAL_MSG_AUW  
[2023/09/06 15:52:39 822] isr_local  1558 auwl =   3200  
[2023/09/06 15:52:39 823] isr_local  2135 esr_audio_write, ret =  nil  
[2023/09/06 15:52:39 824] isr_local  2265 last gc at  1693986757  
[2023/09/06 15:52:39 919] isr_local  2126 ASR_LOCAL_MSG_AUW  
[2023/09/06 15:52:39 920] isr_local  1558 auwl =   3200  
[2023/09/06 15:52:39 921] isr_local  2135 esr_audio_write, ret =  nil  
[2023/09/06 15:52:39 921] isr_local  2265 last gc at  1693986757  
[2023/09/06 15:52:40 019] isr_local  2126 ASR_LOCAL_MSG_AUW  
[2023/09/06 15:52:40 020] isr_local  1558 auwl =   3200  
[2023/09/06 15:52:40 020] isr_local  2135 esr_audio_write, ret =  nil  
[2023/09/06 15:52:40 021] isr_local  2265 last gc at  1693986757  
[2023/09/06 15:52:40 119] isr_local  2126 ASR_LOCAL_MSG_AUW  
[2023/09/06 15:52:40 120] isr_local  1558 auwl =   3200  
[2023/09/06 15:52:40 120] isr_local  2135 esr_audio_write, ret =  nil  
[2023/09/06 15:52:40 121] isr_local  2265 last gc at  1693986757  
[2023/09/06 15:52:40 219] isr_local  2126 ASR_LOCAL_MSG_AUW  
[2023/09/06 15:52:40 220] isr_local  1558 auwl =   3200  
[2023/09/06 15:52:40 221] isr_local  2135 esr_audio_write, ret =  nil  
[2023/09/06 15:52:40 221] isr_local  2265 last gc at  1693986757  
[2023/09/06 15:52:40 319] isr_local  2126 ASR_LOCAL_MSG_AUW  
[2023/09/06 15:52:40 320] isr_local  1558 auwl =   3200  
[2023/09/06 15:52:40 320] isr_local  2135 esr_audio_write, ret =  nil  
[2023/09/06 15:52:40 321] isr_local  2265 last gc at  1693986757  
[2023/09/06 15:52:40 419] isr_local  2126 ASR_LOCAL_MSG_AUW  
[2023/09/06 15:52:40 420] isr_local  1558 auwl =   3200  
[2023/09/06 15:52:40 421] isr_local  2135 esr_audio_write, ret =  nil  
[2023/09/06 15:52:40 421] isr_local  2265 last gc at  1693986757  
[2023/09/06 15:52:40 520] isr_local  2126 ASR_LOCAL_MSG_AUW  
[2023/09/06 15:52:40 520] isr_local  1558 auwl =   3200  
[2023/09/06 15:52:40 521] isr_local  2135 esr_audio_write, ret =  nil  
[2023/09/06 15:52:40 521] isr_local  2265 last gc at  1693986757  
[2023/09/06 15:52:40 608] isr_local  2126 ASR_LOCAL_MSG_AUW  
[2023/09/06 15:52:40 609] isr_local  1558 auwl =   3200  
[2023/09/06 15:52:40 609] isr_local  2135 esr_audio_write, ret =  nil  
[2023/09/06 15:52:40 609] isr_local  2265 last gc at  1693986757  
[2023/09/06 15:52:40 715] isr_local  2126 ASR_LOCAL_MSG_AUW  
[2023/09/06 15:52:40 716] isr_local  1558 auwl =   3200  
[2023/09/06 15:52:40 717] isr_local  2135 esr_audio_write, ret =  nil  
[2023/09/06 15:52:40 717] isr_local  2265 last gc at  1693986757  
[2023/09/06 15:52:40 815] isr_local  2126 ASR_LOCAL_MSG_AUW  
[2023/09/06 15:52:40 816] isr_local  1558 auwl =   3200  
[2023/09/06 15:52:40 816] isr_local  2135 esr_audio_write, ret =  nil  
[2023/09/06 15:52:40 817] isr_local  2265 last gc at  1693986757  
[2023/09/06 15:52:40 915] isr_local  2126 ASR_LOCAL_MSG_AUW  
[2023/09/06 15:52:40 916] isr_local  1558 auwl =   3200  
[2023/09/06 15:52:40 916] isr_local  2135 esr_audio_write, ret =  nil  
[2023/09/06 15:52:40 917] isr_local  2265 last gc at  1693986757  
[2023/09/06 15:52:41 015] isr_local  2126 ASR_LOCAL_MSG_AUW  
[2023/09/06 15:52:41 016] isr_local  1558 auwl =   3200  
[2023/09/06 15:52:41 016] isr_local  2135 esr_audio_write, ret =  nil  
[2023/09/06 15:52:41 017] isr_local  2265 last gc at  1693986757  
[2023/09/06 15:52:41 115] isr_local  2126 ASR_LOCAL_MSG_AUW  
[2023/09/06 15:52:41 116] isr_local  1558 auwl =   3200  
[2023/09/06 15:52:41 116] isr_local  2135 esr_audio_write, ret =  nil  
[2023/09/06 15:52:41 117] isr_local  2265 last gc at  1693986757  
[2023/09/06 15:52:41 207] isr_local  2126 ASR_LOCAL_MSG_AUW  
[2023/09/06 15:52:41 207] isr_local  1558 auwl =   2560  
[2023/09/06 15:52:41 209] isr_local  2135 esr_audio_write, ret =  nil  
[2023/09/06 15:52:41 209] isr_local  2265 last gc at  1693986757  
[2023/09/06 15:52:41 247] transport  306  [dns] [1] timeout!   
[2023/09/06 15:52:41 247] transport  74   dns_failed  
[2023/09/06 15:52:41 247] network    90   ipfromenv ,  ipcache  open.xf-yun.com  def  nil  
[2023/09/06 15:52:41 247] network    90   ipfromenv ,  ipcfg  open.xf-yun.com  def  nil  
[2023/09/06 15:52:41 247] transport  1298 [soc] connect   116.213.69.195  80  
[2023/09/06 15:52:41 248] transport  1310 mspsoc.open,prot_type=  tcp  
[2023/09/06 15:52:41 248] network    231  dns timeout!  ns1  
[2023/09/06 15:52:41 248] ns         457  ns dns failed, err =   10114  
[2023/09/06 15:52:41 248] network    445  gethttpresp2  117.121.48.5  80  ns2  
[2023/09/06 15:52:41 248] network    465  prot_type  tcp  
[2023/09/06 15:52:41 256] transport  539  MSC:[soc] [1] error 10202 113!  
[2023/09/06 15:52:41 258] transport  64   clear_ip ip_type =  nil  
[2023/09/06 15:52:41 258] transport  339  soc_conn_failed  
[2023/09/06 15:52:41 258] network    95   iptoenv ,  ipcache  open.xf-yun.com  def  nil  
[2023/09/06 15:52:41 259] transport  413  switch 80  
[2023/09/06 15:52:41 260] transport  1326 [soc] disconnect   
[2023/09/06 15:52:41 261] network    418  soc error  10202  ns2  
[2023/09/06 15:52:41 261] ns         256  name server http resp  table(780286e0) 10202  nil  
[2023/09/06 15:52:41 261] ns         415  ns response failed, err =  10202  
[2023/09/06 15:52:41 261] ns         116  ns_host=  open.xf-yun.com  
[2023/09/06 15:52:41 261] ns         118  use default ip  
[2023/09/06 15:52:41 261] transport  1060 ns_ip =   116.213.69.195  
[2023/09/06 15:52:41 261] transport  1061 ip_type =  def_athopen.xf-yun.com  
[2023/09/06 15:52:41 261] transport  1298 [soc] connect   116.213.69.195  80  
[2023/09/06 15:52:41 262] transport  1310 mspsoc.open,prot_type=  tcp  
[2023/09/06 15:52:41 262] ns         658  no data in ns_q  
[2023/09/06 15:52:41 262] ns         659  conti_ns,ns_inprog =   1  
[2023/09/06 15:52:41 282] isr_local  669  final result will throw out next!  
[2023/09/06 15:52:41 283] isr_local  679  nRecognizeState:  1  
[2023/09/06 15:52:41 283] isr_local  680  nConfidenceScore:  20  
[2023/09/06 15:52:41 283] isr_local  728  result_type :   xml  
[2023/09/06 15:52:41 283] isr_local  729  result_encoding :   UTF-8  
[2023/09/06 15:52:41 283] isr_local  730  is iat :   false  
[2023/09/06 15:52:41 283] isr_local  469  item_count:1  
[2023/09/06 15:52:41 283] isr_local  469  item_count:1  
[2023/09/06 15:52:41 283] isr_local  293  nil  
[2023/09/06 15:52:41 284] isr_local  675  recognized end!  
[2023/09/06 15:52:41 288] isr_local  2140 ASR_LOCAL_MSG_SSE  
[2023/09/06 15:52:41 288] isr_local  1518 esr_session_end | esr_obj:stop ret =  0  
[2023/09/06 15:52:41 288] isr_local  2142 esr_session_end, ret =  0  
[2023/09/06 15:52:41 291] isr_local  2265 last gc at  1693986757  
[2023/09/06 15:52:41 384] isr_local  638  local engine already stopped! stop cmd ignored  
[2023/09/06 15:52:41 393] isr_local  2182 SYS_MSG_SHUTDOWN_LOCAL  
[2023/09/06 15:52:41 452] isr_local  2265 last gc at  1693986757  
============================================================
Time  2023/09/06 15:54:28 802 
============================================================
[2023/09/06 15:54:28 802] isr_local  2168 os_type is:  Linux  
[2023/09/06 15:54:28 802] isr_local  2177 SYS_MSG_LOAD_LOCAL  
[2023/09/06 15:54:28 802] isr_local  2265 last gc at  1693986868  
[2023/09/06 15:54:28 802] isr_local  2206 SYS_MSG_REGCB_LOCAL| param0 =  msp_status_cb  
[2023/09/06 15:54:28 803] isr_local  2265 last gc at  1693986868  
[2023/09/06 15:54:28 803] isr_local  2206 SYS_MSG_REGCB_LOCAL| param0 =  local_service_cbmsg  
[2023/09/06 15:54:28 803] isr_local  2265 last gc at  1693986868  
[2023/09/06 15:54:28 803] isr_local  2114 ASR_LOCAL_MSG_SSB  
[2023/09/06 15:54:28 803] isr_local  1251 esr_session_begin | params:  engine_type=local,asr_res_path=fo|res/asr/common.jet,sample_rate=16000,grm_build_path=res/asr/GrmBuilld,local_grammar=call,result_type=xml,result_encoding=UTF-8  
[2023/09/06 15:54:28 804] isr_local  803  engine_type  :  local  
[2023/09/06 15:54:28 804] isr_local  803  asr_res_path  :  fo|res/asr/common.jet  
[2023/09/06 15:54:28 804] isr_local  803  sample_rate  :  16000  
[2023/09/06 15:54:28 804] isr_local  803  grm_build_path  :  res/asr/GrmBuilld  
[2023/09/06 15:54:28 804] isr_local  803  local_grammar  :  call  
[2023/09/06 15:54:28 804] isr_local  803  result_type  :  xml  
[2023/09/06 15:54:28 804] isr_local  803  result_encoding  :  UTF-8  
[2023/09/06 15:54:28 804] isr_local  1280 init aitalk in ssb  
[2023/09/06 15:54:28 804] isr_local  1162 esr_init | params:  engine_type=local,asr_res_path=fo|res/asr/common.jet,sample_rate=16000,grm_build_path=res/asr/GrmBuilld,local_grammar=call,result_type=xml,result_encoding=UTF-8  
[2023/09/06 15:54:28 804] isr_local  803  engine_type  :  local  
[2023/09/06 15:54:28 805] isr_local  803  asr_res_path  :  fo|res/asr/common.jet  
[2023/09/06 15:54:28 805] isr_local  803  sample_rate  :  16000  
[2023/09/06 15:54:28 805] isr_local  803  grm_build_path  :  res/asr/GrmBuilld  
[2023/09/06 15:54:28 805] isr_local  803  local_grammar  :  call  
[2023/09/06 15:54:28 805] isr_local  803  result_type  :  xml  
[2023/09/06 15:54:28 805] isr_local  803  result_encoding  :  UTF-8  
[2023/09/06 15:54:28 805] isr_local  1083  lucEsr.new   
[2023/09/06 15:54:28 805] isr_local  1000 file count =   1  
[2023/09/06 15:54:28 805] isr_local  923  file open type is:   fo  
[2023/09/06 15:54:28 806] isr_local  956  res/asr/common.jet  0  0  
[2023/09/06 15:54:28 806] isr_local  1018 speech_plus_setting  0  
[2023/09/06 15:54:28 806] isr_local  1031 2  nil  res/asr/common.jet  0  0  
[2023/09/06 15:54:28 806] isr_local  1033 res_ver  2  
[2023/09/06 15:54:28 806] isr_local  1034 res 5  62dd61c88201165be2937d82ec3543bf  
[2023/09/06 15:54:28 806] isr_local  1035 res_new_old_mark  v5pp  
[2023/09/06 15:54:28 806] isr_local  1036 res_usr_name  ""  
[2023/09/06 15:54:28 806] isr_local  1037 res_expires    
[2023/09/06 15:54:28 806] isr_local  1038 err  0  
[2023/09/06 15:54:28 806] isr_local  1054 lgi appid 5  62dd61c88201165be2937d82ec3543bf  
[2023/09/06 15:54:28 807] isr_local  1065 res_expires is null  
[2023/09/06 15:54:28 807] auth       74   aitalk  app  nil  nil  {"aitalk":{"ver":"2","bus":{"forbid":"0","nlimit":2020}}}  
[2023/09/06 15:54:28 807] auth       312  nil  
[2023/09/06 15:54:28 829] isr_local  1294 authorized_aitalk=  nil  
[2023/09/06 15:54:28 829] isr_local  1295 forbid_aitalk=  0  
[2023/09/06 15:54:28 829] auth       570  aitalk  table(6c063fc0) nil  nil  appid = 5e7d9f3e  
[2023/09/06 15:54:28 829] auth       579  app  nil  nil  nil  
[2023/09/06 15:54:28 830] auth       636  ath rquest  {"authorize":[{"busin":"aitalk","ver":"2.1.1"}]}  
[2023/09/06 15:54:28 832] transport  642  paramkvsport is   nil  
[2023/09/06 15:54:28 832] transport  654  ns_enable=  1  
[2023/09/06 15:54:28 832] transport  656  2017-08--24 is_ns_need_close =   nil  
[2023/09/06 15:54:28 832] transport  662  net.nettype=  standard  
[2023/09/06 15:54:28 832] transport  672  url.full=  nil  
[2023/09/06 15:54:28 833] transport  673  urltmp=  nil  
[2023/09/06 15:54:28 833] transport  677  server_url_host=, server_url_port=, server_url_path=  open.xf-yun.com  nil  /msp.do  
[2023/09/06 15:54:28 833] transport  705  url.full=  nil  
[2023/09/06 15:54:28 833] transport  890  switch 80  
[2023/09/06 15:54:28 833] transport  902  net type:  standard  
[2023/09/06 15:54:28 833] transport  903  net operator:  def  
[2023/09/06 15:54:28 833] transport  904  use proxy:  false  
[2023/09/06 15:54:28 833] auth       691  not login!  
[2023/09/06 15:54:28 833] auth       528  [session] send auth request  
[2023/09/06 15:54:28 833] transport  1102 session.domain=  open.xf-yun.com  
[2023/09/06 15:54:28 834] transport  1103 url.host=  open.xf-yun.com  
[2023/09/06 15:54:28 834] transport  1080 NAMESERVER START  
[2023/09/06 15:54:28 834] transport  1083 name =   ath  
[2023/09/06 15:54:28 834] ns         629  ntt=  standard  
[2023/09/06 15:54:28 834] transport  1086 trans,ns_inprog =  0  
[2023/09/06 15:54:28 834] ns         585  name server start  
[2023/09/06 15:54:28 834] ns         586  ns_sub =   ath  
[2023/09/06 15:54:28 834] ns         588  ns_host=  open.xf-yun.com  
[2023/09/06 15:54:28 834] ns         479  ns_host=  open.xf-yun.com  
[2023/09/06 15:54:28 835] ns         558  GET /sip/resolver?srand=0906155411.32 HTTP/1.1
Host: hdns.openspeech.cn
Connection: Keep-Alive
X-Par: ver=1.3&appid=5e7d9f3e&operator=UNKNOW&nettype=STANDARD&cver=5.0.38.1195&svc=ath&host=open.xf-yun.com&sign=2eb10570aa3fa61b91b38c13b8cb0f68
User-Agent: iFLYCloud

  
[2023/09/06 15:54:28 835] ns         559  net_type =  standard  
[2023/09/06 15:54:28 835] ns         560  cmwapascmnet =  
[2023/09/06 15:54:28 835] ns         561  uniwapasuninet =  
[2023/09/06 15:54:28 835] ns         562  ctwapasctnet =  
[2023/09/06 15:54:28 835] ns         579  host=  hdns.openspeech.cn  
[2023/09/06 15:54:28 835] network    263  gethostbyname  hdns.openspeech.cn  ns1  
[2023/09/06 15:54:28 836] auth       535  0  
[2023/09/06 15:54:28 836] auth       498  lver:  nil  
[2023/09/06 15:54:28 836] auth       503  cfg_ver:  nil  
[2023/09/06 15:54:28 836] transport  1849 transport_obj.send | in  
[2023/09/06 15:54:28 836] transport  1855 self.msg_flag_q  table(6c007ef0) 
[2023/09/06 15:54:28 836] transport  1856 self.msg_q  table(6c04fff0) 
[2023/09/06 15:54:28 837] transport  1788 transport_obj.try2send | in  
[2023/09/06 15:54:28 837] transport  1789 self.soc  nil  
[2023/09/06 15:54:28 837] transport  1790 self.connected  false  
[2023/09/06 15:54:28 837] transport  1791 self.latesterr  0  
[2023/09/06 15:54:28 837] transport  1862 transport_obj.send | out  
[2023/09/06 15:54:28 837] isr_local  2038 commit path:   res/asr/GrmBuilld/temp/commit  
[2023/09/06 15:54:28 847] isr_local  2076 commit success!  
[2023/09/06 15:54:28 850] isr_local  1409 esr_session_begin | esr_obj:start ret =  0  
[2023/09/06 15:54:28 850] isr_local  2122 esr_session_begin, ret =   0  
[2023/09/06 15:54:28 850] isr_local  2265 last gc at  1693986868  
[2023/09/06 15:54:28 949] isr_local  655  local engine ready  
[2023/09/06 15:54:28 950] isr_local  585  esr_flush_buf_audio buffer audio num:  0  
[2023/09/06 15:54:28 951] isr_local  630  local engine started  
[2023/09/06 15:54:28 999] isr_local  2126 ASR_LOCAL_MSG_AUW  
[2023/09/06 15:54:28 999] isr_local  1558 auwl =   3200  
[2023/09/06 15:54:28 999] isr_local  2135 esr_audio_write, ret =  nil  
[2023/09/06 15:54:29 000] isr_local  2265 last gc at  1693986868  
[2023/09/06 15:54:29 097] isr_local  2126 ASR_LOCAL_MSG_AUW  
[2023/09/06 15:54:29 097] isr_local  1558 auwl =   3200  
[2023/09/06 15:54:29 098] isr_local  2135 esr_audio_write, ret =  nil  
[2023/09/06 15:54:29 098] isr_local  2265 last gc at  1693986868  
[2023/09/06 15:54:29 195] isr_local  2126 ASR_LOCAL_MSG_AUW  
[2023/09/06 15:54:29 195] isr_local  1558 auwl =   3200  
[2023/09/06 15:54:29 196] isr_local  2135 esr_audio_write, ret =  nil  
[2023/09/06 15:54:29 196] isr_local  2265 last gc at  1693986868  
[2023/09/06 15:54:29 306] isr_local  2126 ASR_LOCAL_MSG_AUW  
[2023/09/06 15:54:29 307] isr_local  1558 auwl =   3200  
[2023/09/06 15:54:29 308] isr_local  2135 esr_audio_write, ret =  nil  
[2023/09/06 15:54:29 308] isr_local  2265 last gc at  1693986868  
[2023/09/06 15:54:29 406] isr_local  2126 ASR_LOCAL_MSG_AUW  
[2023/09/06 15:54:29 408] isr_local  1558 auwl =   3200  
[2023/09/06 15:54:29 408] isr_local  2135 esr_audio_write, ret =  nil  
[2023/09/06 15:54:29 409] isr_local  2265 last gc at  1693986868  
[2023/09/06 15:54:29 506] isr_local  2126 ASR_LOCAL_MSG_AUW  
[2023/09/06 15:54:29 507] isr_local  1558 auwl =   3200  
[2023/09/06 15:54:29 507] isr_local  2135 esr_audio_write, ret =  nil  
[2023/09/06 15:54:29 508] isr_local  2265 last gc at  1693986868  
[2023/09/06 15:54:29 606] isr_local  2126 ASR_LOCAL_MSG_AUW  
[2023/09/06 15:54:29 607] isr_local  1558 auwl =   3200  
[2023/09/06 15:54:29 607] isr_local  2135 esr_audio_write, ret =  nil  
[2023/09/06 15:54:29 608] isr_local  2265 last gc at  1693986868  
[2023/09/06 15:54:29 708] isr_local  2126 ASR_LOCAL_MSG_AUW  
[2023/09/06 15:54:29 709] isr_local  1558 auwl =   3200  
[2023/09/06 15:54:29 709] isr_local  2135 esr_audio_write, ret =  nil  
[2023/09/06 15:54:29 710] isr_local  2265 last gc at  1693986868  
[2023/09/06 15:54:29 795] isr_local  2126 ASR_LOCAL_MSG_AUW  
[2023/09/06 15:54:29 796] isr_local  1558 auwl =   3200  
[2023/09/06 15:54:29 796] isr_local  2135 esr_audio_write, ret =  nil  
[2023/09/06 15:54:29 796] isr_local  2265 last gc at  1693986868  
[2023/09/06 15:54:29 907] isr_local  2126 ASR_LOCAL_MSG_AUW  
[2023/09/06 15:54:29 908] isr_local  1558 auwl =   3200  
[2023/09/06 15:54:29 909] isr_local  2135 esr_audio_write, ret =  nil  
[2023/09/06 15:54:29 910] isr_local  2265 last gc at  1693986868  
[2023/09/06 15:54:30 006] isr_local  2126 ASR_LOCAL_MSG_AUW  
[2023/09/06 15:54:30 007] isr_local  1558 auwl =   3200  
[2023/09/06 15:54:30 008] isr_local  2135 esr_audio_write, ret =  nil  
[2023/09/06 15:54:30 008] isr_local  2265 last gc at  1693986868  
[2023/09/06 15:54:30 107] isr_local  2126 ASR_LOCAL_MSG_AUW  
[2023/09/06 15:54:30 107] isr_local  1558 auwl =   3200  
[2023/09/06 15:54:30 109] isr_local  2135 esr_audio_write, ret =  nil  
[2023/09/06 15:54:30 110] isr_local  2265 last gc at  1693986868  
[2023/09/06 15:54:30 206] isr_local  2126 ASR_LOCAL_MSG_AUW  
[2023/09/06 15:54:30 207] isr_local  1558 auwl =   3200  
[2023/09/06 15:54:30 208] isr_local  2135 esr_audio_write, ret =  nil  
[2023/09/06 15:54:30 208] isr_local  2265 last gc at  1693986868  
[2023/09/06 15:54:30 302] isr_local  2126 ASR_LOCAL_MSG_AUW  
[2023/09/06 15:54:30 303] isr_local  1558 auwl =   3200  
[2023/09/06 15:54:30 304] isr_local  2135 esr_audio_write, ret =  nil  
[2023/09/06 15:54:30 304] isr_local  2265 last gc at  1693986868  
[2023/09/06 15:54:30 403] isr_local  2126 ASR_LOCAL_MSG_AUW  
[2023/09/06 15:54:30 404] isr_local  1558 auwl =   3200  
[2023/09/06 15:54:30 405] isr_local  2135 esr_audio_write, ret =  nil  
[2023/09/06 15:54:30 406] isr_local  2265 last gc at  1693986868  
[2023/09/06 15:54:30 502] isr_local  2126 ASR_LOCAL_MSG_AUW  
[2023/09/06 15:54:30 503] isr_local  1558 auwl =   3200  
[2023/09/06 15:54:30 504] isr_local  2135 esr_audio_write, ret =  nil  
[2023/09/06 15:54:30 505] isr_local  2265 last gc at  1693986868  
[2023/09/06 15:54:30 602] isr_local  2126 ASR_LOCAL_MSG_AUW  
[2023/09/06 15:54:30 603] isr_local  1558 auwl =   3200  
[2023/09/06 15:54:30 604] isr_local  2135 esr_audio_write, ret =  nil  
[2023/09/06 15:54:30 604] isr_local  2265 last gc at  1693986868  
[2023/09/06 15:54:30 692] isr_local  2126 ASR_LOCAL_MSG_AUW  
[2023/09/06 15:54:30 692] isr_local  1558 auwl =   3200  
[2023/09/06 15:54:30 692] isr_local  2135 esr_audio_write, ret =  nil  
[2023/09/06 15:54:30 692] isr_local  2265 last gc at  1693986868  
[2023/09/06 15:54:30 796] isr_local  2126 ASR_LOCAL_MSG_AUW  
[2023/09/06 15:54:30 796] isr_local  1558 auwl =   3200  
[2023/09/06 15:54:30 796] isr_local  2135 esr_audio_write, ret =  nil  
[2023/09/06 15:54:30 796] isr_local  2265 last gc at  1693986868  
[2023/09/06 15:54:30 892] isr_local  2126 ASR_LOCAL_MSG_AUW  
[2023/09/06 15:54:30 893] isr_local  1558 auwl =   3200  
[2023/09/06 15:54:30 893] isr_local  2135 esr_audio_write, ret =  nil  
[2023/09/06 15:54:30 893] isr_local  2265 last gc at  1693986868  
[2023/09/06 15:54:30 992] isr_local  2126 ASR_LOCAL_MSG_AUW  
[2023/09/06 15:54:30 992] isr_local  1558 auwl =   3200  
[2023/09/06 15:54:30 992] isr_local  2135 esr_audio_write, ret =  nil  
[2023/09/06 15:54:30 992] isr_local  2265 last gc at  1693986868  
[2023/09/06 15:54:31 092] isr_local  2126 ASR_LOCAL_MSG_AUW  
[2023/09/06 15:54:31 092] isr_local  1558 auwl =   3200  
[2023/09/06 15:54:31 092] isr_local  2135 esr_audio_write, ret =  nil  
[2023/09/06 15:54:31 092] isr_local  2265 last gc at  1693986868  
[2023/09/06 15:54:31 192] isr_local  2126 ASR_LOCAL_MSG_AUW  
[2023/09/06 15:54:31 192] isr_local  1558 auwl =   3200  
[2023/09/06 15:54:31 192] isr_local  2135 esr_audio_write, ret =  nil  
[2023/09/06 15:54:31 192] isr_local  2265 last gc at  1693986868  
[2023/09/06 15:54:31 292] isr_local  2126 ASR_LOCAL_MSG_AUW  
[2023/09/06 15:54:31 292] isr_local  1558 auwl =   3200  
[2023/09/06 15:54:31 292] isr_local  2135 esr_audio_write, ret =  nil  
[2023/09/06 15:54:31 292] isr_local  2265 last gc at  1693986868  
[2023/09/06 15:54:31 394] isr_local  2126 ASR_LOCAL_MSG_AUW  
[2023/09/06 15:54:31 394] isr_local  1558 auwl =   3200  
[2023/09/06 15:54:31 394] isr_local  2135 esr_audio_write, ret =  nil  
[2023/09/06 15:54:31 394] isr_local  2265 last gc at  1693986868  
[2023/09/06 15:54:31 492] isr_local  2126 ASR_LOCAL_MSG_AUW  
[2023/09/06 15:54:31 492] isr_local  1558 auwl =   3200  
[2023/09/06 15:54:31 492] isr_local  2135 esr_audio_write, ret =  nil  
[2023/09/06 15:54:31 492] isr_local  2265 last gc at  1693986868  
[2023/09/06 15:54:31 592] isr_local  2126 ASR_LOCAL_MSG_AUW  
[2023/09/06 15:54:31 592] isr_local  1558 auwl =   3200  
[2023/09/06 15:54:31 592] isr_local  2135 esr_audio_write, ret =  nil  
[2023/09/06 15:54:31 592] isr_local  2265 last gc at  1693986868  
[2023/09/06 15:54:31 692] isr_local  2126 ASR_LOCAL_MSG_AUW  
[2023/09/06 15:54:31 692] isr_local  1558 auwl =   3200  
[2023/09/06 15:54:31 692] isr_local  2135 esr_audio_write, ret =  nil  
[2023/09/06 15:54:31 692] isr_local  2265 last gc at  1693986868  
[2023/09/06 15:54:31 789] isr_local  2126 ASR_LOCAL_MSG_AUW  
[2023/09/06 15:54:31 789] isr_local  1558 auwl =   2560  
[2023/09/06 15:54:31 789] isr_local  2135 esr_audio_write, ret =  nil  
[2023/09/06 15:54:31 789] isr_local  2265 last gc at  1693986868  
[2023/09/06 15:54:31 836] transport  306  [dns] [1] timeout!   
[2023/09/06 15:54:31 836] transport  74   dns_failed  
[2023/09/06 15:54:31 836] network    90   ipfromenv ,  ipcache  open.xf-yun.com  def  nil  
[2023/09/06 15:54:31 836] network    90   ipfromenv ,  ipcfg  open.xf-yun.com  def  nil  
[2023/09/06 15:54:31 836] transport  1298 [soc] connect   116.213.69.195  80  
[2023/09/06 15:54:31 836] transport  1310 mspsoc.open,prot_type=  tcp  
[2023/09/06 15:54:31 837] network    231  dns timeout!  ns1  
[2023/09/06 15:54:31 837] ns         457  ns dns failed, err =   10114  
[2023/09/06 15:54:31 837] network    445  gethttpresp2  117.121.48.5  80  ns2  
[2023/09/06 15:54:31 837] network    465  prot_type  tcp  
[2023/09/06 15:54:31 846] transport  539  MSC:[soc] [1] error 10202 113!  
[2023/09/06 15:54:31 871] transport  64   clear_ip ip_type =  nil  
[2023/09/06 15:54:31 871] transport  339  soc_conn_failed  
[2023/09/06 15:54:31 871] network    95   iptoenv ,  ipcache  open.xf-yun.com  def  nil  
[2023/09/06 15:54:31 872] transport  413  switch 80  
[2023/09/06 15:54:31 876] transport  1326 [soc] disconnect   
[2023/09/06 15:54:31 879] isr_local  669  final result will throw out next!  
[2023/09/06 15:54:31 880] isr_local  679  nRecognizeState:  1  
[2023/09/06 15:54:31 881] isr_local  680  nConfidenceScore:  84  
[2023/09/06 15:54:31 881] isr_local  728  result_type :   xml  
[2023/09/06 15:54:31 881] isr_local  729  result_encoding :   UTF-8  
[2023/09/06 15:54:31 885] isr_local  730  is iat :   false  
[2023/09/06 15:54:31 891] isr_local  469  item_count:1  
[2023/09/06 15:54:31 892] isr_local  469  item_count:1  
[2023/09/06 15:54:31 893] isr_local  293  nil  
[2023/09/06 15:54:31 897] isr_local  675  recognized end!  
[2023/09/06 15:54:31 915] isr_local  2140 ASR_LOCAL_MSG_SSE  
[2023/09/06 15:54:31 917] isr_local  1518 esr_session_end | esr_obj:stop ret =  0  
[2023/09/06 15:54:31 919] isr_local  2142 esr_session_end, ret =  0  
[2023/09/06 15:54:31 939] isr_local  2265 last gc at  1693986868  
[2023/09/06 15:54:31 944] isr_local  2182 SYS_MSG_SHUTDOWN_LOCAL  
[2023/09/06 15:54:31 999] isr_local  2265 last gc at  1693986868  
============================================================
Time  2023/09/06 15:54:39 592 
============================================================
[2023/09/06 15:54:39 592] isr_local  2168 os_type is:  Linux  
[2023/09/06 15:54:39 593] isr_local  2177 SYS_MSG_LOAD_LOCAL  
[2023/09/06 15:54:39 593] isr_local  2265 last gc at  1693986879  
[2023/09/06 15:54:39 593] isr_local  2206 SYS_MSG_REGCB_LOCAL| param0 =  msp_status_cb  
[2023/09/06 15:54:39 593] isr_local  2265 last gc at  1693986879  
[2023/09/06 15:54:39 594] isr_local  2206 SYS_MSG_REGCB_LOCAL| param0 =  local_service_cbmsg  
[2023/09/06 15:54:39 594] isr_local  2265 last gc at  1693986879  
[2023/09/06 15:54:39 594] isr_local  2114 ASR_LOCAL_MSG_SSB  
[2023/09/06 15:54:39 594] isr_local  1251 esr_session_begin | params:  engine_type=local,asr_res_path=fo|res/asr/common.jet,sample_rate=16000,grm_build_path=res/asr/GrmBuilld,local_grammar=call,result_type=xml,result_encoding=UTF-8  
[2023/09/06 15:54:39 595] isr_local  803  engine_type  :  local  
[2023/09/06 15:54:39 595] isr_local  803  asr_res_path  :  fo|res/asr/common.jet  
[2023/09/06 15:54:39 595] isr_local  803  sample_rate  :  16000  
[2023/09/06 15:54:39 595] isr_local  803  grm_build_path  :  res/asr/GrmBuilld  
[2023/09/06 15:54:39 595] isr_local  803  local_grammar  :  call  
[2023/09/06 15:54:39 595] isr_local  803  result_type  :  xml  
[2023/09/06 15:54:39 595] isr_local  803  result_encoding  :  UTF-8  
[2023/09/06 15:54:39 595] isr_local  1280 init aitalk in ssb  
[2023/09/06 15:54:39 595] isr_local  1162 esr_init | params:  engine_type=local,asr_res_path=fo|res/asr/common.jet,sample_rate=16000,grm_build_path=res/asr/GrmBuilld,local_grammar=call,result_type=xml,result_encoding=UTF-8  
[2023/09/06 15:54:39 596] isr_local  803  engine_type  :  local  
[2023/09/06 15:54:39 596] isr_local  803  asr_res_path  :  fo|res/asr/common.jet  
[2023/09/06 15:54:39 596] isr_local  803  sample_rate  :  16000  
[2023/09/06 15:54:39 596] isr_local  803  grm_build_path  :  res/asr/GrmBuilld  
[2023/09/06 15:54:39 596] isr_local  803  local_grammar  :  call  
[2023/09/06 15:54:39 596] isr_local  803  result_type  :  xml  
[2023/09/06 15:54:39 596] isr_local  803  result_encoding  :  UTF-8  
[2023/09/06 15:54:39 596] isr_local  1083  lucEsr.new   
[2023/09/06 15:54:39 597] isr_local  1000 file count =   1  
[2023/09/06 15:54:39 597] isr_local  923  file open type is:   fo  
[2023/09/06 15:54:39 597] isr_local  956  res/asr/common.jet  0  0  
[2023/09/06 15:54:39 597] isr_local  1018 speech_plus_setting  0  
[2023/09/06 15:54:39 597] isr_local  1031 2  nil  res/asr/common.jet  0  0  
[2023/09/06 15:54:39 598] isr_local  1033 res_ver  2  
[2023/09/06 15:54:39 598] isr_local  1034 res 5  62dd61c88201165be2937d82ec3543bf  
[2023/09/06 15:54:39 598] isr_local  1035 res_new_old_mark  v5pp  
[2023/09/06 15:54:39 598] isr_local  1036 res_usr_name  ""  
[2023/09/06 15:54:39 598] isr_local  1037 res_expires    
[2023/09/06 15:54:39 598] isr_local  1038 err  0  
[2023/09/06 15:54:39 598] isr_local  1054 lgi appid 5  62dd61c88201165be2937d82ec3543bf  
[2023/09/06 15:54:39 598] isr_local  1065 res_expires is null  
[2023/09/06 15:54:39 599] auth       74   aitalk  app  nil  nil  {"aitalk":{"ver":"2","bus":{"forbid":"0","nlimit":2020}}}  
[2023/09/06 15:54:39 599] auth       312  nil  
[2023/09/06 15:54:39 622] isr_local  1294 authorized_aitalk=  nil  
[2023/09/06 15:54:39 623] isr_local  1295 forbid_aitalk=  0  
[2023/09/06 15:54:39 623] auth       570  aitalk  table(90063fc0) nil  nil  appid = 5e7d9f3e  
[2023/09/06 15:54:39 623] auth       579  app  nil  nil  nil  
[2023/09/06 15:54:39 623] auth       636  ath rquest  {"authorize":[{"busin":"aitalk","ver":"2.1.1"}]}  
[2023/09/06 15:54:39 625] transport  642  paramkvsport is   nil  
[2023/09/06 15:54:39 626] transport  654  ns_enable=  1  
[2023/09/06 15:54:39 626] transport  656  2017-08--24 is_ns_need_close =   nil  
[2023/09/06 15:54:39 626] transport  662  net.nettype=  standard  
[2023/09/06 15:54:39 626] transport  672  url.full=  nil  
[2023/09/06 15:54:39 626] transport  673  urltmp=  nil  
[2023/09/06 15:54:39 626] transport  677  server_url_host=, server_url_port=, server_url_path=  open.xf-yun.com  nil  /msp.do  
[2023/09/06 15:54:39 626] transport  705  url.full=  nil  
[2023/09/06 15:54:39 626] transport  890  switch 80  
[2023/09/06 15:54:39 626] transport  902  net type:  standard  
[2023/09/06 15:54:39 627] transport  903  net operator:  def  
[2023/09/06 15:54:39 627] transport  904  use proxy:  false  
[2023/09/06 15:54:39 627] auth       691  not login!  
[2023/09/06 15:54:39 627] auth       528  [session] send auth request  
[2023/09/06 15:54:39 627] transport  1102 session.domain=  open.xf-yun.com  
[2023/09/06 15:54:39 627] transport  1103 url.host=  open.xf-yun.com  
[2023/09/06 15:54:39 627] transport  1080 NAMESERVER START  
[2023/09/06 15:54:39 627] transport  1083 name =   ath  
[2023/09/06 15:54:39 627] ns         629  ntt=  standard  
[2023/09/06 15:54:39 628] transport  1086 trans,ns_inprog =  0  
[2023/09/06 15:54:39 628] ns         585  name server start  
[2023/09/06 15:54:39 628] ns         586  ns_sub =   ath  
[2023/09/06 15:54:39 628] ns         588  ns_host=  open.xf-yun.com  
[2023/09/06 15:54:39 628] ns         479  ns_host=  open.xf-yun.com  
[2023/09/06 15:54:39 628] ns         558  GET /sip/resolver?srand=0906155411.32 HTTP/1.1
Host: hdns.openspeech.cn
Connection: Keep-Alive
X-Par: ver=1.3&appid=5e7d9f3e&operator=UNKNOW&nettype=STANDARD&cver=5.0.38.1195&svc=ath&host=open.xf-yun.com&sign=2eb10570aa3fa61b91b38c13b8cb0f68
User-Agent: iFLYCloud

  
[2023/09/06 15:54:39 628] ns         559  net_type =  standard  
[2023/09/06 15:54:39 628] ns         560  cmwapascmnet =  
[2023/09/06 15:54:39 628] ns         561  uniwapasuninet =  
[2023/09/06 15:54:39 628] ns         562  ctwapasctnet =  
[2023/09/06 15:54:39 629] ns         579  host=  hdns.openspeech.cn  
[2023/09/06 15:54:39 629] network    263  gethostbyname  hdns.openspeech.cn  ns1  
[2023/09/06 15:54:39 629] auth       535  0  
[2023/09/06 15:54:39 629] auth       498  lver:  nil  
[2023/09/06 15:54:39 630] auth       503  cfg_ver:  nil  
[2023/09/06 15:54:39 630] transport  1849 transport_obj.send | in  
[2023/09/06 15:54:39 630] transport  1855 self.msg_flag_q  table(90072370) 
[2023/09/06 15:54:39 630] transport  1856 self.msg_q  table(900660d0) 
[2023/09/06 15:54:39 630] transport  1788 transport_obj.try2send | in  
[2023/09/06 15:54:39 630] transport  1789 self.soc  nil  
[2023/09/06 15:54:39 630] transport  1790 self.connected  false  
[2023/09/06 15:54:39 630] transport  1791 self.latesterr  0  
[2023/09/06 15:54:39 630] transport  1862 transport_obj.send | out  
[2023/09/06 15:54:39 631] isr_local  2038 commit path:   res/asr/GrmBuilld/temp/commit  
[2023/09/06 15:54:39 642] isr_local  2076 commit success!  
[2023/09/06 15:54:39 646] isr_local  1409 esr_session_begin | esr_obj:start ret =  0  
[2023/09/06 15:54:39 646] isr_local  2122 esr_session_begin, ret =   0  
[2023/09/06 15:54:39 646] isr_local  2265 last gc at  1693986879  
[2023/09/06 15:54:39 745] isr_local  655  local engine ready  
[2023/09/06 15:54:39 745] isr_local  585  esr_flush_buf_audio buffer audio num:  0  
[2023/09/06 15:54:39 746] isr_local  630  local engine started  
[2023/09/06 15:54:39 793] isr_local  2126 ASR_LOCAL_MSG_AUW  
[2023/09/06 15:54:39 793] isr_local  1558 auwl =   3200  
[2023/09/06 15:54:39 793] isr_local  2135 esr_audio_write, ret =  nil  
[2023/09/06 15:54:39 793] isr_local  2265 last gc at  1693986879  
[2023/09/06 15:54:39 890] isr_local  2126 ASR_LOCAL_MSG_AUW  
[2023/09/06 15:54:39 891] isr_local  1558 auwl =   3200  
[2023/09/06 15:54:39 891] isr_local  2135 esr_audio_write, ret =  nil  
[2023/09/06 15:54:39 891] isr_local  2265 last gc at  1693986879  
[2023/09/06 15:54:39 996] isr_local  2126 ASR_LOCAL_MSG_AUW  
[2023/09/06 15:54:39 996] isr_local  1558 auwl =   3200  
[2023/09/06 15:54:39 997] isr_local  2135 esr_audio_write, ret =  nil  
[2023/09/06 15:54:39 997] isr_local  2265 last gc at  1693986879  
[2023/09/06 15:54:40 089] isr_local  2126 ASR_LOCAL_MSG_AUW  
[2023/09/06 15:54:40 090] isr_local  1558 auwl =   3200  
[2023/09/06 15:54:40 091] isr_local  2135 esr_audio_write, ret =  nil  
[2023/09/06 15:54:40 091] isr_local  2265 last gc at  1693986879  
[2023/09/06 15:54:40 190] isr_local  2126 ASR_LOCAL_MSG_AUW  
[2023/09/06 15:54:40 190] isr_local  1558 auwl =   3200  
[2023/09/06 15:54:40 191] isr_local  2135 esr_audio_write, ret =  nil  
[2023/09/06 15:54:40 192] isr_local  2265 last gc at  1693986879  
[2023/09/06 15:54:40 289] isr_local  2126 ASR_LOCAL_MSG_AUW  
[2023/09/06 15:54:40 290] isr_local  1558 auwl =   3200  
[2023/09/06 15:54:40 291] isr_local  2135 esr_audio_write, ret =  nil  
[2023/09/06 15:54:40 291] isr_local  2265 last gc at  1693986879  
[2023/09/06 15:54:40 389] isr_local  2126 ASR_LOCAL_MSG_AUW  
[2023/09/06 15:54:40 390] isr_local  1558 auwl =   3200  
[2023/09/06 15:54:40 391] isr_local  2135 esr_audio_write, ret =  nil  
[2023/09/06 15:54:40 391] isr_local  2265 last gc at  1693986879  
[2023/09/06 15:54:40 491] isr_local  2126 ASR_LOCAL_MSG_AUW  
[2023/09/06 15:54:40 491] isr_local  1558 auwl =   3200  
[2023/09/06 15:54:40 492] isr_local  2135 esr_audio_write, ret =  nil  
[2023/09/06 15:54:40 492] isr_local  2265 last gc at  1693986879  
[2023/09/06 15:54:40 590] isr_local  2126 ASR_LOCAL_MSG_AUW  
[2023/09/06 15:54:40 591] isr_local  1558 auwl =   3200  
[2023/09/06 15:54:40 591] isr_local  2135 esr_audio_write, ret =  nil  
[2023/09/06 15:54:40 592] isr_local  2265 last gc at  1693986879  
[2023/09/06 15:54:40 686] isr_local  2126 ASR_LOCAL_MSG_AUW  
[2023/09/06 15:54:40 686] isr_local  1558 auwl =   3200  
[2023/09/06 15:54:40 687] isr_local  2135 esr_audio_write, ret =  nil  
[2023/09/06 15:54:40 687] isr_local  2265 last gc at  1693986879  
[2023/09/06 15:54:40 786] isr_local  2126 ASR_LOCAL_MSG_AUW  
[2023/09/06 15:54:40 786] isr_local  1558 auwl =   3200  
[2023/09/06 15:54:40 786] isr_local  2135 esr_audio_write, ret =  nil  
[2023/09/06 15:54:40 786] isr_local  2265 last gc at  1693986879  
[2023/09/06 15:54:40 886] isr_local  2126 ASR_LOCAL_MSG_AUW  
[2023/09/06 15:54:40 886] isr_local  1558 auwl =   3200  
[2023/09/06 15:54:40 886] isr_local  2135 esr_audio_write, ret =  nil  
[2023/09/06 15:54:40 886] isr_local  2265 last gc at  1693986879  
[2023/09/06 15:54:40 986] isr_local  2126 ASR_LOCAL_MSG_AUW  
[2023/09/06 15:54:40 986] isr_local  1558 auwl =   3200  
[2023/09/06 15:54:40 986] isr_local  2135 esr_audio_write, ret =  nil  
[2023/09/06 15:54:40 986] isr_local  2265 last gc at  1693986879  
[2023/09/06 15:54:41 086] isr_local  2126 ASR_LOCAL_MSG_AUW  
[2023/09/06 15:54:41 086] isr_local  1558 auwl =   3200  
[2023/09/06 15:54:41 086] isr_local  2135 esr_audio_write, ret =  nil  
[2023/09/06 15:54:41 086] isr_local  2265 last gc at  1693986879  
[2023/09/06 15:54:41 186] isr_local  2126 ASR_LOCAL_MSG_AUW  
[2023/09/06 15:54:41 186] isr_local  1558 auwl =   3200  
[2023/09/06 15:54:41 186] isr_local  2135 esr_audio_write, ret =  nil  
[2023/09/06 15:54:41 186] isr_local  2265 last gc at  1693986879  
[2023/09/06 15:54:41 286] isr_local  2126 ASR_LOCAL_MSG_AUW  
[2023/09/06 15:54:41 286] isr_local  1558 auwl =   3200  
[2023/09/06 15:54:41 286] isr_local  2135 esr_audio_write, ret =  nil  
[2023/09/06 15:54:41 286] isr_local  2265 last gc at  1693986879  
[2023/09/06 15:54:41 386] isr_local  2126 ASR_LOCAL_MSG_AUW  
[2023/09/06 15:54:41 386] isr_local  1558 auwl =   3200  
[2023/09/06 15:54:41 386] isr_local  2135 esr_audio_write, ret =  nil  
[2023/09/06 15:54:41 386] isr_local  2265 last gc at  1693986879  
[2023/09/06 15:54:41 487] isr_local  2126 ASR_LOCAL_MSG_AUW  
[2023/09/06 15:54:41 487] isr_local  1558 auwl =   3200  
[2023/09/06 15:54:41 488] isr_local  2135 esr_audio_write, ret =  nil  
[2023/09/06 15:54:41 489] isr_local  2265 last gc at  1693986879  
[2023/09/06 15:54:41 586] isr_local  2126 ASR_LOCAL_MSG_AUW  
[2023/09/06 15:54:41 586] isr_local  1558 auwl =   3200  
[2023/09/06 15:54:41 586] isr_local  2135 esr_audio_write, ret =  nil  
[2023/09/06 15:54:41 586] isr_local  2265 last gc at  1693986879  
[2023/09/06 15:54:41 686] isr_local  2126 ASR_LOCAL_MSG_AUW  
[2023/09/06 15:54:41 686] isr_local  1558 auwl =   3200  
[2023/09/06 15:54:41 686] isr_local  2135 esr_audio_write, ret =  nil  
[2023/09/06 15:54:41 686] isr_local  2265 last gc at  1693986879  
[2023/09/06 15:54:41 786] isr_local  2126 ASR_LOCAL_MSG_AUW  
[2023/09/06 15:54:41 786] isr_local  1558 auwl =   3200  
[2023/09/06 15:54:41 786] isr_local  2135 esr_audio_write, ret =  nil  
[2023/09/06 15:54:41 786] isr_local  2265 last gc at  1693986879  
[2023/09/06 15:54:41 886] isr_local  2126 ASR_LOCAL_MSG_AUW  
[2023/09/06 15:54:41 886] isr_local  1558 auwl =   3200  
[2023/09/06 15:54:41 886] isr_local  2135 esr_audio_write, ret =  nil  
[2023/09/06 15:54:41 886] isr_local  2265 last gc at  1693986879  
[2023/09/06 15:54:41 986] isr_local  2126 ASR_LOCAL_MSG_AUW  
[2023/09/06 15:54:41 986] isr_local  1558 auwl =   3200  
[2023/09/06 15:54:41 986] isr_local  2135 esr_audio_write, ret =  nil  
[2023/09/06 15:54:41 986] isr_local  2265 last gc at  1693986879  
[2023/09/06 15:54:42 087] isr_local  2126 ASR_LOCAL_MSG_AUW  
[2023/09/06 15:54:42 087] isr_local  1558 auwl =   3200  
[2023/09/06 15:54:42 088] isr_local  2135 esr_audio_write, ret =  nil  
[2023/09/06 15:54:42 089] isr_local  2265 last gc at  1693986879  
[2023/09/06 15:54:42 193] isr_local  2126 ASR_LOCAL_MSG_AUW  
[2023/09/06 15:54:42 193] isr_local  1558 auwl =   3200  
[2023/09/06 15:54:42 193] isr_local  2135 esr_audio_write, ret =  nil  
[2023/09/06 15:54:42 193] isr_local  2265 last gc at  1693986879  
[2023/09/06 15:54:42 286] isr_local  2126 ASR_LOCAL_MSG_AUW  
[2023/09/06 15:54:42 286] isr_local  1558 auwl =   3200  
[2023/09/06 15:54:42 286] isr_local  2135 esr_audio_write, ret =  nil  
[2023/09/06 15:54:42 286] isr_local  2265 last gc at  1693986879  
[2023/09/06 15:54:42 386] isr_local  2126 ASR_LOCAL_MSG_AUW  
[2023/09/06 15:54:42 386] isr_local  1558 auwl =   3200  
[2023/09/06 15:54:42 386] isr_local  2135 esr_audio_write, ret =  nil  
[2023/09/06 15:54:42 386] isr_local  2265 last gc at  1693986879  
[2023/09/06 15:54:42 486] isr_local  2126 ASR_LOCAL_MSG_AUW  
[2023/09/06 15:54:42 486] isr_local  1558 auwl =   3200  
[2023/09/06 15:54:42 486] isr_local  2135 esr_audio_write, ret =  nil  
[2023/09/06 15:54:42 486] isr_local  2265 last gc at  1693986879  
[2023/09/06 15:54:42 585] isr_local  2126 ASR_LOCAL_MSG_AUW  
[2023/09/06 15:54:42 586] isr_local  1558 auwl =   2560  
[2023/09/06 15:54:42 589] isr_local  2135 esr_audio_write, ret =  nil  
[2023/09/06 15:54:42 591] isr_local  2265 last gc at  1693986879  
[2023/09/06 15:54:42 629] transport  306  [dns] [1] timeout!   
[2023/09/06 15:54:42 629] transport  74   dns_failed  
[2023/09/06 15:54:42 629] network    90   ipfromenv ,  ipcache  open.xf-yun.com  def  nil  
[2023/09/06 15:54:42 629] network    90   ipfromenv ,  ipcfg  open.xf-yun.com  def  nil  
[2023/09/06 15:54:42 629] transport  1298 [soc] connect   116.213.69.195  80  
[2023/09/06 15:54:42 630] transport  1310 mspsoc.open,prot_type=  tcp  
[2023/09/06 15:54:42 631] network    231  dns timeout!  ns1  
[2023/09/06 15:54:42 631] ns         457  ns dns failed, err =   10114  
[2023/09/06 15:54:42 631] network    445  gethttpresp2  117.121.48.5  80  ns2  
[2023/09/06 15:54:42 631] network    465  prot_type  tcp  
[2023/09/06 15:54:42 638] transport  539  MSC:[soc] [1] error 10202 113!  
[2023/09/06 15:54:42 662] transport  64   clear_ip ip_type =  nil  
[2023/09/06 15:54:42 662] transport  339  soc_conn_failed  
[2023/09/06 15:54:42 662] network    95   iptoenv ,  ipcache  open.xf-yun.com  def  nil  
[2023/09/06 15:54:42 663] transport  413  switch 80  
[2023/09/06 15:54:42 664] transport  1326 [soc] disconnect   
[2023/09/06 15:54:42 664] isr_local  669  final result will throw out next!  
[2023/09/06 15:54:42 664] isr_local  679  nRecognizeState:  1  
[2023/09/06 15:54:42 664] isr_local  680  nConfidenceScore:  66  
[2023/09/06 15:54:42 664] isr_local  728  result_type :   xml  
[2023/09/06 15:54:42 665] isr_local  729  result_encoding :   UTF-8  
[2023/09/06 15:54:42 665] isr_local  730  is iat :   false  
[2023/09/06 15:54:42 665] isr_local  469  item_count:1  
[2023/09/06 15:54:42 665] isr_local  469  item_count:1  
[2023/09/06 15:54:42 665] isr_local  293  nil  
[2023/09/06 15:54:42 665] isr_local  675  recognized end!  
[2023/09/06 15:54:42 672] isr_local  2140 ASR_LOCAL_MSG_SSE  
[2023/09/06 15:54:42 672] isr_local  1518 esr_session_end | esr_obj:stop ret =  0  
[2023/09/06 15:54:42 672] isr_local  2142 esr_session_end, ret =  0  
[2023/09/06 15:54:42 679] isr_local  2265 last gc at  1693986879  
[2023/09/06 15:54:42 718] isr_local  2182 SYS_MSG_SHUTDOWN_LOCAL  
[2023/09/06 15:54:42 778] isr_local  2265 last gc at  1693986879  
============================================================
Time  2023/09/06 15:55:02 875 
============================================================
[2023/09/06 15:55:02 875] isr_local  2168 os_type is:  Linux  
[2023/09/06 15:55:02 875] isr_local  2177 SYS_MSG_LOAD_LOCAL  
[2023/09/06 15:55:02 875] isr_local  2265 last gc at  1693986902  
[2023/09/06 15:55:02 876] isr_local  2206 SYS_MSG_REGCB_LOCAL| param0 =  msp_status_cb  
[2023/09/06 15:55:02 876] isr_local  2265 last gc at  1693986902  
[2023/09/06 15:55:02 876] isr_local  2206 SYS_MSG_REGCB_LOCAL| param0 =  local_service_cbmsg  
[2023/09/06 15:55:02 877] isr_local  2265 last gc at  1693986902  
[2023/09/06 15:55:02 877] isr_local  2114 ASR_LOCAL_MSG_SSB  
[2023/09/06 15:55:02 877] isr_local  1251 esr_session_begin | params:  engine_type=local,asr_res_path=fo|res/asr/common.jet,sample_rate=16000,grm_build_path=res/asr/GrmBuilld,local_grammar=call,result_type=xml,result_encoding=UTF-8  
[2023/09/06 15:55:02 877] isr_local  803  engine_type  :  local  
[2023/09/06 15:55:02 877] isr_local  803  asr_res_path  :  fo|res/asr/common.jet  
[2023/09/06 15:55:02 877] isr_local  803  sample_rate  :  16000  
[2023/09/06 15:55:02 878] isr_local  803  grm_build_path  :  res/asr/GrmBuilld  
[2023/09/06 15:55:02 878] isr_local  803  local_grammar  :  call  
[2023/09/06 15:55:02 878] isr_local  803  result_type  :  xml  
[2023/09/06 15:55:02 878] isr_local  803  result_encoding  :  UTF-8  
[2023/09/06 15:55:02 878] isr_local  1280 init aitalk in ssb  
[2023/09/06 15:55:02 878] isr_local  1162 esr_init | params:  engine_type=local,asr_res_path=fo|res/asr/common.jet,sample_rate=16000,grm_build_path=res/asr/GrmBuilld,local_grammar=call,result_type=xml,result_encoding=UTF-8  
[2023/09/06 15:55:02 878] isr_local  803  engine_type  :  local  
[2023/09/06 15:55:02 879] isr_local  803  asr_res_path  :  fo|res/asr/common.jet  
[2023/09/06 15:55:02 879] isr_local  803  sample_rate  :  16000  
[2023/09/06 15:55:02 879] isr_local  803  grm_build_path  :  res/asr/GrmBuilld  
[2023/09/06 15:55:02 879] isr_local  803  local_grammar  :  call  
[2023/09/06 15:55:02 879] isr_local  803  result_type  :  xml  
[2023/09/06 15:55:02 879] isr_local  803  result_encoding  :  UTF-8  
[2023/09/06 15:55:02 879] isr_local  1083  lucEsr.new   
[2023/09/06 15:55:02 880] isr_local  1000 file count =   1  
[2023/09/06 15:55:02 880] isr_local  923  file open type is:   fo  
[2023/09/06 15:55:02 880] isr_local  956  res/asr/common.jet  0  0  
[2023/09/06 15:55:02 880] isr_local  1018 speech_plus_setting  0  
[2023/09/06 15:55:02 880] isr_local  1031 2  nil  res/asr/common.jet  0  0  
[2023/09/06 15:55:02 881] isr_local  1033 res_ver  2  
[2023/09/06 15:55:02 881] isr_local  1034 res 5  62dd61c88201165be2937d82ec3543bf  
[2023/09/06 15:55:02 881] isr_local  1035 res_new_old_mark  v5pp  
[2023/09/06 15:55:02 881] isr_local  1036 res_usr_name  ""  
[2023/09/06 15:55:02 881] isr_local  1037 res_expires    
[2023/09/06 15:55:02 881] isr_local  1038 err  0  
[2023/09/06 15:55:02 881] isr_local  1054 lgi appid 5  62dd61c88201165be2937d82ec3543bf  
[2023/09/06 15:55:02 881] isr_local  1065 res_expires is null  
[2023/09/06 15:55:02 882] auth       74   aitalk  app  nil  nil  {"aitalk":{"ver":"2","bus":{"forbid":"0","nlimit":2020}}}  
[2023/09/06 15:55:02 883] auth       312  nil  
[2023/09/06 15:55:02 908] isr_local  1294 authorized_aitalk=  nil  
[2023/09/06 15:55:02 908] isr_local  1295 forbid_aitalk=  0  
[2023/09/06 15:55:02 909] auth       570  aitalk  table(88063df0) nil  nil  appid = 5e7d9f3e  
[2023/09/06 15:55:02 909] auth       579  app  nil  nil  nil  
[2023/09/06 15:55:02 909] auth       636  ath rquest  {"authorize":[{"busin":"aitalk","ver":"2.1.1"}]}  
[2023/09/06 15:55:02 913] transport  642  paramkvsport is   nil  
[2023/09/06 15:55:02 913] transport  654  ns_enable=  1  
[2023/09/06 15:55:02 913] transport  656  2017-08--24 is_ns_need_close =   nil  
[2023/09/06 15:55:02 914] transport  662  net.nettype=  standard  
[2023/09/06 15:55:02 914] transport  672  url.full=  nil  
[2023/09/06 15:55:02 914] transport  673  urltmp=  nil  
[2023/09/06 15:55:02 914] transport  677  server_url_host=, server_url_port=, server_url_path=  open.xf-yun.com  nil  /msp.do  
[2023/09/06 15:55:02 915] transport  705  url.full=  nil  
[2023/09/06 15:55:02 915] transport  890  switch 80  
[2023/09/06 15:55:02 915] transport  902  net type:  standard  
[2023/09/06 15:55:02 915] transport  903  net operator:  def  
[2023/09/06 15:55:02 915] transport  904  use proxy:  false  
[2023/09/06 15:55:02 916] auth       691  not login!  
[2023/09/06 15:55:02 916] auth       528  [session] send auth request  
[2023/09/06 15:55:02 916] transport  1102 session.domain=  open.xf-yun.com  
[2023/09/06 15:55:02 917] transport  1103 url.host=  open.xf-yun.com  
[2023/09/06 15:55:02 917] transport  1080 NAMESERVER START  
[2023/09/06 15:55:02 917] transport  1083 name =   ath  
[2023/09/06 15:55:02 917] ns         629  ntt=  standard  
[2023/09/06 15:55:02 917] transport  1086 trans,ns_inprog =  0  
[2023/09/06 15:55:02 918] ns         585  name server start  
[2023/09/06 15:55:02 918] ns         586  ns_sub =   ath  
[2023/09/06 15:55:02 918] ns         588  ns_host=  open.xf-yun.com  
[2023/09/06 15:55:02 918] ns         479  ns_host=  open.xf-yun.com  
[2023/09/06 15:55:02 919] ns         558  GET /sip/resolver?srand=0906155511.32 HTTP/1.1
Host: hdns.openspeech.cn
Connection: Keep-Alive
X-Par: ver=1.3&appid=5e7d9f3e&operator=UNKNOW&nettype=STANDARD&cver=5.0.38.1195&svc=ath&host=open.xf-yun.com&sign=2fe6395a6b8305fcb07aafe55b57ab0f
User-Agent: iFLYCloud

  
[2023/09/06 15:55:02 919] ns         559  net_type =  standard  
[2023/09/06 15:55:02 919] ns         560  cmwapascmnet =  
[2023/09/06 15:55:02 920] ns         561  uniwapasuninet =  
[2023/09/06 15:55:02 920] ns         562  ctwapasctnet =  
[2023/09/06 15:55:02 920] ns         579  host=  hdns.openspeech.cn  
[2023/09/06 15:55:02 920] network    263  gethostbyname  hdns.openspeech.cn  ns1  
[2023/09/06 15:55:02 922] auth       535  0  
[2023/09/06 15:55:02 924] auth       498  lver:  nil  
[2023/09/06 15:55:02 924] auth       503  cfg_ver:  nil  
[2023/09/06 15:55:02 924] transport  1849 transport_obj.send | in  
[2023/09/06 15:55:02 925] transport  1855 self.msg_flag_q  table(88080e20) 
[2023/09/06 15:55:02 925] transport  1856 self.msg_q  table(8802b5d0) 
[2023/09/06 15:55:02 925] transport  1788 transport_obj.try2send | in  
[2023/09/06 15:55:02 925] transport  1789 self.soc  nil  
[2023/09/06 15:55:02 925] transport  1790 self.connected  false  
[2023/09/06 15:55:02 926] transport  1791 self.latesterr  0  
[2023/09/06 15:55:02 926] transport  1862 transport_obj.send | out  
[2023/09/06 15:55:02 927] isr_local  2038 commit path:   res/asr/GrmBuilld/temp/commit  
[2023/09/06 15:55:02 953] isr_local  2076 commit success!  
[2023/09/06 15:55:02 959] isr_local  1409 esr_session_begin | esr_obj:start ret =  0  
[2023/09/06 15:55:02 959] isr_local  2122 esr_session_begin, ret =   0  
[2023/09/06 15:55:02 959] isr_local  2265 last gc at  1693986902  
[2023/09/06 15:55:03 056] isr_local  2126 ASR_LOCAL_MSG_AUW  
[2023/09/06 15:55:03 056] isr_local  601  audio buffered :   udata(88425828) 1  
[2023/09/06 15:55:03 057] isr_local  2265 last gc at  1693986902  
[2023/09/06 15:55:03 058] isr_local  655  local engine ready  
[2023/09/06 15:55:03 058] isr_local  585  esr_flush_buf_audio buffer audio num:  1  
[2023/09/06 15:55:03 059] isr_local  1558 auwl =   3200  
[2023/09/06 15:55:03 059] isr_local  590  esr_audio_write, ret =  0  
[2023/09/06 15:55:03 060] isr_local  630  local engine started  
[2023/09/06 15:55:03 150] isr_local  2126 ASR_LOCAL_MSG_AUW  
[2023/09/06 15:55:03 150] isr_local  1558 auwl =   3200  
[2023/09/06 15:55:03 150] isr_local  2135 esr_audio_write, ret =  nil  
[2023/09/06 15:55:03 151] isr_local  2265 last gc at  1693986902  
[2023/09/06 15:55:03 246] isr_local  2126 ASR_LOCAL_MSG_AUW  
[2023/09/06 15:55:03 246] isr_local  1558 auwl =   3200  
[2023/09/06 15:55:03 247] isr_local  2135 esr_audio_write, ret =  nil  
[2023/09/06 15:55:03 247] isr_local  2265 last gc at  1693986902  
[2023/09/06 15:55:03 352] isr_local  2126 ASR_LOCAL_MSG_AUW  
[2023/09/06 15:55:03 352] isr_local  1558 auwl =   3200  
[2023/09/06 15:55:03 353] isr_local  2135 esr_audio_write, ret =  nil  
[2023/09/06 15:55:03 353] isr_local  2265 last gc at  1693986902  
[2023/09/06 15:55:03 451] isr_local  2126 ASR_LOCAL_MSG_AUW  
[2023/09/06 15:55:03 452] isr_local  1558 auwl =   3200  
[2023/09/06 15:55:03 452] isr_local  2135 esr_audio_write, ret =  nil  
[2023/09/06 15:55:03 453] isr_local  2265 last gc at  1693986902  
[2023/09/06 15:55:03 551] isr_local  2126 ASR_LOCAL_MSG_AUW  
[2023/09/06 15:55:03 552] isr_local  1558 auwl =   3200  
[2023/09/06 15:55:03 552] isr_local  2135 esr_audio_write, ret =  nil  
[2023/09/06 15:55:03 553] isr_local  2265 last gc at  1693986902  
[2023/09/06 15:55:03 651] isr_local  2126 ASR_LOCAL_MSG_AUW  
[2023/09/06 15:55:03 652] isr_local  1558 auwl =   3200  
[2023/09/06 15:55:03 652] isr_local  2135 esr_audio_write, ret =  nil  
[2023/09/06 15:55:03 653] isr_local  2265 last gc at  1693986902  
[2023/09/06 15:55:03 751] isr_local  2126 ASR_LOCAL_MSG_AUW  
[2023/09/06 15:55:03 751] isr_local  1558 auwl =   3200  
[2023/09/06 15:55:03 752] isr_local  2135 esr_audio_write, ret =  nil  
[2023/09/06 15:55:03 752] isr_local  2265 last gc at  1693986902  
[2023/09/06 15:55:03 846] isr_local  2126 ASR_LOCAL_MSG_AUW  
[2023/09/06 15:55:03 846] isr_local  1558 auwl =   3200  
[2023/09/06 15:55:03 846] isr_local  2135 esr_audio_write, ret =  nil  
[2023/09/06 15:55:03 846] isr_local  2265 last gc at  1693986902  
[2023/09/06 15:55:03 951] isr_local  2126 ASR_LOCAL_MSG_AUW  
[2023/09/06 15:55:03 952] isr_local  1558 auwl =   3200  
[2023/09/06 15:55:03 953] isr_local  2135 esr_audio_write, ret =  nil  
[2023/09/06 15:55:03 953] isr_local  2265 last gc at  1693986902  
[2023/09/06 15:55:04 051] isr_local  2126 ASR_LOCAL_MSG_AUW  
[2023/09/06 15:55:04 052] isr_local  1558 auwl =   3200  
[2023/09/06 15:55:04 053] isr_local  2135 esr_audio_write, ret =  nil  
[2023/09/06 15:55:04 053] isr_local  2265 last gc at  1693986902  
[2023/09/06 15:55:04 149] isr_local  2126 ASR_LOCAL_MSG_AUW  
[2023/09/06 15:55:04 150] isr_local  1558 auwl =   3200  
[2023/09/06 15:55:04 150] isr_local  2135 esr_audio_write, ret =  nil  
[2023/09/06 15:55:04 151] isr_local  2265 last gc at  1693986902  
[2023/09/06 15:55:04 248] isr_local  2126 ASR_LOCAL_MSG_AUW  
[2023/09/06 15:55:04 248] isr_local  1558 auwl =   3200  
[2023/09/06 15:55:04 249] isr_local  2135 esr_audio_write, ret =  nil  
[2023/09/06 15:55:04 249] isr_local  2265 last gc at  1693986902  
[2023/09/06 15:55:04 348] isr_local  2126 ASR_LOCAL_MSG_AUW  
[2023/09/06 15:55:04 348] isr_local  1558 auwl =   3200  
[2023/09/06 15:55:04 349] isr_local  2135 esr_audio_write, ret =  nil  
[2023/09/06 15:55:04 349] isr_local  2265 last gc at  1693986902  
[2023/09/06 15:55:04 448] isr_local  2126 ASR_LOCAL_MSG_AUW  
[2023/09/06 15:55:04 448] isr_local  1558 auwl =   3200  
[2023/09/06 15:55:04 449] isr_local  2135 esr_audio_write, ret =  nil  
[2023/09/06 15:55:04 449] isr_local  2265 last gc at  1693986902  
[2023/09/06 15:55:04 548] isr_local  2126 ASR_LOCAL_MSG_AUW  
[2023/09/06 15:55:04 548] isr_local  1558 auwl =   3200  
[2023/09/06 15:55:04 549] isr_local  2135 esr_audio_write, ret =  nil  
[2023/09/06 15:55:04 549] isr_local  2265 last gc at  1693986902  
[2023/09/06 15:55:04 648] isr_local  2126 ASR_LOCAL_MSG_AUW  
[2023/09/06 15:55:04 648] isr_local  1558 auwl =   3200  
[2023/09/06 15:55:04 649] isr_local  2135 esr_audio_write, ret =  nil  
[2023/09/06 15:55:04 649] isr_local  2265 last gc at  1693986902  
[2023/09/06 15:55:04 748] isr_local  2126 ASR_LOCAL_MSG_AUW  
[2023/09/06 15:55:04 748] isr_local  1558 auwl =   3200  
[2023/09/06 15:55:04 749] isr_local  2135 esr_audio_write, ret =  nil  
[2023/09/06 15:55:04 749] isr_local  2265 last gc at  1693986902  
[2023/09/06 15:55:04 848] isr_local  2126 ASR_LOCAL_MSG_AUW  
[2023/09/06 15:55:04 848] isr_local  1558 auwl =   3200  
[2023/09/06 15:55:04 849] isr_local  2135 esr_audio_write, ret =  nil  
[2023/09/06 15:55:04 849] isr_local  2265 last gc at  1693986902  
[2023/09/06 15:55:04 947] isr_local  2126 ASR_LOCAL_MSG_AUW  
[2023/09/06 15:55:04 948] isr_local  1558 auwl =   3200  
[2023/09/06 15:55:04 948] isr_local  2135 esr_audio_write, ret =  nil  
[2023/09/06 15:55:04 948] isr_local  2265 last gc at  1693986902  
[2023/09/06 15:55:05 048] isr_local  2126 ASR_LOCAL_MSG_AUW  
[2023/09/06 15:55:05 048] isr_local  1558 auwl =   3200  
[2023/09/06 15:55:05 048] isr_local  2135 esr_audio_write, ret =  nil  
[2023/09/06 15:55:05 049] isr_local  2265 last gc at  1693986902  
[2023/09/06 15:55:05 157] isr_local  2126 ASR_LOCAL_MSG_AUW  
[2023/09/06 15:55:05 158] isr_local  1558 auwl =   3200  
[2023/09/06 15:55:05 159] isr_local  2135 esr_audio_write, ret =  nil  
[2023/09/06 15:55:05 159] isr_local  2265 last gc at  1693986902  
[2023/09/06 15:55:05 257] isr_local  2126 ASR_LOCAL_MSG_AUW  
[2023/09/06 15:55:05 258] isr_local  1558 auwl =   3200  
[2023/09/06 15:55:05 259] isr_local  2135 esr_audio_write, ret =  nil  
[2023/09/06 15:55:05 259] isr_local  2265 last gc at  1693986902  
[2023/09/06 15:55:05 357] isr_local  2126 ASR_LOCAL_MSG_AUW  
[2023/09/06 15:55:05 358] isr_local  1558 auwl =   3200  
[2023/09/06 15:55:05 359] isr_local  2135 esr_audio_write, ret =  nil  
[2023/09/06 15:55:05 359] isr_local  2265 last gc at  1693986902  
[2023/09/06 15:55:05 443] isr_local  2126 ASR_LOCAL_MSG_AUW  
[2023/09/06 15:55:05 444] isr_local  1558 auwl =   3200  
[2023/09/06 15:55:05 444] isr_local  2135 esr_audio_write, ret =  nil  
[2023/09/06 15:55:05 445] isr_local  2265 last gc at  1693986902  
[2023/09/06 15:55:05 543] isr_local  2126 ASR_LOCAL_MSG_AUW  
[2023/09/06 15:55:05 543] isr_local  1558 auwl =   3200  
[2023/09/06 15:55:05 543] isr_local  2135 esr_audio_write, ret =  nil  
[2023/09/06 15:55:05 543] isr_local  2265 last gc at  1693986902  
[2023/09/06 15:55:05 643] isr_local  2126 ASR_LOCAL_MSG_AUW  
[2023/09/06 15:55:05 643] isr_local  1558 auwl =   3200  
[2023/09/06 15:55:05 643] isr_local  2135 esr_audio_write, ret =  nil  
[2023/09/06 15:55:05 643] isr_local  2265 last gc at  1693986902  
[2023/09/06 15:55:05 743] isr_local  2126 ASR_LOCAL_MSG_AUW  
[2023/09/06 15:55:05 743] isr_local  1558 auwl =   3200  
[2023/09/06 15:55:05 743] isr_local  2135 esr_audio_write, ret =  nil  
[2023/09/06 15:55:05 743] isr_local  2265 last gc at  1693986902  
[2023/09/06 15:55:05 842] isr_local  2126 ASR_LOCAL_MSG_AUW  
[2023/09/06 15:55:05 842] isr_local  1558 auwl =   2560  
[2023/09/06 15:55:05 842] isr_local  2135 esr_audio_write, ret =  nil  
[2023/09/06 15:55:05 842] isr_local  2265 last gc at  1693986902  
[2023/09/06 15:55:05 921] isr_local  669  final result will throw out next!  
[2023/09/06 15:55:05 921] network    231  dns timeout!  ns1  
[2023/09/06 15:55:05 921] ns         457  ns dns failed, err =   10114  
[2023/09/06 15:55:05 921] network    445  gethttpresp2  117.121.48.5  80  ns2  
[2023/09/06 15:55:05 921] network    465  prot_type  tcp  
[2023/09/06 15:55:05 922] isr_local  679  nRecognizeState:  1  
[2023/09/06 15:55:05 922] isr_local  680  nConfidenceScore:  0  
[2023/09/06 15:55:05 922] isr_local  728  result_type :   xml  
[2023/09/06 15:55:05 922] isr_local  729  result_encoding :   UTF-8  
[2023/09/06 15:55:05 922] isr_local  730  is iat :   false  
[2023/09/06 15:55:05 923] isr_local  469  item_count:1  
[2023/09/06 15:55:05 923] isr_local  293  nil  
[2023/09/06 15:55:05 923] transport  306  [dns] [1] timeout!   
[2023/09/06 15:55:05 923] transport  74   dns_failed  
[2023/09/06 15:55:05 924] network    90   ipfromenv ,  ipcache  open.xf-yun.com  def  nil  
[2023/09/06 15:55:05 924] network    90   ipfromenv ,  ipcfg  open.xf-yun.com  def  nil  
[2023/09/06 15:55:05 924] transport  1298 [soc] connect   116.213.69.195  80  
[2023/09/06 15:55:05 924] transport  1310 mspsoc.open,prot_type=  tcp  
[2023/09/06 15:55:05 931] isr_local  675  recognized end!  
[2023/09/06 15:55:05 931] isr_local  2140 ASR_LOCAL_MSG_SSE  
[2023/09/06 15:55:05 931] isr_local  1518 esr_session_end | esr_obj:stop ret =  0  
[2023/09/06 15:55:05 931] isr_local  2142 esr_session_end, ret =  0  
[2023/09/06 15:55:05 934] isr_local  2265 last gc at  1693986902  
[2023/09/06 15:55:05 934] network    418  soc error  10202  ns2  
[2023/09/06 15:55:05 955] ns         256  name server http resp  table(8801afa0) 10202  nil  
[2023/09/06 15:55:05 955] ns         415  ns response failed, err =  10202  
[2023/09/06 15:55:05 962] ns         116  ns_host=  open.xf-yun.com  
[2023/09/06 15:55:05 962] ns         118  use default ip  
[2023/09/06 15:55:05 963] transport  1060 ns_ip =   116.213.69.195  
[2023/09/06 15:55:05 963] transport  1061 ip_type =  def_athopen.xf-yun.com  
[2023/09/06 15:55:05 963] ns         658  no data in ns_q  
[2023/09/06 15:55:05 964] ns         659  conti_ns,ns_inprog =   1  
[2023/09/06 15:55:05 965] isr_local  2182 SYS_MSG_SHUTDOWN_LOCAL  
[2023/09/06 15:55:06 080] isr_local  2265 last gc at  1693986902  
============================================================
Time  2023/09/06 15:56:09 435 
============================================================
[2023/09/06 15:56:09 436] isr_local  2168 os_type is:  Linux  
[2023/09/06 15:56:09 436] isr_local  2177 SYS_MSG_LOAD_LOCAL  
[2023/09/06 15:56:09 436] isr_local  2265 last gc at  1693986968  
[2023/09/06 15:56:09 436] isr_local  2206 SYS_MSG_REGCB_LOCAL| param0 =  msp_status_cb  
[2023/09/06 15:56:09 436] isr_local  2265 last gc at  1693986968  
[2023/09/06 15:56:09 437] isr_local  2206 SYS_MSG_REGCB_LOCAL| param0 =  local_service_cbmsg  
[2023/09/06 15:56:09 437] isr_local  2265 last gc at  1693986968  
[2023/09/06 15:56:09 437] isr_local  2114 ASR_LOCAL_MSG_SSB  
[2023/09/06 15:56:09 437] isr_local  1251 esr_session_begin | params:  engine_type=local,asr_res_path=fo|res/asr/common.jet,sample_rate=16000,grm_build_path=res/asr/GrmBuilld,local_grammar=call,result_type=xml,result_encoding=UTF-8  
[2023/09/06 15:56:09 437] isr_local  803  engine_type  :  local  
[2023/09/06 15:56:09 437] isr_local  803  asr_res_path  :  fo|res/asr/common.jet  
[2023/09/06 15:56:09 438] isr_local  803  sample_rate  :  16000  
[2023/09/06 15:56:09 438] isr_local  803  grm_build_path  :  res/asr/GrmBuilld  
[2023/09/06 15:56:09 438] isr_local  803  local_grammar  :  call  
[2023/09/06 15:56:09 438] isr_local  803  result_type  :  xml  
[2023/09/06 15:56:09 438] isr_local  803  result_encoding  :  UTF-8  
[2023/09/06 15:56:09 438] isr_local  1280 init aitalk in ssb  
[2023/09/06 15:56:09 438] isr_local  1162 esr_init | params:  engine_type=local,asr_res_path=fo|res/asr/common.jet,sample_rate=16000,grm_build_path=res/asr/GrmBuilld,local_grammar=call,result_type=xml,result_encoding=UTF-8  
[2023/09/06 15:56:09 438] isr_local  803  engine_type  :  local  
[2023/09/06 15:56:09 438] isr_local  803  asr_res_path  :  fo|res/asr/common.jet  
[2023/09/06 15:56:09 438] isr_local  803  sample_rate  :  16000  
[2023/09/06 15:56:09 439] isr_local  803  grm_build_path  :  res/asr/GrmBuilld  
[2023/09/06 15:56:09 439] isr_local  803  local_grammar  :  call  
[2023/09/06 15:56:09 439] isr_local  803  result_type  :  xml  
[2023/09/06 15:56:09 439] isr_local  803  result_encoding  :  UTF-8  
[2023/09/06 15:56:09 439] isr_local  1083  lucEsr.new   
[2023/09/06 15:56:09 439] isr_local  1000 file count =   1  
[2023/09/06 15:56:09 439] isr_local  923  file open type is:   fo  
[2023/09/06 15:56:09 439] isr_local  956  res/asr/common.jet  0  0  
[2023/09/06 15:56:09 439] isr_local  1018 speech_plus_setting  0  
[2023/09/06 15:56:09 440] isr_local  1031 2  nil  res/asr/common.jet  0  0  
[2023/09/06 15:56:09 440] isr_local  1033 res_ver  2  
[2023/09/06 15:56:09 440] isr_local  1034 res 5  62dd61c88201165be2937d82ec3543bf  
[2023/09/06 15:56:09 440] isr_local  1035 res_new_old_mark  v5pp  
[2023/09/06 15:56:09 440] isr_local  1036 res_usr_name  ""  
[2023/09/06 15:56:09 440] isr_local  1037 res_expires    
[2023/09/06 15:56:09 440] isr_local  1038 err  0  
[2023/09/06 15:56:09 440] isr_local  1054 lgi appid 5  62dd61c88201165be2937d82ec3543bf  
[2023/09/06 15:56:09 440] isr_local  1065 res_expires is null  
[2023/09/06 15:56:09 441] auth       74   aitalk  app  nil  nil  {"aitalk":{"ver":"2","bus":{"forbid":"0","nlimit":2020}}}  
[2023/09/06 15:56:09 441] auth       312  nil  
[2023/09/06 15:56:09 463] isr_local  1294 authorized_aitalk=  nil  
[2023/09/06 15:56:09 463] isr_local  1295 forbid_aitalk=  0  
[2023/09/06 15:56:09 463] auth       570  aitalk  table(80063fa0) nil  nil  appid = 5e7d9f3e  
[2023/09/06 15:56:09 463] auth       579  app  nil  nil  nil  
[2023/09/06 15:56:09 463] auth       636  ath rquest  {"authorize":[{"busin":"aitalk","ver":"2.1.1"}]}  
[2023/09/06 15:56:09 466] transport  642  paramkvsport is   nil  
[2023/09/06 15:56:09 466] transport  654  ns_enable=  1  
[2023/09/06 15:56:09 466] transport  656  2017-08--24 is_ns_need_close =   nil  
[2023/09/06 15:56:09 466] transport  662  net.nettype=  standard  
[2023/09/06 15:56:09 466] transport  672  url.full=  nil  
[2023/09/06 15:56:09 466] transport  673  urltmp=  nil  
[2023/09/06 15:56:09 466] transport  677  server_url_host=, server_url_port=, server_url_path=  open.xf-yun.com  nil  /msp.do  
[2023/09/06 15:56:09 467] transport  705  url.full=  nil  
[2023/09/06 15:56:09 467] transport  890  switch 80  
[2023/09/06 15:56:09 467] transport  902  net type:  standard  
[2023/09/06 15:56:09 467] transport  903  net operator:  def  
[2023/09/06 15:56:09 467] transport  904  use proxy:  false  
[2023/09/06 15:56:09 467] auth       691  not login!  
[2023/09/06 15:56:09 467] auth       528  [session] send auth request  
[2023/09/06 15:56:09 467] transport  1102 session.domain=  open.xf-yun.com  
[2023/09/06 15:56:09 467] transport  1103 url.host=  open.xf-yun.com  
[2023/09/06 15:56:09 468] transport  1080 NAMESERVER START  
[2023/09/06 15:56:09 468] transport  1083 name =   ath  
[2023/09/06 15:56:09 468] ns         629  ntt=  standard  
[2023/09/06 15:56:09 468] transport  1086 trans,ns_inprog =  0  
[2023/09/06 15:56:09 468] ns         585  name server start  
[2023/09/06 15:56:09 468] ns         586  ns_sub =   ath  
[2023/09/06 15:56:09 468] ns         588  ns_host=  open.xf-yun.com  
[2023/09/06 15:56:09 468] ns         479  ns_host=  open.xf-yun.com  
[2023/09/06 15:56:09 468] ns         558  GET /sip/resolver?srand=0906155611.32 HTTP/1.1
Host: hdns.openspeech.cn
Connection: Keep-Alive
X-Par: ver=1.3&appid=5e7d9f3e&operator=UNKNOW&nettype=STANDARD&cver=5.0.38.1195&svc=ath&host=open.xf-yun.com&sign=9c7aacc69122d40f6721a9e042700955
User-Agent: iFLYCloud

  
[2023/09/06 15:56:09 469] ns         559  net_type =  standard  
[2023/09/06 15:56:09 469] ns         560  cmwapascmnet =  
[2023/09/06 15:56:09 469] ns         561  uniwapasuninet =  
[2023/09/06 15:56:09 469] ns         562  ctwapasctnet =  
[2023/09/06 15:56:09 469] ns         579  host=  hdns.openspeech.cn  
[2023/09/06 15:56:09 469] network    263  gethostbyname  hdns.openspeech.cn  ns1  
[2023/09/06 15:56:09 469] auth       535  0  
[2023/09/06 15:56:09 470] auth       498  lver:  nil  
[2023/09/06 15:56:09 470] auth       503  cfg_ver:  nil  
[2023/09/06 15:56:09 470] transport  1849 transport_obj.send | in  
[2023/09/06 15:56:09 470] transport  1855 self.msg_flag_q  table(8003bce0) 
[2023/09/06 15:56:09 470] transport  1856 self.msg_q  table(8003d3d0) 
[2023/09/06 15:56:09 470] transport  1788 transport_obj.try2send | in  
[2023/09/06 15:56:09 471] transport  1789 self.soc  nil  
[2023/09/06 15:56:09 471] transport  1790 self.connected  false  
[2023/09/06 15:56:09 471] transport  1791 self.latesterr  0  
[2023/09/06 15:56:09 471] transport  1862 transport_obj.send | out  
[2023/09/06 15:56:09 471] isr_local  2038 commit path:   res/asr/GrmBuilld/temp/commit  
[2023/09/06 15:56:09 481] isr_local  2076 commit success!  
[2023/09/06 15:56:09 485] isr_local  1409 esr_session_begin | esr_obj:start ret =  0  
[2023/09/06 15:56:09 485] isr_local  2122 esr_session_begin, ret =   0  
[2023/09/06 15:56:09 485] isr_local  2265 last gc at  1693986968  
[2023/09/06 15:56:09 583] isr_local  655  local engine ready  
[2023/09/06 15:56:09 583] isr_local  585  esr_flush_buf_audio buffer audio num:  0  
[2023/09/06 15:56:09 583] isr_local  630  local engine started  
[2023/09/06 15:56:09 629] isr_local  2126 ASR_LOCAL_MSG_AUW  
[2023/09/06 15:56:09 629] isr_local  1558 auwl =   3200  
[2023/09/06 15:56:09 630] isr_local  2135 esr_audio_write, ret =  nil  
[2023/09/06 15:56:09 630] isr_local  2265 last gc at  1693986968  
[2023/09/06 15:56:09 729] isr_local  2126 ASR_LOCAL_MSG_AUW  
[2023/09/06 15:56:09 729] isr_local  1558 auwl =   3200  
[2023/09/06 15:56:09 729] isr_local  2135 esr_audio_write, ret =  nil  
[2023/09/06 15:56:09 729] isr_local  2265 last gc at  1693986968  
[2023/09/06 15:56:09 841] isr_local  2126 ASR_LOCAL_MSG_AUW  
[2023/09/06 15:56:09 842] isr_local  1558 auwl =   3200  
[2023/09/06 15:56:09 843] isr_local  2135 esr_audio_write, ret =  nil  
[2023/09/06 15:56:09 843] isr_local  2265 last gc at  1693986968  
[2023/09/06 15:56:09 940] isr_local  2126 ASR_LOCAL_MSG_AUW  
[2023/09/06 15:56:09 941] isr_local  1558 auwl =   3200  
[2023/09/06 15:56:09 942] isr_local  2135 esr_audio_write, ret =  nil  
[2023/09/06 15:56:09 942] isr_local  2265 last gc at  1693986968  
[2023/09/06 15:56:10 042] isr_local  2126 ASR_LOCAL_MSG_AUW  
[2023/09/06 15:56:10 042] isr_local  1558 auwl =   3200  
[2023/09/06 15:56:10 043] isr_local  2135 esr_audio_write, ret =  nil  
[2023/09/06 15:56:10 043] isr_local  2265 last gc at  1693986968  
[2023/09/06 15:56:10 140] isr_local  2126 ASR_LOCAL_MSG_AUW  
[2023/09/06 15:56:10 141] isr_local  1558 auwl =   3200  
[2023/09/06 15:56:10 142] isr_local  2135 esr_audio_write, ret =  nil  
[2023/09/06 15:56:10 142] isr_local  2265 last gc at  1693986968  
[2023/09/06 15:56:10 243] isr_local  2126 ASR_LOCAL_MSG_AUW  
[2023/09/06 15:56:10 244] isr_local  1558 auwl =   3200  
[2023/09/06 15:56:10 244] isr_local  2135 esr_audio_write, ret =  nil  
[2023/09/06 15:56:10 245] isr_local  2265 last gc at  1693986968  
[2023/09/06 15:56:10 341] isr_local  2126 ASR_LOCAL_MSG_AUW  
[2023/09/06 15:56:10 341] isr_local  1558 auwl =   3200  
[2023/09/06 15:56:10 342] isr_local  2135 esr_audio_write, ret =  nil  
[2023/09/06 15:56:10 342] isr_local  2265 last gc at  1693986968  
[2023/09/06 15:56:10 436] isr_local  2126 ASR_LOCAL_MSG_AUW  
[2023/09/06 15:56:10 437] isr_local  1558 auwl =   3200  
[2023/09/06 15:56:10 438] isr_local  2135 esr_audio_write, ret =  nil  
[2023/09/06 15:56:10 438] isr_local  2265 last gc at  1693986968  
[2023/09/06 15:56:10 536] isr_local  2126 ASR_LOCAL_MSG_AUW  
[2023/09/06 15:56:10 537] isr_local  1558 auwl =   3200  
[2023/09/06 15:56:10 538] isr_local  2135 esr_audio_write, ret =  nil  
[2023/09/06 15:56:10 538] isr_local  2265 last gc at  1693986968  
[2023/09/06 15:56:10 636] isr_local  2126 ASR_LOCAL_MSG_AUW  
[2023/09/06 15:56:10 637] isr_local  1558 auwl =   3200  
[2023/09/06 15:56:10 637] isr_local  2135 esr_audio_write, ret =  nil  
[2023/09/06 15:56:10 638] isr_local  2265 last gc at  1693986968  
[2023/09/06 15:56:10 736] isr_local  2126 ASR_LOCAL_MSG_AUW  
[2023/09/06 15:56:10 737] isr_local  1558 auwl =   3200  
[2023/09/06 15:56:10 737] isr_local  2135 esr_audio_write, ret =  nil  
[2023/09/06 15:56:10 738] isr_local  2265 last gc at  1693986968  
[2023/09/06 15:56:10 836] isr_local  2126 ASR_LOCAL_MSG_AUW  
[2023/09/06 15:56:10 837] isr_local  1558 auwl =   3200  
[2023/09/06 15:56:10 838] isr_local  2135 esr_audio_write, ret =  nil  
[2023/09/06 15:56:10 838] isr_local  2265 last gc at  1693986968  
[2023/09/06 15:56:10 936] isr_local  2126 ASR_LOCAL_MSG_AUW  
[2023/09/06 15:56:10 937] isr_local  1558 auwl =   3200  
[2023/09/06 15:56:10 938] isr_local  2135 esr_audio_write, ret =  nil  
[2023/09/06 15:56:10 939] isr_local  2265 last gc at  1693986968  
[2023/09/06 15:56:11 036] isr_local  2126 ASR_LOCAL_MSG_AUW  
[2023/09/06 15:56:11 037] isr_local  1558 auwl =   3200  
[2023/09/06 15:56:11 037] isr_local  2135 esr_audio_write, ret =  nil  
[2023/09/06 15:56:11 038] isr_local  2265 last gc at  1693986968  
[2023/09/06 15:56:11 128] isr_local  2126 ASR_LOCAL_MSG_AUW  
[2023/09/06 15:56:11 128] isr_local  1558 auwl =   3200  
[2023/09/06 15:56:11 128] isr_local  2135 esr_audio_write, ret =  nil  
[2023/09/06 15:56:11 128] isr_local  2265 last gc at  1693986968  
[2023/09/06 15:56:11 228] isr_local  2126 ASR_LOCAL_MSG_AUW  
[2023/09/06 15:56:11 228] isr_local  1558 auwl =   3200  
[2023/09/06 15:56:11 228] isr_local  2135 esr_audio_write, ret =  nil  
[2023/09/06 15:56:11 228] isr_local  2265 last gc at  1693986968  
[2023/09/06 15:56:11 333] isr_local  2126 ASR_LOCAL_MSG_AUW  
[2023/09/06 15:56:11 333] isr_local  1558 auwl =   3200  
[2023/09/06 15:56:11 333] isr_local  2135 esr_audio_write, ret =  nil  
[2023/09/06 15:56:11 333] isr_local  2265 last gc at  1693986968  
[2023/09/06 15:56:11 432] isr_local  2126 ASR_LOCAL_MSG_AUW  
[2023/09/06 15:56:11 432] isr_local  1558 auwl =   3200  
[2023/09/06 15:56:11 433] isr_local  2135 esr_audio_write, ret =  nil  
[2023/09/06 15:56:11 433] isr_local  2265 last gc at  1693986968  
[2023/09/06 15:56:11 526] isr_local  2126 ASR_LOCAL_MSG_AUW  
[2023/09/06 15:56:11 526] isr_local  1558 auwl =   3200  
[2023/09/06 15:56:11 526] isr_local  2135 esr_audio_write, ret =  nil  
[2023/09/06 15:56:11 526] isr_local  2265 last gc at  1693986968  
[2023/09/06 15:56:11 626] isr_local  2126 ASR_LOCAL_MSG_AUW  
[2023/09/06 15:56:11 626] isr_local  1558 auwl =   3200  
[2023/09/06 15:56:11 626] isr_local  2135 esr_audio_write, ret =  nil  
[2023/09/06 15:56:11 626] isr_local  2265 last gc at  1693986968  
[2023/09/06 15:56:11 726] isr_local  2126 ASR_LOCAL_MSG_AUW  
[2023/09/06 15:56:11 726] isr_local  1558 auwl =   3200  
[2023/09/06 15:56:11 726] isr_local  2135 esr_audio_write, ret =  nil  
[2023/09/06 15:56:11 726] isr_local  2265 last gc at  1693986968  
[2023/09/06 15:56:11 826] isr_local  2126 ASR_LOCAL_MSG_AUW  
[2023/09/06 15:56:11 826] isr_local  1558 auwl =   3200  
[2023/09/06 15:56:11 826] isr_local  2135 esr_audio_write, ret =  nil  
[2023/09/06 15:56:11 826] isr_local  2265 last gc at  1693986968  
[2023/09/06 15:56:11 926] isr_local  2126 ASR_LOCAL_MSG_AUW  
[2023/09/06 15:56:11 926] isr_local  1558 auwl =   3200  
[2023/09/06 15:56:11 926] isr_local  2135 esr_audio_write, ret =  nil  
[2023/09/06 15:56:11 926] isr_local  2265 last gc at  1693986968  
[2023/09/06 15:56:12 026] isr_local  2126 ASR_LOCAL_MSG_AUW  
[2023/09/06 15:56:12 026] isr_local  1558 auwl =   3200  
[2023/09/06 15:56:12 026] isr_local  2135 esr_audio_write, ret =  nil  
[2023/09/06 15:56:12 026] isr_local  2265 last gc at  1693986968  
[2023/09/06 15:56:12 126] isr_local  2126 ASR_LOCAL_MSG_AUW  
[2023/09/06 15:56:12 126] isr_local  1558 auwl =   3200  
[2023/09/06 15:56:12 126] isr_local  2135 esr_audio_write, ret =  nil  
[2023/09/06 15:56:12 126] isr_local  2265 last gc at  1693986968  
[2023/09/06 15:56:12 230] isr_local  2126 ASR_LOCAL_MSG_AUW  
[2023/09/06 15:56:12 230] isr_local  1558 auwl =   3200  
[2023/09/06 15:56:12 230] isr_local  2135 esr_audio_write, ret =  nil  
[2023/09/06 15:56:12 230] isr_local  2265 last gc at  1693986968  
[2023/09/06 15:56:12 326] isr_local  2126 ASR_LOCAL_MSG_AUW  
[2023/09/06 15:56:12 326] isr_local  1558 auwl =   3200  
[2023/09/06 15:56:12 326] isr_local  2135 esr_audio_write, ret =  nil  
[2023/09/06 15:56:12 326] isr_local  2265 last gc at  1693986968  
[2023/09/06 15:56:12 424] isr_local  2126 ASR_LOCAL_MSG_AUW  
[2023/09/06 15:56:12 424] isr_local  1558 auwl =   2560  
[2023/09/06 15:56:12 424] isr_local  2135 esr_audio_write, ret =  nil  
[2023/09/06 15:56:12 424] isr_local  2265 last gc at  1693986968  
[2023/09/06 15:56:12 469] transport  306  [dns] [1] timeout!   
[2023/09/06 15:56:12 469] transport  74   dns_failed  
[2023/09/06 15:56:12 469] network    90   ipfromenv ,  ipcache  open.xf-yun.com  def  nil  
[2023/09/06 15:56:12 469] network    90   ipfromenv ,  ipcfg  open.xf-yun.com  def  nil  
[2023/09/06 15:56:12 470] transport  1298 [soc] connect   116.213.69.195  80  
[2023/09/06 15:56:12 470] transport  1310 mspsoc.open,prot_type=  tcp  
[2023/09/06 15:56:12 470] network    231  dns timeout!  ns1  
[2023/09/06 15:56:12 470] ns         457  ns dns failed, err =   10114  
[2023/09/06 15:56:12 470] network    445  gethttpresp2  117.121.48.5  80  ns2  
[2023/09/06 15:56:12 471] network    465  prot_type  tcp  
[2023/09/06 15:56:12 479] transport  539  MSC:[soc] [1] error 10202 113!  
[2023/09/06 15:56:12 479] transport  64   clear_ip ip_type =  nil  
[2023/09/06 15:56:12 479] transport  339  soc_conn_failed  
[2023/09/06 15:56:12 479] network    95   iptoenv ,  ipcache  open.xf-yun.com  def  nil  
[2023/09/06 15:56:12 481] transport  413  switch 80  
[2023/09/06 15:56:12 483] transport  1326 [soc] disconnect   
[2023/09/06 15:56:12 496] isr_local  669  final result will throw out next!  
[2023/09/06 15:56:12 496] isr_local  679  nRecognizeState:  1  
[2023/09/06 15:56:12 496] isr_local  680  nConfidenceScore:  56  
[2023/09/06 15:56:12 496] isr_local  728  result_type :   xml  
[2023/09/06 15:56:12 496] isr_local  729  result_encoding :   UTF-8  
[2023/09/06 15:56:12 496] isr_local  730  is iat :   false  
[2023/09/06 15:56:12 496] isr_local  469  item_count:1  
[2023/09/06 15:56:12 497] isr_local  469  item_count:1  
[2023/09/06 15:56:12 497] isr_local  293  nil  
[2023/09/06 15:56:12 497] isr_local  675  recognized end!  
[2023/09/06 15:56:12 500] isr_local  2140 ASR_LOCAL_MSG_SSE  
[2023/09/06 15:56:12 500] isr_local  1518 esr_session_end | esr_obj:stop ret =  0  
[2023/09/06 15:56:12 500] isr_local  2142 esr_session_end, ret =  0  
[2023/09/06 15:56:12 505] isr_local  2265 last gc at  1693986968  
[2023/09/06 15:56:12 551] isr_local  2182 SYS_MSG_SHUTDOWN_LOCAL  
[2023/09/06 15:56:12 611] isr_local  2265 last gc at  1693986968  
============================================================
Time  2023/09/06 15:56:15 742 
============================================================
[2023/09/06 15:56:15 743] isr_local  2168 os_type is:  Linux  
[2023/09/06 15:56:15 743] isr_local  2177 SYS_MSG_LOAD_LOCAL  
[2023/09/06 15:56:15 743] isr_local  2265 last gc at  1693986975  
[2023/09/06 15:56:15 743] isr_local  2206 SYS_MSG_REGCB_LOCAL| param0 =  msp_status_cb  
[2023/09/06 15:56:15 743] isr_local  2265 last gc at  1693986975  
[2023/09/06 15:56:15 744] isr_local  2206 SYS_MSG_REGCB_LOCAL| param0 =  local_service_cbmsg  
[2023/09/06 15:56:15 744] isr_local  2265 last gc at  1693986975  
[2023/09/06 15:56:15 744] isr_local  2114 ASR_LOCAL_MSG_SSB  
[2023/09/06 15:56:15 744] isr_local  1251 esr_session_begin | params:  engine_type=local,asr_res_path=fo|res/asr/common.jet,sample_rate=16000,grm_build_path=res/asr/GrmBuilld,local_grammar=call,result_type=xml,result_encoding=UTF-8  
[2023/09/06 15:56:15 744] isr_local  803  engine_type  :  local  
[2023/09/06 15:56:15 745] isr_local  803  asr_res_path  :  fo|res/asr/common.jet  
[2023/09/06 15:56:15 745] isr_local  803  sample_rate  :  16000  
[2023/09/06 15:56:15 745] isr_local  803  grm_build_path  :  res/asr/GrmBuilld  
[2023/09/06 15:56:15 745] isr_local  803  local_grammar  :  call  
[2023/09/06 15:56:15 745] isr_local  803  result_type  :  xml  
[2023/09/06 15:56:15 745] isr_local  803  result_encoding  :  UTF-8  
[2023/09/06 15:56:15 745] isr_local  1280 init aitalk in ssb  
[2023/09/06 15:56:15 745] isr_local  1162 esr_init | params:  engine_type=local,asr_res_path=fo|res/asr/common.jet,sample_rate=16000,grm_build_path=res/asr/GrmBuilld,local_grammar=call,result_type=xml,result_encoding=UTF-8  
[2023/09/06 15:56:15 745] isr_local  803  engine_type  :  local  
[2023/09/06 15:56:15 745] isr_local  803  asr_res_path  :  fo|res/asr/common.jet  
[2023/09/06 15:56:15 746] isr_local  803  sample_rate  :  16000  
[2023/09/06 15:56:15 746] isr_local  803  grm_build_path  :  res/asr/GrmBuilld  
[2023/09/06 15:56:15 746] isr_local  803  local_grammar  :  call  
[2023/09/06 15:56:15 746] isr_local  803  result_type  :  xml  
[2023/09/06 15:56:15 746] isr_local  803  result_encoding  :  UTF-8  
[2023/09/06 15:56:15 746] isr_local  1083  lucEsr.new   
[2023/09/06 15:56:15 746] isr_local  1000 file count =   1  
[2023/09/06 15:56:15 746] isr_local  923  file open type is:   fo  
[2023/09/06 15:56:15 746] isr_local  956  res/asr/common.jet  0  0  
[2023/09/06 15:56:15 747] isr_local  1018 speech_plus_setting  0  
[2023/09/06 15:56:15 747] isr_local  1031 2  nil  res/asr/common.jet  0  0  
[2023/09/06 15:56:15 747] isr_local  1033 res_ver  2  
[2023/09/06 15:56:15 747] isr_local  1034 res 5  62dd61c88201165be2937d82ec3543bf  
[2023/09/06 15:56:15 747] isr_local  1035 res_new_old_mark  v5pp  
[2023/09/06 15:56:15 747] isr_local  1036 res_usr_name  ""  
[2023/09/06 15:56:15 747] isr_local  1037 res_expires    
[2023/09/06 15:56:15 747] isr_local  1038 err  0  
[2023/09/06 15:56:15 747] isr_local  1054 lgi appid 5  62dd61c88201165be2937d82ec3543bf  
[2023/09/06 15:56:15 748] isr_local  1065 res_expires is null  
[2023/09/06 15:56:15 748] auth       74   aitalk  app  nil  nil  {"aitalk":{"ver":"2","bus":{"forbid":"0","nlimit":2020}}}  
[2023/09/06 15:56:15 748] auth       312  nil  
[2023/09/06 15:56:15 773] isr_local  1294 authorized_aitalk=  nil  
[2023/09/06 15:56:15 773] isr_local  1295 forbid_aitalk=  0  
[2023/09/06 15:56:15 773] auth       570  aitalk  table(78064260) nil  nil  appid = 5e7d9f3e  
[2023/09/06 15:56:15 773] auth       579  app  nil  nil  nil  
[2023/09/06 15:56:15 773] auth       636  ath rquest  {"authorize":[{"busin":"aitalk","ver":"2.1.1"}]}  
[2023/09/06 15:56:15 776] transport  642  paramkvsport is   nil  
[2023/09/06 15:56:15 776] transport  654  ns_enable=  1  
[2023/09/06 15:56:15 776] transport  656  2017-08--24 is_ns_need_close =   nil  
[2023/09/06 15:56:15 776] transport  662  net.nettype=  standard  
[2023/09/06 15:56:15 776] transport  672  url.full=  nil  
[2023/09/06 15:56:15 776] transport  673  urltmp=  nil  
[2023/09/06 15:56:15 776] transport  677  server_url_host=, server_url_port=, server_url_path=  open.xf-yun.com  nil  /msp.do  
[2023/09/06 15:56:15 777] transport  705  url.full=  nil  
[2023/09/06 15:56:15 777] transport  890  switch 80  
[2023/09/06 15:56:15 777] transport  902  net type:  standard  
[2023/09/06 15:56:15 777] transport  903  net operator:  def  
[2023/09/06 15:56:15 777] transport  904  use proxy:  false  
[2023/09/06 15:56:15 777] auth       691  not login!  
[2023/09/06 15:56:15 777] auth       528  [session] send auth request  
[2023/09/06 15:56:15 777] transport  1102 session.domain=  open.xf-yun.com  
[2023/09/06 15:56:15 777] transport  1103 url.host=  open.xf-yun.com  
[2023/09/06 15:56:15 778] transport  1080 NAMESERVER START  
[2023/09/06 15:56:15 778] transport  1083 name =   ath  
[2023/09/06 15:56:15 778] ns         629  ntt=  standard  
[2023/09/06 15:56:15 778] transport  1086 trans,ns_inprog =  0  
[2023/09/06 15:56:15 778] ns         585  name server start  
[2023/09/06 15:56:15 778] ns         586  ns_sub =   ath  
[2023/09/06 15:56:15 778] ns         588  ns_host=  open.xf-yun.com  
[2023/09/06 15:56:15 778] ns         479  ns_host=  open.xf-yun.com  
[2023/09/06 15:56:15 778] ns         558  GET /sip/resolver?srand=0906155611.32 HTTP/1.1
Host: hdns.openspeech.cn
Connection: Keep-Alive
X-Par: ver=1.3&appid=5e7d9f3e&operator=UNKNOW&nettype=STANDARD&cver=5.0.38.1195&svc=ath&host=open.xf-yun.com&sign=9c7aacc69122d40f6721a9e042700955
User-Agent: iFLYCloud

  
[2023/09/06 15:56:15 779] ns         559  net_type =  standard  
[2023/09/06 15:56:15 779] ns         560  cmwapascmnet =  
[2023/09/06 15:56:15 779] ns         561  uniwapasuninet =  
[2023/09/06 15:56:15 779] ns         562  ctwapasctnet =  
[2023/09/06 15:56:15 779] ns         579  host=  hdns.openspeech.cn  
[2023/09/06 15:56:15 779] network    263  gethostbyname  hdns.openspeech.cn  ns1  
[2023/09/06 15:56:15 780] auth       535  0  
[2023/09/06 15:56:15 780] auth       498  lver:  nil  
[2023/09/06 15:56:15 780] auth       503  cfg_ver:  nil  
[2023/09/06 15:56:15 780] transport  1849 transport_obj.send | in  
[2023/09/06 15:56:15 780] transport  1855 self.msg_flag_q  table(78049ae0) 
[2023/09/06 15:56:15 780] transport  1856 self.msg_q  table(7807d1b0) 
[2023/09/06 15:56:15 781] transport  1788 transport_obj.try2send | in  
[2023/09/06 15:56:15 781] transport  1789 self.soc  nil  
[2023/09/06 15:56:15 781] transport  1790 self.connected  false  
[2023/09/06 15:56:15 781] transport  1791 self.latesterr  0  
[2023/09/06 15:56:15 781] transport  1862 transport_obj.send | out  
[2023/09/06 15:56:15 781] isr_local  2038 commit path:   res/asr/GrmBuilld/temp/commit  
[2023/09/06 15:56:15 794] isr_local  2076 commit success!  
[2023/09/06 15:56:15 802] isr_local  1409 esr_session_begin | esr_obj:start ret =  0  
[2023/09/06 15:56:15 802] isr_local  2122 esr_session_begin, ret =   0  
[2023/09/06 15:56:15 803] isr_local  2265 last gc at  1693986975  
[2023/09/06 15:56:15 813] isr_local  655  local engine ready  
[2023/09/06 15:56:15 813] isr_local  585  esr_flush_buf_audio buffer audio num:  0  
[2023/09/06 15:56:15 814] isr_local  630  local engine started  
[2023/09/06 15:56:15 948] isr_local  2126 ASR_LOCAL_MSG_AUW  
[2023/09/06 15:56:15 948] isr_local  1558 auwl =   3200  
[2023/09/06 15:56:15 949] isr_local  2135 esr_audio_write, ret =  nil  
[2023/09/06 15:56:15 949] isr_local  2265 last gc at  1693986975  
[2023/09/06 15:56:16 052] isr_local  2126 ASR_LOCAL_MSG_AUW  
[2023/09/06 15:56:16 053] isr_local  1558 auwl =   3200  
[2023/09/06 15:56:16 054] isr_local  2135 esr_audio_write, ret =  nil  
[2023/09/06 15:56:16 054] isr_local  2265 last gc at  1693986975  
[2023/09/06 15:56:16 157] isr_local  2126 ASR_LOCAL_MSG_AUW  
[2023/09/06 15:56:16 157] isr_local  1558 auwl =   3200  
[2023/09/06 15:56:16 158] isr_local  2135 esr_audio_write, ret =  nil  
[2023/09/06 15:56:16 158] isr_local  2265 last gc at  1693986975  
[2023/09/06 15:56:16 253] isr_local  2126 ASR_LOCAL_MSG_AUW  
[2023/09/06 15:56:16 253] isr_local  1558 auwl =   3200  
[2023/09/06 15:56:16 254] isr_local  2135 esr_audio_write, ret =  nil  
[2023/09/06 15:56:16 254] isr_local  2265 last gc at  1693986975  
[2023/09/06 15:56:16 353] isr_local  2126 ASR_LOCAL_MSG_AUW  
[2023/09/06 15:56:16 353] isr_local  1558 auwl =   3200  
[2023/09/06 15:56:16 354] isr_local  2135 esr_audio_write, ret =  nil  
[2023/09/06 15:56:16 355] isr_local  2265 last gc at  1693986975  
[2023/09/06 15:56:16 452] isr_local  2126 ASR_LOCAL_MSG_AUW  
[2023/09/06 15:56:16 453] isr_local  1558 auwl =   3200  
[2023/09/06 15:56:16 454] isr_local  2135 esr_audio_write, ret =  nil  
[2023/09/06 15:56:16 456] isr_local  2265 last gc at  1693986975  
[2023/09/06 15:56:16 556] isr_local  2126 ASR_LOCAL_MSG_AUW  
[2023/09/06 15:56:16 557] isr_local  1558 auwl =   3200  
[2023/09/06 15:56:16 557] isr_local  2135 esr_audio_write, ret =  nil  
[2023/09/06 15:56:16 558] isr_local  2265 last gc at  1693986975  
[2023/09/06 15:56:16 644] isr_local  2126 ASR_LOCAL_MSG_AUW  
[2023/09/06 15:56:16 645] isr_local  1558 auwl =   3200  
[2023/09/06 15:56:16 645] isr_local  2135 esr_audio_write, ret =  nil  
[2023/09/06 15:56:16 645] isr_local  2265 last gc at  1693986975  
[2023/09/06 15:56:16 753] isr_local  2126 ASR_LOCAL_MSG_AUW  
[2023/09/06 15:56:16 753] isr_local  1558 auwl =   3200  
[2023/09/06 15:56:16 754] isr_local  2135 esr_audio_write, ret =  nil  
[2023/09/06 15:56:16 755] isr_local  2265 last gc at  1693986975  
[2023/09/06 15:56:16 852] isr_local  2126 ASR_LOCAL_MSG_AUW  
[2023/09/06 15:56:16 853] isr_local  1558 auwl =   3200  
[2023/09/06 15:56:16 854] isr_local  2135 esr_audio_write, ret =  nil  
[2023/09/06 15:56:16 854] isr_local  2265 last gc at  1693986975  
[2023/09/06 15:56:16 952] isr_local  2126 ASR_LOCAL_MSG_AUW  
[2023/09/06 15:56:16 953] isr_local  1558 auwl =   3200  
[2023/09/06 15:56:16 953] isr_local  2135 esr_audio_write, ret =  nil  
[2023/09/06 15:56:16 954] isr_local  2265 last gc at  1693986975  
[2023/09/06 15:56:17 052] isr_local  2126 ASR_LOCAL_MSG_AUW  
[2023/09/06 15:56:17 053] isr_local  1558 auwl =   3200  
[2023/09/06 15:56:17 053] isr_local  2135 esr_audio_write, ret =  nil  
[2023/09/06 15:56:17 054] isr_local  2265 last gc at  1693986975  
[2023/09/06 15:56:17 152] isr_local  2126 ASR_LOCAL_MSG_AUW  
[2023/09/06 15:56:17 153] isr_local  1558 auwl =   3200  
[2023/09/06 15:56:17 154] isr_local  2135 esr_audio_write, ret =  nil  
[2023/09/06 15:56:17 154] isr_local  2265 last gc at  1693986975  
[2023/09/06 15:56:17 249] isr_local  2126 ASR_LOCAL_MSG_AUW  
[2023/09/06 15:56:17 250] isr_local  1558 auwl =   3200  
[2023/09/06 15:56:17 250] isr_local  2135 esr_audio_write, ret =  nil  
[2023/09/06 15:56:17 250] isr_local  2265 last gc at  1693986975  
[2023/09/06 15:56:17 348] isr_local  2126 ASR_LOCAL_MSG_AUW  
[2023/09/06 15:56:17 349] isr_local  1558 auwl =   3200  
[2023/09/06 15:56:17 349] isr_local  2135 esr_audio_write, ret =  nil  
[2023/09/06 15:56:17 349] isr_local  2265 last gc at  1693986975  
[2023/09/06 15:56:17 448] isr_local  2126 ASR_LOCAL_MSG_AUW  
[2023/09/06 15:56:17 449] isr_local  1558 auwl =   3200  
[2023/09/06 15:56:17 449] isr_local  2135 esr_audio_write, ret =  nil  
[2023/09/06 15:56:17 449] isr_local  2265 last gc at  1693986975  
[2023/09/06 15:56:17 548] isr_local  2126 ASR_LOCAL_MSG_AUW  
[2023/09/06 15:56:17 549] isr_local  1558 auwl =   3200  
[2023/09/06 15:56:17 549] isr_local  2135 esr_audio_write, ret =  nil  
[2023/09/06 15:56:17 549] isr_local  2265 last gc at  1693986975  
[2023/09/06 15:56:17 653] isr_local  2126 ASR_LOCAL_MSG_AUW  
[2023/09/06 15:56:17 653] isr_local  1558 auwl =   3200  
[2023/09/06 15:56:17 653] isr_local  2135 esr_audio_write, ret =  nil  
[2023/09/06 15:56:17 653] isr_local  2265 last gc at  1693986975  
[2023/09/06 15:56:17 744] isr_local  2126 ASR_LOCAL_MSG_AUW  
[2023/09/06 15:56:17 744] isr_local  1558 auwl =   3200  
[2023/09/06 15:56:17 744] isr_local  2135 esr_audio_write, ret =  nil  
[2023/09/06 15:56:17 744] isr_local  2265 last gc at  1693986975  
[2023/09/06 15:56:17 849] isr_local  2126 ASR_LOCAL_MSG_AUW  
[2023/09/06 15:56:17 849] isr_local  1558 auwl =   3200  
[2023/09/06 15:56:17 849] isr_local  2135 esr_audio_write, ret =  nil  
[2023/09/06 15:56:17 849] isr_local  2265 last gc at  1693986975  
[2023/09/06 15:56:17 949] isr_local  2126 ASR_LOCAL_MSG_AUW  
[2023/09/06 15:56:17 949] isr_local  1558 auwl =   3200  
[2023/09/06 15:56:17 949] isr_local  2135 esr_audio_write, ret =  nil  
[2023/09/06 15:56:17 949] isr_local  2265 last gc at  1693986975  
[2023/09/06 15:56:18 049] isr_local  2126 ASR_LOCAL_MSG_AUW  
[2023/09/06 15:56:18 049] isr_local  1558 auwl =   3200  
[2023/09/06 15:56:18 049] isr_local  2135 esr_audio_write, ret =  nil  
[2023/09/06 15:56:18 049] isr_local  2265 last gc at  1693986975  
[2023/09/06 15:56:18 142] isr_local  2126 ASR_LOCAL_MSG_AUW  
[2023/09/06 15:56:18 142] isr_local  1558 auwl =   3200  
[2023/09/06 15:56:18 142] isr_local  2135 esr_audio_write, ret =  nil  
[2023/09/06 15:56:18 142] isr_local  2265 last gc at  1693986975  
[2023/09/06 15:56:18 242] isr_local  2126 ASR_LOCAL_MSG_AUW  
[2023/09/06 15:56:18 242] isr_local  1558 auwl =   3200  
[2023/09/06 15:56:18 242] isr_local  2135 esr_audio_write, ret =  nil  
[2023/09/06 15:56:18 242] isr_local  2265 last gc at  1693986975  
[2023/09/06 15:56:18 350] isr_local  2126 ASR_LOCAL_MSG_AUW  
[2023/09/06 15:56:18 350] isr_local  1558 auwl =   3200  
[2023/09/06 15:56:18 351] isr_local  2135 esr_audio_write, ret =  nil  
[2023/09/06 15:56:18 351] isr_local  2265 last gc at  1693986975  
[2023/09/06 15:56:18 449] isr_local  2126 ASR_LOCAL_MSG_AUW  
[2023/09/06 15:56:18 449] isr_local  1558 auwl =   3200  
[2023/09/06 15:56:18 449] isr_local  2135 esr_audio_write, ret =  nil  
[2023/09/06 15:56:18 449] isr_local  2265 last gc at  1693986975  
[2023/09/06 15:56:18 549] isr_local  2126 ASR_LOCAL_MSG_AUW  
[2023/09/06 15:56:18 549] isr_local  1558 auwl =   3200  
[2023/09/06 15:56:18 549] isr_local  2135 esr_audio_write, ret =  nil  
[2023/09/06 15:56:18 549] isr_local  2265 last gc at  1693986975  
[2023/09/06 15:56:18 649] isr_local  2126 ASR_LOCAL_MSG_AUW  
[2023/09/06 15:56:18 649] isr_local  1558 auwl =   3200  
[2023/09/06 15:56:18 649] isr_local  2135 esr_audio_write, ret =  nil  
[2023/09/06 15:56:18 649] isr_local  2265 last gc at  1693986975  
[2023/09/06 15:56:18 740] isr_local  2126 ASR_LOCAL_MSG_AUW  
[2023/09/06 15:56:18 741] isr_local  1558 auwl =   2560  
[2023/09/06 15:56:18 742] isr_local  2135 esr_audio_write, ret =  nil  
[2023/09/06 15:56:18 742] isr_local  2265 last gc at  1693986975  
[2023/09/06 15:56:18 779] network    231  dns timeout!  ns1  
[2023/09/06 15:56:18 780] ns         457  ns dns failed, err =   10114  
[2023/09/06 15:56:18 780] network    445  gethttpresp2  117.121.48.5  80  ns2  
[2023/09/06 15:56:18 780] network    465  prot_type  tcp  
[2023/09/06 15:56:18 780] transport  306  [dns] [1] timeout!   
[2023/09/06 15:56:18 780] transport  74   dns_failed  
[2023/09/06 15:56:18 781] network    90   ipfromenv ,  ipcache  open.xf-yun.com  def  nil  
[2023/09/06 15:56:18 781] network    90   ipfromenv ,  ipcfg  open.xf-yun.com  def  nil  
[2023/09/06 15:56:18 781] transport  1298 [soc] connect   116.213.69.195  80  
[2023/09/06 15:56:18 781] transport  1310 mspsoc.open,prot_type=  tcp  
[2023/09/06 15:56:18 790] network    418  soc error  10202  ns2  
[2023/09/06 15:56:18 813] ns         256  name server http resp  table(78051770) 10202  nil  
[2023/09/06 15:56:18 813] ns         415  ns response failed, err =  10202  
[2023/09/06 15:56:18 813] ns         116  ns_host=  open.xf-yun.com  
[2023/09/06 15:56:18 813] ns         118  use default ip  
[2023/09/06 15:56:18 813] transport  1060 ns_ip =   116.213.69.195  
[2023/09/06 15:56:18 813] transport  1061 ip_type =  def_athopen.xf-yun.com  
[2023/09/06 15:56:18 813] ns         658  no data in ns_q  
[2023/09/06 15:56:18 813] ns         659  conti_ns,ns_inprog =   1  
[2023/09/06 15:56:18 817] isr_local  669  final result will throw out next!  
[2023/09/06 15:56:18 817] isr_local  679  nRecognizeState:  1  
[2023/09/06 15:56:18 817] isr_local  680  nConfidenceScore:  41  
[2023/09/06 15:56:18 817] isr_local  728  result_type :   xml  
[2023/09/06 15:56:18 818] isr_local  729  result_encoding :   UTF-8  
[2023/09/06 15:56:18 818] isr_local  730  is iat :   false  
[2023/09/06 15:56:18 818] isr_local  469  item_count:1  
[2023/09/06 15:56:18 818] isr_local  469  item_count:1  
[2023/09/06 15:56:18 818] isr_local  293  nil  
[2023/09/06 15:56:18 818] isr_local  675  recognized end!  
[2023/09/06 15:56:18 821] isr_local  2140 ASR_LOCAL_MSG_SSE  
[2023/09/06 15:56:18 822] isr_local  1518 esr_session_end | esr_obj:stop ret =  0  
[2023/09/06 15:56:18 822] isr_local  2142 esr_session_end, ret =  0  
[2023/09/06 15:56:18 825] isr_local  2265 last gc at  1693986975  
[2023/09/06 15:56:18 900] isr_local  2182 SYS_MSG_SHUTDOWN_LOCAL  
[2023/09/06 15:56:18 954] isr_local  2265 last gc at  1693986975  
============================================================
Time  2023/09/06 15:59:22 702 
============================================================
[2023/09/06 15:59:22 702] isr_local  2168 os_type is:  Linux  
[2023/09/06 15:59:22 702] isr_local  2177 SYS_MSG_LOAD_LOCAL  
[2023/09/06 15:59:22 702] isr_local  2265 last gc at  1693987162  
[2023/09/06 15:59:22 703] isr_local  2206 SYS_MSG_REGCB_LOCAL| param0 =  msp_status_cb  
[2023/09/06 15:59:22 703] isr_local  2265 last gc at  1693987162  
[2023/09/06 15:59:22 703] isr_local  2206 SYS_MSG_REGCB_LOCAL| param0 =  local_service_cbmsg  
[2023/09/06 15:59:22 703] isr_local  2265 last gc at  1693987162  
[2023/09/06 15:59:22 704] isr_local  2114 ASR_LOCAL_MSG_SSB  
[2023/09/06 15:59:22 704] isr_local  1251 esr_session_begin | params:  engine_type=local,asr_res_path=fo|res/asr/common.jet,sample_rate=16000,grm_build_path=res/asr/GrmBuilld,local_grammar=call,result_type=xml,result_encoding=UTF-8  
[2023/09/06 15:59:22 704] isr_local  803  engine_type  :  local  
[2023/09/06 15:59:22 704] isr_local  803  asr_res_path  :  fo|res/asr/common.jet  
[2023/09/06 15:59:22 704] isr_local  803  sample_rate  :  16000  
[2023/09/06 15:59:22 705] isr_local  803  grm_build_path  :  res/asr/GrmBuilld  
[2023/09/06 15:59:22 705] isr_local  803  local_grammar  :  call  
[2023/09/06 15:59:22 705] isr_local  803  result_type  :  xml  
[2023/09/06 15:59:22 705] isr_local  803  result_encoding  :  UTF-8  
[2023/09/06 15:59:22 705] isr_local  1280 init aitalk in ssb  
[2023/09/06 15:59:22 705] isr_local  1162 esr_init | params:  engine_type=local,asr_res_path=fo|res/asr/common.jet,sample_rate=16000,grm_build_path=res/asr/GrmBuilld,local_grammar=call,result_type=xml,result_encoding=UTF-8  
[2023/09/06 15:59:22 705] isr_local  803  engine_type  :  local  
[2023/09/06 15:59:22 706] isr_local  803  asr_res_path  :  fo|res/asr/common.jet  
[2023/09/06 15:59:22 706] isr_local  803  sample_rate  :  16000  
[2023/09/06 15:59:22 706] isr_local  803  grm_build_path  :  res/asr/GrmBuilld  
[2023/09/06 15:59:22 706] isr_local  803  local_grammar  :  call  
[2023/09/06 15:59:22 706] isr_local  803  result_type  :  xml  
[2023/09/06 15:59:22 706] isr_local  803  result_encoding  :  UTF-8  
[2023/09/06 15:59:22 706] isr_local  1083  lucEsr.new   
[2023/09/06 15:59:22 707] isr_local  1000 file count =   1  
[2023/09/06 15:59:22 707] isr_local  923  file open type is:   fo  
[2023/09/06 15:59:22 707] isr_local  956  res/asr/common.jet  0  0  
[2023/09/06 15:59:22 707] isr_local  1018 speech_plus_setting  0  
[2023/09/06 15:59:22 707] isr_local  1031 2  nil  res/asr/common.jet  0  0  
[2023/09/06 15:59:22 708] isr_local  1033 res_ver  2  
[2023/09/06 15:59:22 708] isr_local  1034 res 5  62dd61c88201165be2937d82ec3543bf  
[2023/09/06 15:59:22 708] isr_local  1035 res_new_old_mark  v5pp  
[2023/09/06 15:59:22 708] isr_local  1036 res_usr_name  ""  
[2023/09/06 15:59:22 708] isr_local  1037 res_expires    
[2023/09/06 15:59:22 708] isr_local  1038 err  0  
[2023/09/06 15:59:22 708] isr_local  1054 lgi appid 5  62dd61c88201165be2937d82ec3543bf  
[2023/09/06 15:59:22 708] isr_local  1065 res_expires is null  
[2023/09/06 15:59:22 709] auth       74   aitalk  app  nil  nil  {"aitalk":{"ver":"2","bus":{"forbid":"0","nlimit":2020}}}  
[2023/09/06 15:59:22 710] auth       312  nil  
[2023/09/06 15:59:22 735] isr_local  1294 authorized_aitalk=  nil  
[2023/09/06 15:59:22 735] isr_local  1295 forbid_aitalk=  0  
[2023/09/06 15:59:22 735] auth       570  aitalk  table(68063e50) nil  nil  appid = 5e7d9f3e  
[2023/09/06 15:59:22 735] auth       579  app  nil  nil  nil  
[2023/09/06 15:59:22 736] auth       636  ath rquest  {"authorize":[{"busin":"aitalk","ver":"2.1.1"}]}  
[2023/09/06 15:59:22 739] transport  642  paramkvsport is   nil  
[2023/09/06 15:59:22 739] transport  654  ns_enable=  1  
[2023/09/06 15:59:22 739] transport  656  2017-08--24 is_ns_need_close =   nil  
[2023/09/06 15:59:22 739] transport  662  net.nettype=  standard  
[2023/09/06 15:59:22 739] transport  672  url.full=  nil  
[2023/09/06 15:59:22 739] transport  673  urltmp=  nil  
[2023/09/06 15:59:22 739] transport  677  server_url_host=, server_url_port=, server_url_path=  open.xf-yun.com  nil  /msp.do  
[2023/09/06 15:59:22 740] transport  705  url.full=  nil  
[2023/09/06 15:59:22 740] transport  890  switch 80  
[2023/09/06 15:59:22 740] transport  902  net type:  standard  
[2023/09/06 15:59:22 740] transport  903  net operator:  def  
[2023/09/06 15:59:22 740] transport  904  use proxy:  false  
[2023/09/06 15:59:22 740] auth       691  not login!  
[2023/09/06 15:59:22 740] auth       528  [session] send auth request  
[2023/09/06 15:59:22 740] transport  1102 session.domain=  open.xf-yun.com  
[2023/09/06 15:59:22 740] transport  1103 url.host=  open.xf-yun.com  
[2023/09/06 15:59:22 741] transport  1080 NAMESERVER START  
[2023/09/06 15:59:22 741] transport  1083 name =   ath  
[2023/09/06 15:59:22 741] ns         629  ntt=  standard  
[2023/09/06 15:59:22 741] transport  1086 trans,ns_inprog =  0  
[2023/09/06 15:59:22 741] ns         585  name server start  
[2023/09/06 15:59:22 741] ns         586  ns_sub =   ath  
[2023/09/06 15:59:22 741] ns         588  ns_host=  open.xf-yun.com  
[2023/09/06 15:59:22 741] ns         479  ns_host=  open.xf-yun.com  
[2023/09/06 15:59:22 742] ns         558  GET /sip/resolver?srand=0906155911.32 HTTP/1.1
Host: hdns.openspeech.cn
Connection: Keep-Alive
X-Par: ver=1.3&appid=5e7d9f3e&operator=UNKNOW&nettype=STANDARD&cver=5.0.38.1195&svc=ath&host=open.xf-yun.com&sign=2f7c9476c969e84832f1e3ba6441f5ca
User-Agent: iFLYCloud

  
[2023/09/06 15:59:22 742] ns         559  net_type =  standard  
[2023/09/06 15:59:22 742] ns         560  cmwapascmnet =  
[2023/09/06 15:59:22 742] ns         561  uniwapasuninet =  
[2023/09/06 15:59:22 742] ns         562  ctwapasctnet =  
[2023/09/06 15:59:22 742] ns         579  host=  hdns.openspeech.cn  
[2023/09/06 15:59:22 742] network    263  gethostbyname  hdns.openspeech.cn  ns1  
[2023/09/06 15:59:22 743] auth       535  0  
[2023/09/06 15:59:22 743] auth       498  lver:  nil  
[2023/09/06 15:59:22 743] auth       503  cfg_ver:  nil  
[2023/09/06 15:59:22 743] transport  1849 transport_obj.send | in  
[2023/09/06 15:59:22 743] transport  1855 self.msg_flag_q  table(680811e0) 
[2023/09/06 15:59:22 744] transport  1856 self.msg_q  table(68028bb0) 
[2023/09/06 15:59:22 744] transport  1788 transport_obj.try2send | in  
[2023/09/06 15:59:22 744] transport  1789 self.soc  nil  
[2023/09/06 15:59:22 744] transport  1790 self.connected  false  
[2023/09/06 15:59:22 744] transport  1791 self.latesterr  0  
[2023/09/06 15:59:22 744] transport  1862 transport_obj.send | out  
[2023/09/06 15:59:22 745] isr_local  2038 commit path:   res/asr/GrmBuilld/temp/commit  
[2023/09/06 15:59:22 774] isr_local  2076 commit success!  
[2023/09/06 15:59:22 778] isr_local  1409 esr_session_begin | esr_obj:start ret =  0  
[2023/09/06 15:59:22 779] isr_local  2122 esr_session_begin, ret =   0  
[2023/09/06 15:59:22 779] isr_local  2265 last gc at  1693987162  
[2023/09/06 15:59:22 876] isr_local  655  local engine ready  
[2023/09/06 15:59:22 878] isr_local  585  esr_flush_buf_audio buffer audio num:  0  
[2023/09/06 15:59:22 878] isr_local  630  local engine started  
[2023/09/06 15:59:22 900] isr_local  2126 ASR_LOCAL_MSG_AUW  
[2023/09/06 15:59:22 900] isr_local  1558 auwl =   3200  
[2023/09/06 15:59:22 901] isr_local  2135 esr_audio_write, ret =  nil  
[2023/09/06 15:59:22 901] isr_local  2265 last gc at  1693987162  
[2023/09/06 15:59:22 996] isr_local  2126 ASR_LOCAL_MSG_AUW  
[2023/09/06 15:59:22 996] isr_local  1558 auwl =   3200  
[2023/09/06 15:59:22 997] isr_local  2135 esr_audio_write, ret =  nil  
[2023/09/06 15:59:22 997] isr_local  2265 last gc at  1693987162  
[2023/09/06 15:59:23 093] isr_local  2126 ASR_LOCAL_MSG_AUW  
[2023/09/06 15:59:23 093] isr_local  1558 auwl =   3200  
[2023/09/06 15:59:23 093] isr_local  2135 esr_audio_write, ret =  nil  
[2023/09/06 15:59:23 093] isr_local  2265 last gc at  1693987162  
[2023/09/06 15:59:23 207] isr_local  2126 ASR_LOCAL_MSG_AUW  
[2023/09/06 15:59:23 207] isr_local  1558 auwl =   3200  
[2023/09/06 15:59:23 208] isr_local  2135 esr_audio_write, ret =  nil  
[2023/09/06 15:59:23 209] isr_local  2265 last gc at  1693987162  
[2023/09/06 15:59:23 304] isr_local  2126 ASR_LOCAL_MSG_AUW  
[2023/09/06 15:59:23 305] isr_local  1558 auwl =   3200  
[2023/09/06 15:59:23 306] isr_local  2135 esr_audio_write, ret =  nil  
[2023/09/06 15:59:23 306] isr_local  2265 last gc at  1693987162  
[2023/09/06 15:59:23 404] isr_local  2126 ASR_LOCAL_MSG_AUW  
[2023/09/06 15:59:23 405] isr_local  1558 auwl =   3200  
[2023/09/06 15:59:23 406] isr_local  2135 esr_audio_write, ret =  nil  
[2023/09/06 15:59:23 406] isr_local  2265 last gc at  1693987162  
[2023/09/06 15:59:23 505] isr_local  2126 ASR_LOCAL_MSG_AUW  
[2023/09/06 15:59:23 506] isr_local  1558 auwl =   3200  
[2023/09/06 15:59:23 506] isr_local  2135 esr_audio_write, ret =  nil  
[2023/09/06 15:59:23 507] isr_local  2265 last gc at  1693987162  
[2023/09/06 15:59:23 605] isr_local  2126 ASR_LOCAL_MSG_AUW  
[2023/09/06 15:59:23 605] isr_local  1558 auwl =   3200  
[2023/09/06 15:59:23 606] isr_local  2135 esr_audio_write, ret =  nil  
[2023/09/06 15:59:23 606] isr_local  2265 last gc at  1693987162  
[2023/09/06 15:59:23 705] isr_local  2126 ASR_LOCAL_MSG_AUW  
[2023/09/06 15:59:23 705] isr_local  1558 auwl =   3200  
[2023/09/06 15:59:23 706] isr_local  2135 esr_audio_write, ret =  nil  
[2023/09/06 15:59:23 707] isr_local  2265 last gc at  1693987162  
[2023/09/06 15:59:23 805] isr_local  2126 ASR_LOCAL_MSG_AUW  
[2023/09/06 15:59:23 805] isr_local  1558 auwl =   3200  
[2023/09/06 15:59:23 806] isr_local  2135 esr_audio_write, ret =  nil  
[2023/09/06 15:59:23 807] isr_local  2265 last gc at  1693987162  
[2023/09/06 15:59:23 894] isr_local  2126 ASR_LOCAL_MSG_AUW  
[2023/09/06 15:59:23 895] isr_local  1558 auwl =   3200  
[2023/09/06 15:59:23 895] isr_local  2135 esr_audio_write, ret =  nil  
[2023/09/06 15:59:23 895] isr_local  2265 last gc at  1693987162  
[2023/09/06 15:59:23 993] isr_local  2126 ASR_LOCAL_MSG_AUW  
[2023/09/06 15:59:23 994] isr_local  1558 auwl =   3200  
[2023/09/06 15:59:23 994] isr_local  2135 esr_audio_write, ret =  nil  
[2023/09/06 15:59:23 994] isr_local  2265 last gc at  1693987162  
[2023/09/06 15:59:24 105] isr_local  2126 ASR_LOCAL_MSG_AUW  
[2023/09/06 15:59:24 106] isr_local  1558 auwl =   3200  
[2023/09/06 15:59:24 106] isr_local  2135 esr_audio_write, ret =  nil  
[2023/09/06 15:59:24 107] isr_local  2265 last gc at  1693987162  
[2023/09/06 15:59:24 204] isr_local  2126 ASR_LOCAL_MSG_AUW  
[2023/09/06 15:59:24 205] isr_local  1558 auwl =   3200  
[2023/09/06 15:59:24 206] isr_local  2135 esr_audio_write, ret =  nil  
[2023/09/06 15:59:24 206] isr_local  2265 last gc at  1693987162  
[2023/09/06 15:59:24 304] isr_local  2126 ASR_LOCAL_MSG_AUW  
[2023/09/06 15:59:24 305] isr_local  1558 auwl =   3200  
[2023/09/06 15:59:24 305] isr_local  2135 esr_audio_write, ret =  nil  
[2023/09/06 15:59:24 306] isr_local  2265 last gc at  1693987162  
[2023/09/06 15:59:24 404] isr_local  2126 ASR_LOCAL_MSG_AUW  
[2023/09/06 15:59:24 405] isr_local  1558 auwl =   3200  
[2023/09/06 15:59:24 405] isr_local  2135 esr_audio_write, ret =  nil  
[2023/09/06 15:59:24 406] isr_local  2265 last gc at  1693987162  
[2023/09/06 15:59:24 504] isr_local  2126 ASR_LOCAL_MSG_AUW  
[2023/09/06 15:59:24 505] isr_local  1558 auwl =   3200  
[2023/09/06 15:59:24 506] isr_local  2135 esr_audio_write, ret =  nil  
[2023/09/06 15:59:24 506] isr_local  2265 last gc at  1693987162  
[2023/09/06 15:59:24 604] isr_local  2126 ASR_LOCAL_MSG_AUW  
[2023/09/06 15:59:24 605] isr_local  1558 auwl =   3200  
[2023/09/06 15:59:24 606] isr_local  2135 esr_audio_write, ret =  nil  
[2023/09/06 15:59:24 606] isr_local  2265 last gc at  1693987162  
[2023/09/06 15:59:24 704] isr_local  2126 ASR_LOCAL_MSG_AUW  
[2023/09/06 15:59:24 705] isr_local  1558 auwl =   3200  
[2023/09/06 15:59:24 706] isr_local  2135 esr_audio_write, ret =  nil  
[2023/09/06 15:59:24 706] isr_local  2265 last gc at  1693987162  
[2023/09/06 15:59:24 804] isr_local  2126 ASR_LOCAL_MSG_AUW  
[2023/09/06 15:59:24 805] isr_local  1558 auwl =   3200  
[2023/09/06 15:59:24 806] isr_local  2135 esr_audio_write, ret =  nil  
[2023/09/06 15:59:24 806] isr_local  2265 last gc at  1693987162  
[2023/09/06 15:59:24 904] isr_local  2126 ASR_LOCAL_MSG_AUW  
[2023/09/06 15:59:24 905] isr_local  1558 auwl =   3200  
[2023/09/06 15:59:24 905] isr_local  2135 esr_audio_write, ret =  nil  
[2023/09/06 15:59:24 906] isr_local  2265 last gc at  1693987162  
[2023/09/06 15:59:24 994] isr_local  2126 ASR_LOCAL_MSG_AUW  
[2023/09/06 15:59:24 994] isr_local  1558 auwl =   3200  
[2023/09/06 15:59:24 994] isr_local  2135 esr_audio_write, ret =  nil  
[2023/09/06 15:59:24 994] isr_local  2265 last gc at  1693987162  
[2023/09/06 15:59:25 091] isr_local  2126 ASR_LOCAL_MSG_AUW  
[2023/09/06 15:59:25 091] isr_local  1558 auwl =   3200  
[2023/09/06 15:59:25 091] isr_local  2135 esr_audio_write, ret =  nil  
[2023/09/06 15:59:25 091] isr_local  2265 last gc at  1693987162  
[2023/09/06 15:59:25 194] isr_local  2126 ASR_LOCAL_MSG_AUW  
[2023/09/06 15:59:25 194] isr_local  1558 auwl =   3200  
[2023/09/06 15:59:25 194] isr_local  2135 esr_audio_write, ret =  nil  
[2023/09/06 15:59:25 194] isr_local  2265 last gc at  1693987162  
[2023/09/06 15:59:25 290] isr_local  2126 ASR_LOCAL_MSG_AUW  
[2023/09/06 15:59:25 290] isr_local  1558 auwl =   3200  
[2023/09/06 15:59:25 290] isr_local  2135 esr_audio_write, ret =  nil  
[2023/09/06 15:59:25 290] isr_local  2265 last gc at  1693987162  
[2023/09/06 15:59:25 390] isr_local  2126 ASR_LOCAL_MSG_AUW  
[2023/09/06 15:59:25 390] isr_local  1558 auwl =   3200  
[2023/09/06 15:59:25 390] isr_local  2135 esr_audio_write, ret =  nil  
[2023/09/06 15:59:25 390] isr_local  2265 last gc at  1693987162  
[2023/09/06 15:59:25 490] isr_local  2126 ASR_LOCAL_MSG_AUW  
[2023/09/06 15:59:25 490] isr_local  1558 auwl =   3200  
[2023/09/06 15:59:25 490] isr_local  2135 esr_audio_write, ret =  nil  
[2023/09/06 15:59:25 490] isr_local  2265 last gc at  1693987162  
[2023/09/06 15:59:25 590] isr_local  2126 ASR_LOCAL_MSG_AUW  
[2023/09/06 15:59:25 590] isr_local  1558 auwl =   3200  
[2023/09/06 15:59:25 590] isr_local  2135 esr_audio_write, ret =  nil  
[2023/09/06 15:59:25 590] isr_local  2265 last gc at  1693987162  
[2023/09/06 15:59:25 689] isr_local  2126 ASR_LOCAL_MSG_AUW  
[2023/09/06 15:59:25 689] isr_local  1558 auwl =   2880  
[2023/09/06 15:59:25 689] isr_local  2135 esr_audio_write, ret =  nil  
[2023/09/06 15:59:25 689] isr_local  2265 last gc at  1693987162  
[2023/09/06 15:59:25 744] transport  306  [dns] [1] timeout!   
[2023/09/06 15:59:25 745] transport  74   dns_failed  
[2023/09/06 15:59:25 746] network    90   ipfromenv ,  ipcache  open.xf-yun.com  def  nil  
[2023/09/06 15:59:25 746] network    90   ipfromenv ,  ipcfg  open.xf-yun.com  def  nil  
[2023/09/06 15:59:25 746] transport  1298 [soc] connect   116.213.69.195  80  
[2023/09/06 15:59:25 748] transport  1310 mspsoc.open,prot_type=  tcp  
[2023/09/06 15:59:25 751] network    231  dns timeout!  ns1  
[2023/09/06 15:59:25 751] ns         457  ns dns failed, err =   10114  
[2023/09/06 15:59:25 751] network    445  gethttpresp2  117.121.48.5  80  ns2  
[2023/09/06 15:59:25 751] network    465  prot_type  tcp  
[2023/09/06 15:59:25 756] transport  539  MSC:[soc] [1] error 10202 113!  
[2023/09/06 15:59:25 783] transport  64   clear_ip ip_type =  nil  
[2023/09/06 15:59:25 784] transport  339  soc_conn_failed  
[2023/09/06 15:59:25 784] network    95   iptoenv ,  ipcache  open.xf-yun.com  def  nil  
[2023/09/06 15:59:25 792] transport  413  switch 80  
[2023/09/06 15:59:25 797] transport  1326 [soc] disconnect   
[2023/09/06 15:59:25 799] isr_local  669  final result will throw out next!  
[2023/09/06 15:59:25 800] isr_local  679  nRecognizeState:  1  
[2023/09/06 15:59:25 800] isr_local  680  nConfidenceScore:  6  
[2023/09/06 15:59:25 801] isr_local  728  result_type :   xml  
[2023/09/06 15:59:25 801] isr_local  729  result_encoding :   UTF-8  
[2023/09/06 15:59:25 801] isr_local  730  is iat :   false  
[2023/09/06 15:59:25 804] isr_local  469  item_count:1  
[2023/09/06 15:59:25 805] isr_local  469  item_count:1  
[2023/09/06 15:59:25 807] isr_local  293  nil  
[2023/09/06 15:59:25 810] isr_local  675  recognized end!  
[2023/09/06 15:59:25 813] isr_local  2140 ASR_LOCAL_MSG_SSE  
[2023/09/06 15:59:25 815] isr_local  1518 esr_session_end | esr_obj:stop ret =  0  
[2023/09/06 15:59:25 815] isr_local  2142 esr_session_end, ret =  0  
[2023/09/06 15:59:25 833] isr_local  2265 last gc at  1693987162  
[2023/09/06 15:59:25 834] isr_local  2182 SYS_MSG_SHUTDOWN_LOCAL  
[2023/09/06 15:59:25 944] isr_local  2265 last gc at  1693987162  
============================================================
Time  2023/09/06 15:59:26 520 
============================================================
[2023/09/06 15:59:26 520] isr_local  2168 os_type is:  Linux  
[2023/09/06 15:59:26 521] isr_local  2177 SYS_MSG_LOAD_LOCAL  
[2023/09/06 15:59:26 521] isr_local  2265 last gc at  1693987166  
[2023/09/06 15:59:26 521] isr_local  2206 SYS_MSG_REGCB_LOCAL| param0 =  msp_status_cb  
[2023/09/06 15:59:26 521] isr_local  2265 last gc at  1693987166  
[2023/09/06 15:59:26 522] isr_local  2206 SYS_MSG_REGCB_LOCAL| param0 =  local_service_cbmsg  
[2023/09/06 15:59:26 522] isr_local  2265 last gc at  1693987166  
[2023/09/06 15:59:26 522] isr_local  2114 ASR_LOCAL_MSG_SSB  
[2023/09/06 15:59:26 522] isr_local  1251 esr_session_begin | params:  engine_type=local,asr_res_path=fo|res/asr/common.jet,sample_rate=16000,grm_build_path=res/asr/GrmBuilld,local_grammar=call,result_type=xml,result_encoding=UTF-8  
[2023/09/06 15:59:26 522] isr_local  803  engine_type  :  local  
[2023/09/06 15:59:26 523] isr_local  803  asr_res_path  :  fo|res/asr/common.jet  
[2023/09/06 15:59:26 523] isr_local  803  sample_rate  :  16000  
[2023/09/06 15:59:26 523] isr_local  803  grm_build_path  :  res/asr/GrmBuilld  
[2023/09/06 15:59:26 523] isr_local  803  local_grammar  :  call  
[2023/09/06 15:59:26 523] isr_local  803  result_type  :  xml  
[2023/09/06 15:59:26 523] isr_local  803  result_encoding  :  UTF-8  
[2023/09/06 15:59:26 523] isr_local  1280 init aitalk in ssb  
[2023/09/06 15:59:26 523] isr_local  1162 esr_init | params:  engine_type=local,asr_res_path=fo|res/asr/common.jet,sample_rate=16000,grm_build_path=res/asr/GrmBuilld,local_grammar=call,result_type=xml,result_encoding=UTF-8  
[2023/09/06 15:59:26 524] isr_local  803  engine_type  :  local  
[2023/09/06 15:59:26 524] isr_local  803  asr_res_path  :  fo|res/asr/common.jet  
[2023/09/06 15:59:26 524] isr_local  803  sample_rate  :  16000  
[2023/09/06 15:59:26 524] isr_local  803  grm_build_path  :  res/asr/GrmBuilld  
[2023/09/06 15:59:26 524] isr_local  803  local_grammar  :  call  
[2023/09/06 15:59:26 524] isr_local  803  result_type  :  xml  
[2023/09/06 15:59:26 524] isr_local  803  result_encoding  :  UTF-8  
[2023/09/06 15:59:26 525] isr_local  1083  lucEsr.new   
[2023/09/06 15:59:26 525] isr_local  1000 file count =   1  
[2023/09/06 15:59:26 525] isr_local  923  file open type is:   fo  
[2023/09/06 15:59:26 525] isr_local  956  res/asr/common.jet  0  0  
[2023/09/06 15:59:26 525] isr_local  1018 speech_plus_setting  0  
[2023/09/06 15:59:26 525] isr_local  1031 2  nil  res/asr/common.jet  0  0  
[2023/09/06 15:59:26 526] isr_local  1033 res_ver  2  
[2023/09/06 15:59:26 526] isr_local  1034 res 5  62dd61c88201165be2937d82ec3543bf  
[2023/09/06 15:59:26 526] isr_local  1035 res_new_old_mark  v5pp  
[2023/09/06 15:59:26 526] isr_local  1036 res_usr_name  ""  
[2023/09/06 15:59:26 526] isr_local  1037 res_expires    
[2023/09/06 15:59:26 526] isr_local  1038 err  0  
[2023/09/06 15:59:26 526] isr_local  1054 lgi appid 5  62dd61c88201165be2937d82ec3543bf  
[2023/09/06 15:59:26 527] isr_local  1065 res_expires is null  
[2023/09/06 15:59:26 527] auth       74   aitalk  app  nil  nil  {"aitalk":{"ver":"2","bus":{"forbid":"0","nlimit":2020}}}  
[2023/09/06 15:59:26 528] auth       312  nil  
[2023/09/06 15:59:26 552] isr_local  1294 authorized_aitalk=  nil  
[2023/09/06 15:59:26 552] isr_local  1295 forbid_aitalk=  0  
[2023/09/06 15:59:26 552] auth       570  aitalk  table(68064100) nil  nil  appid = 5e7d9f3e  
[2023/09/06 15:59:26 552] auth       579  app  nil  nil  nil  
[2023/09/06 15:59:26 552] auth       636  ath rquest  {"authorize":[{"busin":"aitalk","ver":"2.1.1"}]}  
[2023/09/06 15:59:26 555] transport  642  paramkvsport is   nil  
[2023/09/06 15:59:26 555] transport  654  ns_enable=  1  
[2023/09/06 15:59:26 555] transport  656  2017-08--24 is_ns_need_close =   nil  
[2023/09/06 15:59:26 556] transport  662  net.nettype=  standard  
[2023/09/06 15:59:26 556] transport  672  url.full=  nil  
[2023/09/06 15:59:26 556] transport  673  urltmp=  nil  
[2023/09/06 15:59:26 556] transport  677  server_url_host=, server_url_port=, server_url_path=  open.xf-yun.com  nil  /msp.do  
[2023/09/06 15:59:26 556] transport  705  url.full=  nil  
[2023/09/06 15:59:26 556] transport  890  switch 80  
[2023/09/06 15:59:26 556] transport  902  net type:  standard  
[2023/09/06 15:59:26 556] transport  903  net operator:  def  
[2023/09/06 15:59:26 556] transport  904  use proxy:  false  
[2023/09/06 15:59:26 556] auth       691  not login!  
[2023/09/06 15:59:26 557] auth       528  [session] send auth request  
[2023/09/06 15:59:26 557] transport  1102 session.domain=  open.xf-yun.com  
[2023/09/06 15:59:26 557] transport  1103 url.host=  open.xf-yun.com  
[2023/09/06 15:59:26 557] transport  1080 NAMESERVER START  
[2023/09/06 15:59:26 557] transport  1083 name =   ath  
[2023/09/06 15:59:26 557] ns         629  ntt=  standard  
[2023/09/06 15:59:26 557] transport  1086 trans,ns_inprog =  0  
[2023/09/06 15:59:26 557] ns         585  name server start  
[2023/09/06 15:59:26 558] ns         586  ns_sub =   ath  
[2023/09/06 15:59:26 558] ns         588  ns_host=  open.xf-yun.com  
[2023/09/06 15:59:26 558] ns         479  ns_host=  open.xf-yun.com  
[2023/09/06 15:59:26 558] ns         558  GET /sip/resolver?srand=0906155911.32 HTTP/1.1
Host: hdns.openspeech.cn
Connection: Keep-Alive
X-Par: ver=1.3&appid=5e7d9f3e&operator=UNKNOW&nettype=STANDARD&cver=5.0.38.1195&svc=ath&host=open.xf-yun.com&sign=2f7c9476c969e84832f1e3ba6441f5ca
User-Agent: iFLYCloud

  
[2023/09/06 15:59:26 558] ns         559  net_type =  standard  
[2023/09/06 15:59:26 558] ns         560  cmwapascmnet =  
[2023/09/06 15:59:26 558] ns         561  uniwapasuninet =  
[2023/09/06 15:59:26 558] ns         562  ctwapasctnet =  
[2023/09/06 15:59:26 559] ns         579  host=  hdns.openspeech.cn  
[2023/09/06 15:59:26 559] network    263  gethostbyname  hdns.openspeech.cn  ns1  
[2023/09/06 15:59:26 562] auth       535  0  
[2023/09/06 15:59:26 562] auth       498  lver:  nil  
[2023/09/06 15:59:26 562] auth       503  cfg_ver:  nil  
[2023/09/06 15:59:26 562] transport  1849 transport_obj.send | in  
[2023/09/06 15:59:26 562] transport  1855 self.msg_flag_q  table(6802ade0) 
[2023/09/06 15:59:26 563] transport  1856 self.msg_q  table(6802bdd0) 
[2023/09/06 15:59:26 563] transport  1788 transport_obj.try2send | in  
[2023/09/06 15:59:26 563] transport  1789 self.soc  nil  
[2023/09/06 15:59:26 563] transport  1790 self.connected  false  
[2023/09/06 15:59:26 563] transport  1791 self.latesterr  0  
[2023/09/06 15:59:26 563] transport  1862 transport_obj.send | out  
[2023/09/06 15:59:26 564] isr_local  2038 commit path:   res/asr/GrmBuilld/temp/commit  
[2023/09/06 15:59:26 578] isr_local  2076 commit success!  
[2023/09/06 15:59:26 582] isr_local  1409 esr_session_begin | esr_obj:start ret =  0  
[2023/09/06 15:59:26 582] isr_local  2122 esr_session_begin, ret =   0  
[2023/09/06 15:59:26 582] isr_local  2265 last gc at  1693987166  
[2023/09/06 15:59:26 680] isr_local  655  local engine ready  
[2023/09/06 15:59:26 680] isr_local  585  esr_flush_buf_audio buffer audio num:  0  
[2023/09/06 15:59:26 681] isr_local  630  local engine started  
[2023/09/06 15:59:26 712] isr_local  2126 ASR_LOCAL_MSG_AUW  
[2023/09/06 15:59:26 712] isr_local  1558 auwl =   3200  
[2023/09/06 15:59:26 713] isr_local  2135 esr_audio_write, ret =  nil  
[2023/09/06 15:59:26 713] isr_local  2265 last gc at  1693987166  
[2023/09/06 15:59:26 808] isr_local  2126 ASR_LOCAL_MSG_AUW  
[2023/09/06 15:59:26 809] isr_local  1558 auwl =   3200  
[2023/09/06 15:59:26 809] isr_local  2135 esr_audio_write, ret =  nil  
[2023/09/06 15:59:26 809] isr_local  2265 last gc at  1693987166  
[2023/09/06 15:59:26 919] isr_local  2126 ASR_LOCAL_MSG_AUW  
[2023/09/06 15:59:26 919] isr_local  1558 auwl =   3200  
[2023/09/06 15:59:26 920] isr_local  2135 esr_audio_write, ret =  nil  
[2023/09/06 15:59:26 920] isr_local  2265 last gc at  1693987166  
[2023/09/06 15:59:27 019] isr_local  2126 ASR_LOCAL_MSG_AUW  
[2023/09/06 15:59:27 020] isr_local  1558 auwl =   3200  
[2023/09/06 15:59:27 021] isr_local  2135 esr_audio_write, ret =  nil  
[2023/09/06 15:59:27 021] isr_local  2265 last gc at  1693987166  
[2023/09/06 15:59:27 119] isr_local  2126 ASR_LOCAL_MSG_AUW  
[2023/09/06 15:59:27 120] isr_local  1558 auwl =   3200  
[2023/09/06 15:59:27 120] isr_local  2135 esr_audio_write, ret =  nil  
[2023/09/06 15:59:27 121] isr_local  2265 last gc at  1693987166  
[2023/09/06 15:59:27 207] isr_local  2126 ASR_LOCAL_MSG_AUW  
[2023/09/06 15:59:27 207] isr_local  1558 auwl =   3200  
[2023/09/06 15:59:27 207] isr_local  2135 esr_audio_write, ret =  nil  
[2023/09/06 15:59:27 207] isr_local  2265 last gc at  1693987166  
[2023/09/06 15:59:27 314] isr_local  2126 ASR_LOCAL_MSG_AUW  
[2023/09/06 15:59:27 315] isr_local  1558 auwl =   3200  
[2023/09/06 15:59:27 315] isr_local  2135 esr_audio_write, ret =  nil  
[2023/09/06 15:59:27 316] isr_local  2265 last gc at  1693987166  
[2023/09/06 15:59:27 414] isr_local  2126 ASR_LOCAL_MSG_AUW  
[2023/09/06 15:59:27 414] isr_local  1558 auwl =   3200  
[2023/09/06 15:59:27 415] isr_local  2135 esr_audio_write, ret =  nil  
[2023/09/06 15:59:27 415] isr_local  2265 last gc at  1693987166  
[2023/09/06 15:59:27 514] isr_local  2126 ASR_LOCAL_MSG_AUW  
[2023/09/06 15:59:27 515] isr_local  1558 auwl =   3200  
[2023/09/06 15:59:27 515] isr_local  2135 esr_audio_write, ret =  nil  
[2023/09/06 15:59:27 516] isr_local  2265 last gc at  1693987166  
[2023/09/06 15:59:27 614] isr_local  2126 ASR_LOCAL_MSG_AUW  
[2023/09/06 15:59:27 615] isr_local  1558 auwl =   3200  
[2023/09/06 15:59:27 615] isr_local  2135 esr_audio_write, ret =  nil  
[2023/09/06 15:59:27 616] isr_local  2265 last gc at  1693987166  
[2023/09/06 15:59:27 714] isr_local  2126 ASR_LOCAL_MSG_AUW  
[2023/09/06 15:59:27 715] isr_local  1558 auwl =   3200  
[2023/09/06 15:59:27 715] isr_local  2135 esr_audio_write, ret =  nil  
[2023/09/06 15:59:27 716] isr_local  2265 last gc at  1693987166  
[2023/09/06 15:59:27 814] isr_local  2126 ASR_LOCAL_MSG_AUW  
[2023/09/06 15:59:27 815] isr_local  1558 auwl =   3200  
[2023/09/06 15:59:27 815] isr_local  2135 esr_audio_write, ret =  nil  
[2023/09/06 15:59:27 816] isr_local  2265 last gc at  1693987166  
[2023/09/06 15:59:27 913] isr_local  2126 ASR_LOCAL_MSG_AUW  
[2023/09/06 15:59:27 914] isr_local  1558 auwl =   3200  
[2023/09/06 15:59:27 915] isr_local  2135 esr_audio_write, ret =  nil  
[2023/09/06 15:59:27 915] isr_local  2265 last gc at  1693987166  
[2023/09/06 15:59:28 012] isr_local  2126 ASR_LOCAL_MSG_AUW  
[2023/09/06 15:59:28 013] isr_local  1558 auwl =   3200  
[2023/09/06 15:59:28 013] isr_local  2135 esr_audio_write, ret =  nil  
[2023/09/06 15:59:28 014] isr_local  2265 last gc at  1693987166  
[2023/09/06 15:59:28 104] isr_local  2126 ASR_LOCAL_MSG_AUW  
[2023/09/06 15:59:28 105] isr_local  1558 auwl =   3200  
[2023/09/06 15:59:28 105] isr_local  2135 esr_audio_write, ret =  nil  
[2023/09/06 15:59:28 106] isr_local  2265 last gc at  1693987166  
[2023/09/06 15:59:28 211] isr_local  2126 ASR_LOCAL_MSG_AUW  
[2023/09/06 15:59:28 212] isr_local  1558 auwl =   3200  
[2023/09/06 15:59:28 212] isr_local  2135 esr_audio_write, ret =  nil  
[2023/09/06 15:59:28 213] isr_local  2265 last gc at  1693987166  
[2023/09/06 15:59:28 304] isr_local  2126 ASR_LOCAL_MSG_AUW  
[2023/09/06 15:59:28 304] isr_local  1558 auwl =   3200  
[2023/09/06 15:59:28 304] isr_local  2135 esr_audio_write, ret =  nil  
[2023/09/06 15:59:28 304] isr_local  2265 last gc at  1693987166  
[2023/09/06 15:59:28 404] isr_local  2126 ASR_LOCAL_MSG_AUW  
[2023/09/06 15:59:28 405] isr_local  1558 auwl =   3200  
[2023/09/06 15:59:28 406] isr_local  2135 esr_audio_write, ret =  nil  
[2023/09/06 15:59:28 406] isr_local  2265 last gc at  1693987166  
[2023/09/06 15:59:28 504] isr_local  2126 ASR_LOCAL_MSG_AUW  
[2023/09/06 15:59:28 504] isr_local  1558 auwl =   3200  
[2023/09/06 15:59:28 504] isr_local  2135 esr_audio_write, ret =  nil  
[2023/09/06 15:59:28 504] isr_local  2265 last gc at  1693987166  
[2023/09/06 15:59:28 604] isr_local  2126 ASR_LOCAL_MSG_AUW  
[2023/09/06 15:59:28 604] isr_local  1558 auwl =   3200  
[2023/09/06 15:59:28 604] isr_local  2135 esr_audio_write, ret =  nil  
[2023/09/06 15:59:28 604] isr_local  2265 last gc at  1693987166  
[2023/09/06 15:59:28 704] isr_local  2126 ASR_LOCAL_MSG_AUW  
[2023/09/06 15:59:28 704] isr_local  1558 auwl =   3200  
[2023/09/06 15:59:28 704] isr_local  2135 esr_audio_write, ret =  nil  
[2023/09/06 15:59:28 704] isr_local  2265 last gc at  1693987166  
[2023/09/06 15:59:28 804] isr_local  2126 ASR_LOCAL_MSG_AUW  
[2023/09/06 15:59:28 804] isr_local  1558 auwl =   3200  
[2023/09/06 15:59:28 804] isr_local  2135 esr_audio_write, ret =  nil  
[2023/09/06 15:59:28 804] isr_local  2265 last gc at  1693987166  
[2023/09/06 15:59:28 904] isr_local  2126 ASR_LOCAL_MSG_AUW  
[2023/09/06 15:59:28 904] isr_local  1558 auwl =   3200  
[2023/09/06 15:59:28 904] isr_local  2135 esr_audio_write, ret =  nil  
[2023/09/06 15:59:28 904] isr_local  2265 last gc at  1693987166  
[2023/09/06 15:59:29 004] isr_local  2126 ASR_LOCAL_MSG_AUW  
[2023/09/06 15:59:29 004] isr_local  1558 auwl =   3200  
[2023/09/06 15:59:29 004] isr_local  2135 esr_audio_write, ret =  nil  
[2023/09/06 15:59:29 004] isr_local  2265 last gc at  1693987166  
[2023/09/06 15:59:29 104] isr_local  2126 ASR_LOCAL_MSG_AUW  
[2023/09/06 15:59:29 104] isr_local  1558 auwl =   3200  
[2023/09/06 15:59:29 104] isr_local  2135 esr_audio_write, ret =  nil  
[2023/09/06 15:59:29 104] isr_local  2265 last gc at  1693987166  
[2023/09/06 15:59:29 204] isr_local  2126 ASR_LOCAL_MSG_AUW  
[2023/09/06 15:59:29 204] isr_local  1558 auwl =   3200  
[2023/09/06 15:59:29 204] isr_local  2135 esr_audio_write, ret =  nil  
[2023/09/06 15:59:29 204] isr_local  2265 last gc at  1693987166  
[2023/09/06 15:59:29 315] isr_local  2126 ASR_LOCAL_MSG_AUW  
[2023/09/06 15:59:29 316] isr_local  1558 auwl =   3200  
[2023/09/06 15:59:29 316] isr_local  2135 esr_audio_write, ret =  nil  
[2023/09/06 15:59:29 317] isr_local  2265 last gc at  1693987166  
[2023/09/06 15:59:29 404] isr_local  2126 ASR_LOCAL_MSG_AUW  
[2023/09/06 15:59:29 404] isr_local  1558 auwl =   3200  
[2023/09/06 15:59:29 404] isr_local  2135 esr_audio_write, ret =  nil  
[2023/09/06 15:59:29 404] isr_local  2265 last gc at  1693987166  
[2023/09/06 15:59:29 504] isr_local  2126 ASR_LOCAL_MSG_AUW  
[2023/09/06 15:59:29 504] isr_local  1558 auwl =   2560  
[2023/09/06 15:59:29 504] isr_local  2135 esr_audio_write, ret =  nil  
[2023/09/06 15:59:29 504] isr_local  2265 last gc at  1693987166  
[2023/09/06 15:59:29 562] network    231  dns timeout!  ns1  
[2023/09/06 15:59:29 563] ns         457  ns dns failed, err =   10114  
[2023/09/06 15:59:29 563] network    445  gethttpresp2  117.121.48.5  80  ns2  
[2023/09/06 15:59:29 563] network    465  prot_type  tcp  
[2023/09/06 15:59:29 568] transport  306  [dns] [1] timeout!   
[2023/09/06 15:59:29 568] transport  74   dns_failed  
[2023/09/06 15:59:29 569] network    90   ipfromenv ,  ipcache  open.xf-yun.com  def  nil  
[2023/09/06 15:59:29 569] network    90   ipfromenv ,  ipcfg  open.xf-yun.com  def  nil  
[2023/09/06 15:59:29 570] transport  1298 [soc] connect   116.213.69.195  80  
[2023/09/06 15:59:29 571] transport  1310 mspsoc.open,prot_type=  tcp  
[2023/09/06 15:59:29 598] isr_local  669  final result will throw out next!  
[2023/09/06 15:59:29 598] isr_local  679  nRecognizeState:  1  
[2023/09/06 15:59:29 599] isr_local  680  nConfidenceScore:  0  
[2023/09/06 15:59:29 599] isr_local  728  result_type :   xml  
[2023/09/06 15:59:29 599] isr_local  729  result_encoding :   UTF-8  
[2023/09/06 15:59:29 599] isr_local  730  is iat :   true  
[2023/09/06 15:59:29 599] isr_local  771  no recognized result!  
[2023/09/06 15:59:29 600] isr_local  675  recognized end!  
[2023/09/06 15:59:29 603] isr_local  2140 ASR_LOCAL_MSG_SSE  
[2023/09/06 15:59:29 604] isr_local  1518 esr_session_end | esr_obj:stop ret =  0  
[2023/09/06 15:59:29 604] isr_local  2142 esr_session_end, ret =  0  
[2023/09/06 15:59:29 610] isr_local  2265 last gc at  1693987166  
[2023/09/06 15:59:29 635] isr_local  2182 SYS_MSG_SHUTDOWN_LOCAL  
[2023/09/06 15:59:29 694] isr_local  2265 last gc at  1693987166  
============================================================
Time  2023/09/06 15:59:30 303 
============================================================
[2023/09/06 15:59:30 303] isr_local  2168 os_type is:  Linux  
[2023/09/06 15:59:30 303] isr_local  2177 SYS_MSG_LOAD_LOCAL  
[2023/09/06 15:59:30 303] isr_local  2265 last gc at  1693987169  
[2023/09/06 15:59:30 304] isr_local  2206 SYS_MSG_REGCB_LOCAL| param0 =  msp_status_cb  
[2023/09/06 15:59:30 304] isr_local  2265 last gc at  1693987169  
[2023/09/06 15:59:30 304] isr_local  2206 SYS_MSG_REGCB_LOCAL| param0 =  local_service_cbmsg  
[2023/09/06 15:59:30 304] isr_local  2265 last gc at  1693987169  
[2023/09/06 15:59:30 305] isr_local  2114 ASR_LOCAL_MSG_SSB  
[2023/09/06 15:59:30 305] isr_local  1251 esr_session_begin | params:  engine_type=local,asr_res_path=fo|res/asr/common.jet,sample_rate=16000,grm_build_path=res/asr/GrmBuilld,local_grammar=call,result_type=xml,result_encoding=UTF-8  
[2023/09/06 15:59:30 305] isr_local  803  engine_type  :  local  
[2023/09/06 15:59:30 305] isr_local  803  asr_res_path  :  fo|res/asr/common.jet  
[2023/09/06 15:59:30 305] isr_local  803  sample_rate  :  16000  
[2023/09/06 15:59:30 305] isr_local  803  grm_build_path  :  res/asr/GrmBuilld  
[2023/09/06 15:59:30 306] isr_local  803  local_grammar  :  call  
[2023/09/06 15:59:30 306] isr_local  803  result_type  :  xml  
[2023/09/06 15:59:30 306] isr_local  803  result_encoding  :  UTF-8  
[2023/09/06 15:59:30 306] isr_local  1280 init aitalk in ssb  
[2023/09/06 15:59:30 306] isr_local  1162 esr_init | params:  engine_type=local,asr_res_path=fo|res/asr/common.jet,sample_rate=16000,grm_build_path=res/asr/GrmBuilld,local_grammar=call,result_type=xml,result_encoding=UTF-8  
[2023/09/06 15:59:30 306] isr_local  803  engine_type  :  local  
[2023/09/06 15:59:30 306] isr_local  803  asr_res_path  :  fo|res/asr/common.jet  
[2023/09/06 15:59:30 307] isr_local  803  sample_rate  :  16000  
[2023/09/06 15:59:30 307] isr_local  803  grm_build_path  :  res/asr/GrmBuilld  
[2023/09/06 15:59:30 307] isr_local  803  local_grammar  :  call  
[2023/09/06 15:59:30 307] isr_local  803  result_type  :  xml  
[2023/09/06 15:59:30 307] isr_local  803  result_encoding  :  UTF-8  
[2023/09/06 15:59:30 307] isr_local  1083  lucEsr.new   
[2023/09/06 15:59:30 308] isr_local  1000 file count =   1  
[2023/09/06 15:59:30 308] isr_local  923  file open type is:   fo  
[2023/09/06 15:59:30 308] isr_local  956  res/asr/common.jet  0  0  
[2023/09/06 15:59:30 308] isr_local  1018 speech_plus_setting  0  
[2023/09/06 15:59:30 308] isr_local  1031 2  nil  res/asr/common.jet  0  0  
[2023/09/06 15:59:30 308] isr_local  1033 res_ver  2  
[2023/09/06 15:59:30 309] isr_local  1034 res 5  62dd61c88201165be2937d82ec3543bf  
[2023/09/06 15:59:30 309] isr_local  1035 res_new_old_mark  v5pp  
[2023/09/06 15:59:30 309] isr_local  1036 res_usr_name  ""  
[2023/09/06 15:59:30 309] isr_local  1037 res_expires    
[2023/09/06 15:59:30 309] isr_local  1038 err  0  
[2023/09/06 15:59:30 309] isr_local  1054 lgi appid 5  62dd61c88201165be2937d82ec3543bf  
[2023/09/06 15:59:30 309] isr_local  1065 res_expires is null  
[2023/09/06 15:59:30 310] auth       74   aitalk  app  nil  nil  {"aitalk":{"ver":"2","bus":{"forbid":"0","nlimit":2020}}}  
[2023/09/06 15:59:30 311] auth       312  nil  
[2023/09/06 15:59:30 337] isr_local  1294 authorized_aitalk=  nil  
[2023/09/06 15:59:30 337] isr_local  1295 forbid_aitalk=  0  
[2023/09/06 15:59:30 337] auth       570  aitalk  table(78063c90) nil  nil  appid = 5e7d9f3e  
[2023/09/06 15:59:30 338] auth       579  app  nil  nil  nil  
[2023/09/06 15:59:30 338] auth       636  ath rquest  {"authorize":[{"busin":"aitalk","ver":"2.1.1"}]}  
[2023/09/06 15:59:30 342] transport  642  paramkvsport is   nil  
[2023/09/06 15:59:30 342] transport  654  ns_enable=  1  
[2023/09/06 15:59:30 342] transport  656  2017-08--24 is_ns_need_close =   nil  
[2023/09/06 15:59:30 343] transport  662  net.nettype=  standard  
[2023/09/06 15:59:30 343] transport  672  url.full=  nil  
[2023/09/06 15:59:30 343] transport  673  urltmp=  nil  
[2023/09/06 15:59:30 343] transport  677  server_url_host=, server_url_port=, server_url_path=  open.xf-yun.com  nil  /msp.do  
[2023/09/06 15:59:30 344] transport  705  url.full=  nil  
[2023/09/06 15:59:30 344] transport  890  switch 80  
[2023/09/06 15:59:30 344] transport  902  net type:  standard  
[2023/09/06 15:59:30 344] transport  903  net operator:  def  
[2023/09/06 15:59:30 345] transport  904  use proxy:  false  
[2023/09/06 15:59:30 345] auth       691  not login!  
[2023/09/06 15:59:30 345] auth       528  [session] send auth request  
[2023/09/06 15:59:30 346] transport  1102 session.domain=  open.xf-yun.com  
[2023/09/06 15:59:30 346] transport  1103 url.host=  open.xf-yun.com  
[2023/09/06 15:59:30 346] transport  1080 NAMESERVER START  
[2023/09/06 15:59:30 346] transport  1083 name =   ath  
[2023/09/06 15:59:30 347] ns         629  ntt=  standard  
[2023/09/06 15:59:30 347] transport  1086 trans,ns_inprog =  0  
[2023/09/06 15:59:30 347] ns         585  name server start  
[2023/09/06 15:59:30 347] ns         586  ns_sub =   ath  
[2023/09/06 15:59:30 348] ns         588  ns_host=  open.xf-yun.com  
[2023/09/06 15:59:30 348] ns         479  ns_host=  open.xf-yun.com  
[2023/09/06 15:59:30 348] ns         558  GET /sip/resolver?srand=0906155911.32 HTTP/1.1
Host: hdns.openspeech.cn
Connection: Keep-Alive
X-Par: ver=1.3&appid=5e7d9f3e&operator=UNKNOW&nettype=STANDARD&cver=5.0.38.1195&svc=ath&host=open.xf-yun.com&sign=2f7c9476c969e84832f1e3ba6441f5ca
User-Agent: iFLYCloud

  
[2023/09/06 15:59:30 349] ns         559  net_type =  standard  
[2023/09/06 15:59:30 349] ns         560  cmwapascmnet =  
[2023/09/06 15:59:30 349] ns         561  uniwapasuninet =  
[2023/09/06 15:59:30 349] ns         562  ctwapasctnet =  
[2023/09/06 15:59:30 350] ns         579  host=  hdns.openspeech.cn  
[2023/09/06 15:59:30 350] network    263  gethostbyname  hdns.openspeech.cn  ns1  
[2023/09/06 15:59:30 352] auth       535  0  
[2023/09/06 15:59:30 352] auth       498  lver:  nil  
[2023/09/06 15:59:30 353] auth       503  cfg_ver:  nil  
[2023/09/06 15:59:30 353] transport  1849 transport_obj.send | in  
[2023/09/06 15:59:30 353] transport  1855 self.msg_flag_q  table(7803e3d0) 
[2023/09/06 15:59:30 353] transport  1856 self.msg_q  table(7803e310) 
[2023/09/06 15:59:30 353] transport  1788 transport_obj.try2send | in  
[2023/09/06 15:59:30 353] transport  1789 self.soc  nil  
[2023/09/06 15:59:30 353] transport  1790 self.connected  false  
[2023/09/06 15:59:30 353] transport  1791 self.latesterr  0  
[2023/09/06 15:59:30 353] transport  1862 transport_obj.send | out  
[2023/09/06 15:59:30 354] isr_local  2038 commit path:   res/asr/GrmBuilld/temp/commit  
[2023/09/06 15:59:30 369] isr_local  2076 commit success!  
[2023/09/06 15:59:30 383] isr_local  1409 esr_session_begin | esr_obj:start ret =  0  
[2023/09/06 15:59:30 383] isr_local  2122 esr_session_begin, ret =   0  
[2023/09/06 15:59:30 383] isr_local  2265 last gc at  1693987169  
[2023/09/06 15:59:30 481] isr_local  655  local engine ready  
[2023/09/06 15:59:30 481] isr_local  585  esr_flush_buf_audio buffer audio num:  0  
[2023/09/06 15:59:30 481] isr_local  630  local engine started  
[2023/09/06 15:59:30 507] isr_local  2126 ASR_LOCAL_MSG_AUW  
[2023/09/06 15:59:30 508] isr_local  1558 auwl =   3200  
[2023/09/06 15:59:30 508] isr_local  2135 esr_audio_write, ret =  nil  
[2023/09/06 15:59:30 508] isr_local  2265 last gc at  1693987169  
[2023/09/06 15:59:30 596] isr_local  2126 ASR_LOCAL_MSG_AUW  
[2023/09/06 15:59:30 597] isr_local  1558 auwl =   3200  
[2023/09/06 15:59:30 597] isr_local  2135 esr_audio_write, ret =  nil  
[2023/09/06 15:59:30 597] isr_local  2265 last gc at  1693987169  
[2023/09/06 15:59:30 704] isr_local  2126 ASR_LOCAL_MSG_AUW  
[2023/09/06 15:59:30 704] isr_local  1558 auwl =   3200  
[2023/09/06 15:59:30 705] isr_local  2135 esr_audio_write, ret =  nil  
[2023/09/06 15:59:30 705] isr_local  2265 last gc at  1693987169  
[2023/09/06 15:59:30 809] isr_local  2126 ASR_LOCAL_MSG_AUW  
[2023/09/06 15:59:30 809] isr_local  1558 auwl =   3200  
[2023/09/06 15:59:30 810] isr_local  2135 esr_audio_write, ret =  nil  
[2023/09/06 15:59:30 810] isr_local  2265 last gc at  1693987169  
[2023/09/06 15:59:30 907] isr_local  2126 ASR_LOCAL_MSG_AUW  
[2023/09/06 15:59:30 908] isr_local  1558 auwl =   3200  
[2023/09/06 15:59:30 909] isr_local  2135 esr_audio_write, ret =  nil  
[2023/09/06 15:59:30 909] isr_local  2265 last gc at  1693987169  
[2023/09/06 15:59:31 007] isr_local  2126 ASR_LOCAL_MSG_AUW  
[2023/09/06 15:59:31 008] isr_local  1558 auwl =   3200  
[2023/09/06 15:59:31 009] isr_local  2135 esr_audio_write, ret =  nil  
[2023/09/06 15:59:31 009] isr_local  2265 last gc at  1693987169  
[2023/09/06 15:59:31 107] isr_local  2126 ASR_LOCAL_MSG_AUW  
[2023/09/06 15:59:31 108] isr_local  1558 auwl =   3200  
[2023/09/06 15:59:31 109] isr_local  2135 esr_audio_write, ret =  nil  
[2023/09/06 15:59:31 109] isr_local  2265 last gc at  1693987169  
[2023/09/06 15:59:31 208] isr_local  2126 ASR_LOCAL_MSG_AUW  
[2023/09/06 15:59:31 209] isr_local  1558 auwl =   3200  
[2023/09/06 15:59:31 209] isr_local  2135 esr_audio_write, ret =  nil  
[2023/09/06 15:59:31 210] isr_local  2265 last gc at  1693987169  
[2023/09/06 15:59:31 307] isr_local  2126 ASR_LOCAL_MSG_AUW  
[2023/09/06 15:59:31 308] isr_local  1558 auwl =   3200  
[2023/09/06 15:59:31 309] isr_local  2135 esr_audio_write, ret =  nil  
[2023/09/06 15:59:31 309] isr_local  2265 last gc at  1693987169  
[2023/09/06 15:59:31 408] isr_local  2126 ASR_LOCAL_MSG_AUW  
[2023/09/06 15:59:31 408] isr_local  1558 auwl =   3200  
[2023/09/06 15:59:31 409] isr_local  2135 esr_audio_write, ret =  nil  
[2023/09/06 15:59:31 409] isr_local  2265 last gc at  1693987169  
[2023/09/06 15:59:31 498] isr_local  2126 ASR_LOCAL_MSG_AUW  
[2023/09/06 15:59:31 498] isr_local  1558 auwl =   3200  
[2023/09/06 15:59:31 498] isr_local  2135 esr_audio_write, ret =  nil  
[2023/09/06 15:59:31 499] isr_local  2265 last gc at  1693987169  
[2023/09/06 15:59:31 596] isr_local  2126 ASR_LOCAL_MSG_AUW  
[2023/09/06 15:59:31 597] isr_local  1558 auwl =   3200  
[2023/09/06 15:59:31 597] isr_local  2135 esr_audio_write, ret =  nil  
[2023/09/06 15:59:31 597] isr_local  2265 last gc at  1693987169  
[2023/09/06 15:59:31 707] isr_local  2126 ASR_LOCAL_MSG_AUW  
[2023/09/06 15:59:31 708] isr_local  1558 auwl =   3200  
[2023/09/06 15:59:31 709] isr_local  2135 esr_audio_write, ret =  nil  
[2023/09/06 15:59:31 709] isr_local  2265 last gc at  1693987169  
[2023/09/06 15:59:31 807] isr_local  2126 ASR_LOCAL_MSG_AUW  
[2023/09/06 15:59:31 808] isr_local  1558 auwl =   3200  
[2023/09/06 15:59:31 809] isr_local  2135 esr_audio_write, ret =  nil  
[2023/09/06 15:59:31 809] isr_local  2265 last gc at  1693987169  
[2023/09/06 15:59:31 907] isr_local  2126 ASR_LOCAL_MSG_AUW  
[2023/09/06 15:59:31 908] isr_local  1558 auwl =   3200  
[2023/09/06 15:59:31 909] isr_local  2135 esr_audio_write, ret =  nil  
[2023/09/06 15:59:31 909] isr_local  2265 last gc at  1693987169  
[2023/09/06 15:59:32 008] isr_local  2126 ASR_LOCAL_MSG_AUW  
[2023/09/06 15:59:32 009] isr_local  1558 auwl =   3200  
[2023/09/06 15:59:32 010] isr_local  2135 esr_audio_write, ret =  nil  
[2023/09/06 15:59:32 010] isr_local  2265 last gc at  1693987169  
[2023/09/06 15:59:32 108] isr_local  2126 ASR_LOCAL_MSG_AUW  
[2023/09/06 15:59:32 109] isr_local  1558 auwl =   3200  
[2023/09/06 15:59:32 109] isr_local  2135 esr_audio_write, ret =  nil  
[2023/09/06 15:59:32 110] isr_local  2265 last gc at  1693987169  
[2023/09/06 15:59:32 199] isr_local  2126 ASR_LOCAL_MSG_AUW  
[2023/09/06 15:59:32 199] isr_local  1558 auwl =   3200  
[2023/09/06 15:59:32 199] isr_local  2135 esr_audio_write, ret =  nil  
[2023/09/06 15:59:32 200] isr_local  2265 last gc at  1693987169  
[2023/09/06 15:59:32 293] isr_local  2126 ASR_LOCAL_MSG_AUW  
[2023/09/06 15:59:32 293] isr_local  1558 auwl =   3200  
[2023/09/06 15:59:32 293] isr_local  2135 esr_audio_write, ret =  nil  
[2023/09/06 15:59:32 293] isr_local  2265 last gc at  1693987169  
[2023/09/06 15:59:32 393] isr_local  2126 ASR_LOCAL_MSG_AUW  
[2023/09/06 15:59:32 393] isr_local  1558 auwl =   3200  
[2023/09/06 15:59:32 393] isr_local  2135 esr_audio_write, ret =  nil  
[2023/09/06 15:59:32 393] isr_local  2265 last gc at  1693987169  
[2023/09/06 15:59:32 493] isr_local  2126 ASR_LOCAL_MSG_AUW  
[2023/09/06 15:59:32 493] isr_local  1558 auwl =   3200  
[2023/09/06 15:59:32 493] isr_local  2135 esr_audio_write, ret =  nil  
[2023/09/06 15:59:32 493] isr_local  2265 last gc at  1693987169  
[2023/09/06 15:59:32 597] isr_local  2126 ASR_LOCAL_MSG_AUW  
[2023/09/06 15:59:32 598] isr_local  1558 auwl =   3200  
[2023/09/06 15:59:32 598] isr_local  2135 esr_audio_write, ret =  nil  
[2023/09/06 15:59:32 598] isr_local  2265 last gc at  1693987169  
[2023/09/06 15:59:32 693] isr_local  2126 ASR_LOCAL_MSG_AUW  
[2023/09/06 15:59:32 693] isr_local  1558 auwl =   3200  
[2023/09/06 15:59:32 693] isr_local  2135 esr_audio_write, ret =  nil  
[2023/09/06 15:59:32 693] isr_local  2265 last gc at  1693987169  
[2023/09/06 15:59:32 795] isr_local  2126 ASR_LOCAL_MSG_AUW  
[2023/09/06 15:59:32 795] isr_local  1558 auwl =   3200  
[2023/09/06 15:59:32 795] isr_local  2135 esr_audio_write, ret =  nil  
[2023/09/06 15:59:32 795] isr_local  2265 last gc at  1693987169  
[2023/09/06 15:59:32 893] isr_local  2126 ASR_LOCAL_MSG_AUW  
[2023/09/06 15:59:32 893] isr_local  1558 auwl =   3200  
[2023/09/06 15:59:32 893] isr_local  2135 esr_audio_write, ret =  nil  
[2023/09/06 15:59:32 893] isr_local  2265 last gc at  1693987169  
[2023/09/06 15:59:32 993] isr_local  2126 ASR_LOCAL_MSG_AUW  
[2023/09/06 15:59:32 993] isr_local  1558 auwl =   3200  
[2023/09/06 15:59:32 993] isr_local  2135 esr_audio_write, ret =  nil  
[2023/09/06 15:59:32 993] isr_local  2265 last gc at  1693987169  
[2023/09/06 15:59:33 093] isr_local  2126 ASR_LOCAL_MSG_AUW  
[2023/09/06 15:59:33 093] isr_local  1558 auwl =   3200  
[2023/09/06 15:59:33 093] isr_local  2135 esr_audio_write, ret =  nil  
[2023/09/06 15:59:33 093] isr_local  2265 last gc at  1693987169  
[2023/09/06 15:59:33 193] isr_local  2126 ASR_LOCAL_MSG_AUW  
[2023/09/06 15:59:33 193] isr_local  1558 auwl =   3200  
[2023/09/06 15:59:33 193] isr_local  2135 esr_audio_write, ret =  nil  
[2023/09/06 15:59:33 193] isr_local  2265 last gc at  1693987169  
[2023/09/06 15:59:33 290] isr_local  2126 ASR_LOCAL_MSG_AUW  
[2023/09/06 15:59:33 290] isr_local  1558 auwl =   2560  
[2023/09/06 15:59:33 290] isr_local  2135 esr_audio_write, ret =  nil  
[2023/09/06 15:59:33 291] isr_local  2265 last gc at  1693987169  
[2023/09/06 15:59:33 352] transport  306  [dns] [1] timeout!   
[2023/09/06 15:59:33 352] transport  74   dns_failed  
[2023/09/06 15:59:33 352] network    90   ipfromenv ,  ipcache  open.xf-yun.com  def  nil  
[2023/09/06 15:59:33 352] network    90   ipfromenv ,  ipcfg  open.xf-yun.com  def  nil  
[2023/09/06 15:59:33 352] transport  1298 [soc] connect   116.213.69.195  80  
[2023/09/06 15:59:33 352] transport  1310 mspsoc.open,prot_type=  tcp  
[2023/09/06 15:59:33 355] network    231  dns timeout!  ns1  
[2023/09/06 15:59:33 355] ns         457  ns dns failed, err =   10114  
[2023/09/06 15:59:33 356] network    445  gethttpresp2  117.121.48.5  80  ns2  
[2023/09/06 15:59:33 356] network    465  prot_type  tcp  
[2023/09/06 15:59:33 385] isr_local  669  final result will throw out next!  
[2023/09/06 15:59:33 385] isr_local  679  nRecognizeState:  1  
[2023/09/06 15:59:33 385] isr_local  680  nConfidenceScore:  87  
[2023/09/06 15:59:33 385] isr_local  728  result_type :   xml  
[2023/09/06 15:59:33 385] isr_local  729  result_encoding :   UTF-8  
[2023/09/06 15:59:33 385] isr_local  730  is iat :   false  
[2023/09/06 15:59:33 385] isr_local  469  item_count:1  
[2023/09/06 15:59:33 386] isr_local  469  item_count:1  
[2023/09/06 15:59:33 386] isr_local  293  nil  
[2023/09/06 15:59:33 386] isr_local  675  recognized end!  
[2023/09/06 15:59:33 389] isr_local  2140 ASR_LOCAL_MSG_SSE  
[2023/09/06 15:59:33 389] isr_local  1518 esr_session_end | esr_obj:stop ret =  0  
[2023/09/06 15:59:33 389] isr_local  2142 esr_session_end, ret =  0  
[2023/09/06 15:59:33 393] isr_local  2265 last gc at  1693987169  
[2023/09/06 15:59:33 444] isr_local  2182 SYS_MSG_SHUTDOWN_LOCAL  
[2023/09/06 15:59:33 503] isr_local  2265 last gc at  1693987169  
============================================================
Time  2023/09/06 15:59:34 189 
============================================================
[2023/09/06 15:59:34 189] isr_local  2168 os_type is:  Linux  
[2023/09/06 15:59:34 189] isr_local  2177 SYS_MSG_LOAD_LOCAL  
[2023/09/06 15:59:34 189] isr_local  2265 last gc at  1693987173  
[2023/09/06 15:59:34 190] isr_local  2206 SYS_MSG_REGCB_LOCAL| param0 =  msp_status_cb  
[2023/09/06 15:59:34 190] isr_local  2265 last gc at  1693987173  
[2023/09/06 15:59:34 190] isr_local  2206 SYS_MSG_REGCB_LOCAL| param0 =  local_service_cbmsg  
[2023/09/06 15:59:34 191] isr_local  2265 last gc at  1693987173  
[2023/09/06 15:59:34 191] isr_local  2114 ASR_LOCAL_MSG_SSB  
[2023/09/06 15:59:34 191] isr_local  1251 esr_session_begin | params:  engine_type=local,asr_res_path=fo|res/asr/common.jet,sample_rate=16000,grm_build_path=res/asr/GrmBuilld,local_grammar=call,result_type=xml,result_encoding=UTF-8  
[2023/09/06 15:59:34 191] isr_local  803  engine_type  :  local  
[2023/09/06 15:59:34 191] isr_local  803  asr_res_path  :  fo|res/asr/common.jet  
[2023/09/06 15:59:34 192] isr_local  803  sample_rate  :  16000  
[2023/09/06 15:59:34 192] isr_local  803  grm_build_path  :  res/asr/GrmBuilld  
[2023/09/06 15:59:34 192] isr_local  803  local_grammar  :  call  
[2023/09/06 15:59:34 192] isr_local  803  result_type  :  xml  
[2023/09/06 15:59:34 192] isr_local  803  result_encoding  :  UTF-8  
[2023/09/06 15:59:34 192] isr_local  1280 init aitalk in ssb  
[2023/09/06 15:59:34 192] isr_local  1162 esr_init | params:  engine_type=local,asr_res_path=fo|res/asr/common.jet,sample_rate=16000,grm_build_path=res/asr/GrmBuilld,local_grammar=call,result_type=xml,result_encoding=UTF-8  
[2023/09/06 15:59:34 192] isr_local  803  engine_type  :  local  
[2023/09/06 15:59:34 193] isr_local  803  asr_res_path  :  fo|res/asr/common.jet  
[2023/09/06 15:59:34 193] isr_local  803  sample_rate  :  16000  
[2023/09/06 15:59:34 193] isr_local  803  grm_build_path  :  res/asr/GrmBuilld  
[2023/09/06 15:59:34 193] isr_local  803  local_grammar  :  call  
[2023/09/06 15:59:34 193] isr_local  803  result_type  :  xml  
[2023/09/06 15:59:34 193] isr_local  803  result_encoding  :  UTF-8  
[2023/09/06 15:59:34 193] isr_local  1083  lucEsr.new   
[2023/09/06 15:59:34 194] isr_local  1000 file count =   1  
[2023/09/06 15:59:34 194] isr_local  923  file open type is:   fo  
[2023/09/06 15:59:34 194] isr_local  956  res/asr/common.jet  0  0  
[2023/09/06 15:59:34 194] isr_local  1018 speech_plus_setting  0  
[2023/09/06 15:59:34 194] isr_local  1031 2  nil  res/asr/common.jet  0  0  
[2023/09/06 15:59:34 195] isr_local  1033 res_ver  2  
[2023/09/06 15:59:34 195] isr_local  1034 res 5  62dd61c88201165be2937d82ec3543bf  
[2023/09/06 15:59:34 195] isr_local  1035 res_new_old_mark  v5pp  
[2023/09/06 15:59:34 195] isr_local  1036 res_usr_name  ""  
[2023/09/06 15:59:34 195] isr_local  1037 res_expires    
[2023/09/06 15:59:34 195] isr_local  1038 err  0  
[2023/09/06 15:59:34 195] isr_local  1054 lgi appid 5  62dd61c88201165be2937d82ec3543bf  
[2023/09/06 15:59:34 196] isr_local  1065 res_expires is null  
[2023/09/06 15:59:34 197] auth       74   aitalk  app  nil  nil  {"aitalk":{"ver":"2","bus":{"forbid":"0","nlimit":2020}}}  
[2023/09/06 15:59:34 197] auth       312  nil  
[2023/09/06 15:59:34 222] isr_local  1294 authorized_aitalk=  nil  
[2023/09/06 15:59:34 222] isr_local  1295 forbid_aitalk=  0  
[2023/09/06 15:59:34 223] auth       570  aitalk  table(84063e50) nil  nil  appid = 5e7d9f3e  
[2023/09/06 15:59:34 223] auth       579  app  nil  nil  nil  
[2023/09/06 15:59:34 223] auth       636  ath rquest  {"authorize":[{"busin":"aitalk","ver":"2.1.1"}]}  
[2023/09/06 15:59:34 227] transport  642  paramkvsport is   nil  
[2023/09/06 15:59:34 227] transport  654  ns_enable=  1  
[2023/09/06 15:59:34 227] transport  656  2017-08--24 is_ns_need_close =   nil  
[2023/09/06 15:59:34 227] transport  662  net.nettype=  standard  
[2023/09/06 15:59:34 228] transport  672  url.full=  nil  
[2023/09/06 15:59:34 228] transport  673  urltmp=  nil  
[2023/09/06 15:59:34 228] transport  677  server_url_host=, server_url_port=, server_url_path=  open.xf-yun.com  nil  /msp.do  
[2023/09/06 15:59:34 228] transport  705  url.full=  nil  
[2023/09/06 15:59:34 229] transport  890  switch 80  
[2023/09/06 15:59:34 229] transport  902  net type:  standard  
[2023/09/06 15:59:34 229] transport  903  net operator:  def  
[2023/09/06 15:59:34 229] transport  904  use proxy:  false  
[2023/09/06 15:59:34 229] auth       691  not login!  
[2023/09/06 15:59:34 230] auth       528  [session] send auth request  
[2023/09/06 15:59:34 230] transport  1102 session.domain=  open.xf-yun.com  
[2023/09/06 15:59:34 230] transport  1103 url.host=  open.xf-yun.com  
[2023/09/06 15:59:34 231] transport  1080 NAMESERVER START  
[2023/09/06 15:59:34 231] transport  1083 name =   ath  
[2023/09/06 15:59:34 231] ns         629  ntt=  standard  
[2023/09/06 15:59:34 231] transport  1086 trans,ns_inprog =  0  
[2023/09/06 15:59:34 231] ns         585  name server start  
[2023/09/06 15:59:34 232] ns         586  ns_sub =   ath  
[2023/09/06 15:59:34 232] ns         588  ns_host=  open.xf-yun.com  
[2023/09/06 15:59:34 232] ns         479  ns_host=  open.xf-yun.com  
[2023/09/06 15:59:34 233] ns         558  GET /sip/resolver?srand=0906155911.32 HTTP/1.1
Host: hdns.openspeech.cn
Connection: Keep-Alive
X-Par: ver=1.3&appid=5e7d9f3e&operator=UNKNOW&nettype=STANDARD&cver=5.0.38.1195&svc=ath&host=open.xf-yun.com&sign=2f7c9476c969e84832f1e3ba6441f5ca
User-Agent: iFLYCloud

  
[2023/09/06 15:59:34 233] ns         559  net_type =  standard  
[2023/09/06 15:59:34 233] ns         560  cmwapascmnet =  
[2023/09/06 15:59:34 233] ns         561  uniwapasuninet =  
[2023/09/06 15:59:34 234] ns         562  ctwapasctnet =  
[2023/09/06 15:59:34 234] ns         579  host=  hdns.openspeech.cn  
[2023/09/06 15:59:34 234] network    263  gethostbyname  hdns.openspeech.cn  ns1  
[2023/09/06 15:59:34 236] auth       535  0  
[2023/09/06 15:59:34 237] auth       498  lver:  nil  
[2023/09/06 15:59:34 238] auth       503  cfg_ver:  nil  
[2023/09/06 15:59:34 238] transport  1849 transport_obj.send | in  
[2023/09/06 15:59:34 238] transport  1855 self.msg_flag_q  table(840811e0) 
[2023/09/06 15:59:34 238] transport  1856 self.msg_q  table(8407ce00) 
[2023/09/06 15:59:34 238] transport  1788 transport_obj.try2send | in  
[2023/09/06 15:59:34 238] transport  1789 self.soc  nil  
[2023/09/06 15:59:34 238] transport  1790 self.connected  false  
[2023/09/06 15:59:34 239] transport  1791 self.latesterr  0  
[2023/09/06 15:59:34 239] transport  1862 transport_obj.send | out  
[2023/09/06 15:59:34 239] isr_local  2038 commit path:   res/asr/GrmBuilld/temp/commit  
[2023/09/06 15:59:34 254] isr_local  2076 commit success!  
[2023/09/06 15:59:34 258] isr_local  1409 esr_session_begin | esr_obj:start ret =  0  
[2023/09/06 15:59:34 258] isr_local  2122 esr_session_begin, ret =   0  
[2023/09/06 15:59:34 258] isr_local  2265 last gc at  1693987173  
[2023/09/06 15:59:34 357] isr_local  655  local engine ready  
[2023/09/06 15:59:34 357] isr_local  585  esr_flush_buf_audio buffer audio num:  0  
[2023/09/06 15:59:34 358] isr_local  630  local engine started  
[2023/09/06 15:59:34 384] isr_local  2126 ASR_LOCAL_MSG_AUW  
[2023/09/06 15:59:34 384] isr_local  1558 auwl =   3200  
[2023/09/06 15:59:34 385] isr_local  2135 esr_audio_write, ret =  nil  
[2023/09/06 15:59:34 385] isr_local  2265 last gc at  1693987173  
[2023/09/06 15:59:34 482] isr_local  2126 ASR_LOCAL_MSG_AUW  
[2023/09/06 15:59:34 482] isr_local  1558 auwl =   3200  
[2023/09/06 15:59:34 483] isr_local  2135 esr_audio_write, ret =  nil  
[2023/09/06 15:59:34 483] isr_local  2265 last gc at  1693987173  
[2023/09/06 15:59:34 592] isr_local  2126 ASR_LOCAL_MSG_AUW  
[2023/09/06 15:59:34 593] isr_local  1558 auwl =   3200  
[2023/09/06 15:59:34 594] isr_local  2135 esr_audio_write, ret =  nil  
[2023/09/06 15:59:34 594] isr_local  2265 last gc at  1693987173  
[2023/09/06 15:59:34 692] isr_local  2126 ASR_LOCAL_MSG_AUW  
[2023/09/06 15:59:34 692] isr_local  1558 auwl =   3200  
[2023/09/06 15:59:34 693] isr_local  2135 esr_audio_write, ret =  nil  
[2023/09/06 15:59:34 693] isr_local  2265 last gc at  1693987173  
[2023/09/06 15:59:34 782] isr_local  2126 ASR_LOCAL_MSG_AUW  
[2023/09/06 15:59:34 782] isr_local  1558 auwl =   3200  
[2023/09/06 15:59:34 782] isr_local  2135 esr_audio_write, ret =  nil  
[2023/09/06 15:59:34 783] isr_local  2265 last gc at  1693987173  
[2023/09/06 15:59:34 881] isr_local  2126 ASR_LOCAL_MSG_AUW  
[2023/09/06 15:59:34 881] isr_local  1558 auwl =   3200  
[2023/09/06 15:59:34 881] isr_local  2135 esr_audio_write, ret =  nil  
[2023/09/06 15:59:34 881] isr_local  2265 last gc at  1693987173  
[2023/09/06 15:59:34 991] isr_local  2126 ASR_LOCAL_MSG_AUW  
[2023/09/06 15:59:34 992] isr_local  1558 auwl =   3200  
[2023/09/06 15:59:34 993] isr_local  2135 esr_audio_write, ret =  nil  
[2023/09/06 15:59:34 993] isr_local  2265 last gc at  1693987173  
[2023/09/06 15:59:35 091] isr_local  2126 ASR_LOCAL_MSG_AUW  
[2023/09/06 15:59:35 092] isr_local  1558 auwl =   3200  
[2023/09/06 15:59:35 093] isr_local  2135 esr_audio_write, ret =  nil  
[2023/09/06 15:59:35 093] isr_local  2265 last gc at  1693987173  
[2023/09/06 15:59:35 192] isr_local  2126 ASR_LOCAL_MSG_AUW  
[2023/09/06 15:59:35 192] isr_local  1558 auwl =   3200  
[2023/09/06 15:59:35 193] isr_local  2135 esr_audio_write, ret =  nil  
[2023/09/06 15:59:35 193] isr_local  2265 last gc at  1693987173  
[2023/09/06 15:59:35 291] isr_local  2126 ASR_LOCAL_MSG_AUW  
[2023/09/06 15:59:35 292] isr_local  1558 auwl =   3200  
[2023/09/06 15:59:35 293] isr_local  2135 esr_audio_write, ret =  nil  
[2023/09/06 15:59:35 293] isr_local  2265 last gc at  1693987173  
[2023/09/06 15:59:35 391] isr_local  2126 ASR_LOCAL_MSG_AUW  
[2023/09/06 15:59:35 392] isr_local  1558 auwl =   3200  
[2023/09/06 15:59:35 393] isr_local  2135 esr_audio_write, ret =  nil  
[2023/09/06 15:59:35 393] isr_local  2265 last gc at  1693987173  
[2023/09/06 15:59:35 492] isr_local  2126 ASR_LOCAL_MSG_AUW  
[2023/09/06 15:59:35 493] isr_local  1558 auwl =   3200  
[2023/09/06 15:59:35 494] isr_local  2135 esr_audio_write, ret =  nil  
[2023/09/06 15:59:35 495] isr_local  2265 last gc at  1693987173  
[2023/09/06 15:59:35 592] isr_local  2126 ASR_LOCAL_MSG_AUW  
[2023/09/06 15:59:35 592] isr_local  1558 auwl =   3200  
[2023/09/06 15:59:35 593] isr_local  2135 esr_audio_write, ret =  nil  
[2023/09/06 15:59:35 594] isr_local  2265 last gc at  1693987173  
[2023/09/06 15:59:35 692] isr_local  2126 ASR_LOCAL_MSG_AUW  
[2023/09/06 15:59:35 693] isr_local  1558 auwl =   3200  
[2023/09/06 15:59:35 694] isr_local  2135 esr_audio_write, ret =  nil  
[2023/09/06 15:59:35 694] isr_local  2265 last gc at  1693987173  
[2023/09/06 15:59:35 791] isr_local  2126 ASR_LOCAL_MSG_AUW  
[2023/09/06 15:59:35 792] isr_local  1558 auwl =   3200  
[2023/09/06 15:59:35 793] isr_local  2135 esr_audio_write, ret =  nil  
[2023/09/06 15:59:35 793] isr_local  2265 last gc at  1693987173  
[2023/09/06 15:59:35 881] isr_local  2126 ASR_LOCAL_MSG_AUW  
[2023/09/06 15:59:35 881] isr_local  1558 auwl =   3200  
[2023/09/06 15:59:35 882] isr_local  2135 esr_audio_write, ret =  nil  
[2023/09/06 15:59:35 882] isr_local  2265 last gc at  1693987173  
[2023/09/06 15:59:35 992] isr_local  2126 ASR_LOCAL_MSG_AUW  
[2023/09/06 15:59:35 993] isr_local  1558 auwl =   3200  
[2023/09/06 15:59:35 993] isr_local  2135 esr_audio_write, ret =  nil  
[2023/09/06 15:59:35 994] isr_local  2265 last gc at  1693987173  
[2023/09/06 15:59:36 092] isr_local  2126 ASR_LOCAL_MSG_AUW  
[2023/09/06 15:59:36 092] isr_local  1558 auwl =   3200  
[2023/09/06 15:59:36 093] isr_local  2135 esr_audio_write, ret =  nil  
[2023/09/06 15:59:36 093] isr_local  2265 last gc at  1693987173  
[2023/09/06 15:59:36 191] isr_local  2126 ASR_LOCAL_MSG_AUW  
[2023/09/06 15:59:36 192] isr_local  1558 auwl =   3200  
[2023/09/06 15:59:36 192] isr_local  2135 esr_audio_write, ret =  nil  
[2023/09/06 15:59:36 193] isr_local  2265 last gc at  1693987173  
[2023/09/06 15:59:36 291] isr_local  2126 ASR_LOCAL_MSG_AUW  
[2023/09/06 15:59:36 291] isr_local  1558 auwl =   3200  
[2023/09/06 15:59:36 291] isr_local  2135 esr_audio_write, ret =  nil  
[2023/09/06 15:59:36 291] isr_local  2265 last gc at  1693987173  
[2023/09/06 15:59:36 390] isr_local  2126 ASR_LOCAL_MSG_AUW  
[2023/09/06 15:59:36 390] isr_local  1558 auwl =   3200  
[2023/09/06 15:59:36 390] isr_local  2135 esr_audio_write, ret =  nil  
[2023/09/06 15:59:36 391] isr_local  2265 last gc at  1693987173  
[2023/09/06 15:59:36 481] isr_local  2126 ASR_LOCAL_MSG_AUW  
[2023/09/06 15:59:36 481] isr_local  1558 auwl =   3200  
[2023/09/06 15:59:36 481] isr_local  2135 esr_audio_write, ret =  nil  
[2023/09/06 15:59:36 481] isr_local  2265 last gc at  1693987173  
[2023/09/06 15:59:36 581] isr_local  2126 ASR_LOCAL_MSG_AUW  
[2023/09/06 15:59:36 581] isr_local  1558 auwl =   3200  
[2023/09/06 15:59:36 581] isr_local  2135 esr_audio_write, ret =  nil  
[2023/09/06 15:59:36 581] isr_local  2265 last gc at  1693987173  
[2023/09/06 15:59:36 681] isr_local  2126 ASR_LOCAL_MSG_AUW  
[2023/09/06 15:59:36 681] isr_local  1558 auwl =   3200  
[2023/09/06 15:59:36 681] isr_local  2135 esr_audio_write, ret =  nil  
[2023/09/06 15:59:36 681] isr_local  2265 last gc at  1693987173  
[2023/09/06 15:59:36 781] isr_local  2126 ASR_LOCAL_MSG_AUW  
[2023/09/06 15:59:36 781] isr_local  1558 auwl =   3200  
[2023/09/06 15:59:36 781] isr_local  2135 esr_audio_write, ret =  nil  
[2023/09/06 15:59:36 781] isr_local  2265 last gc at  1693987173  
[2023/09/06 15:59:36 881] isr_local  2126 ASR_LOCAL_MSG_AUW  
[2023/09/06 15:59:36 881] isr_local  1558 auwl =   3200  
[2023/09/06 15:59:36 881] isr_local  2135 esr_audio_write, ret =  nil  
[2023/09/06 15:59:36 881] isr_local  2265 last gc at  1693987173  
[2023/09/06 15:59:36 978] isr_local  2126 ASR_LOCAL_MSG_AUW  
[2023/09/06 15:59:36 978] isr_local  1558 auwl =   3200  
[2023/09/06 15:59:36 978] isr_local  2135 esr_audio_write, ret =  nil  
[2023/09/06 15:59:36 979] isr_local  2265 last gc at  1693987173  
[2023/09/06 15:59:37 078] isr_local  2126 ASR_LOCAL_MSG_AUW  
[2023/09/06 15:59:37 078] isr_local  1558 auwl =   3200  
[2023/09/06 15:59:37 078] isr_local  2135 esr_audio_write, ret =  nil  
[2023/09/06 15:59:37 078] isr_local  2265 last gc at  1693987173  
[2023/09/06 15:59:37 175] isr_local  2126 ASR_LOCAL_MSG_AUW  
[2023/09/06 15:59:37 175] isr_local  1558 auwl =   2880  
[2023/09/06 15:59:37 175] isr_local  2135 esr_audio_write, ret =  nil  
[2023/09/06 15:59:37 175] isr_local  2265 last gc at  1693987173  
[2023/09/06 15:59:37 236] network    231  dns timeout!  ns1  
[2023/09/06 15:59:37 236] ns         457  ns dns failed, err =   10114  
[2023/09/06 15:59:37 237] network    445  gethttpresp2  117.121.48.5  80  ns2  
[2023/09/06 15:59:37 238] network    465  prot_type  tcp  
[2023/09/06 15:59:37 242] transport  306  [dns] [1] timeout!   
[2023/09/06 15:59:37 243] transport  74   dns_failed  
[2023/09/06 15:59:37 243] network    90   ipfromenv ,  ipcache  open.xf-yun.com  def  nil  
[2023/09/06 15:59:37 244] network    90   ipfromenv ,  ipcfg  open.xf-yun.com  def  nil  
[2023/09/06 15:59:37 245] transport  1298 [soc] connect   116.213.69.195  80  
[2023/09/06 15:59:37 246] transport  1310 mspsoc.open,prot_type=  tcp  
[2023/09/06 15:59:37 272] isr_local  669  final result will throw out next!  
[2023/09/06 15:59:37 273] isr_local  679  nRecognizeState:  1  
[2023/09/06 15:59:37 273] isr_local  680  nConfidenceScore:  79  
[2023/09/06 15:59:37 273] isr_local  728  result_type :   xml  
[2023/09/06 15:59:37 273] isr_local  729  result_encoding :   UTF-8  
[2023/09/06 15:59:37 273] isr_local  730  is iat :   false  
[2023/09/06 15:59:37 274] isr_local  469  item_count:1  
[2023/09/06 15:59:37 274] isr_local  469  item_count:1  
[2023/09/06 15:59:37 274] isr_local  293  nil  
[2023/09/06 15:59:37 274] isr_local  675  recognized end!  
[2023/09/06 15:59:37 277] isr_local  2140 ASR_LOCAL_MSG_SSE  
[2023/09/06 15:59:37 277] isr_local  1518 esr_session_end | esr_obj:stop ret =  0  
[2023/09/06 15:59:37 278] isr_local  2142 esr_session_end, ret =  0  
[2023/09/06 15:59:37 287] isr_local  2265 last gc at  1693987173  
[2023/09/06 15:59:37 321] isr_local  2182 SYS_MSG_SHUTDOWN_LOCAL  
[2023/09/06 15:59:37 374] isr_local  2265 last gc at  1693987173  
============================================================
Time  2023/09/06 15:59:38 020 
============================================================
[2023/09/06 15:59:38 021] isr_local  2168 os_type is:  Linux  
[2023/09/06 15:59:38 021] isr_local  2177 SYS_MSG_LOAD_LOCAL  
[2023/09/06 15:59:38 021] isr_local  2265 last gc at  1693987177  
[2023/09/06 15:59:38 022] isr_local  2206 SYS_MSG_REGCB_LOCAL| param0 =  msp_status_cb  
[2023/09/06 15:59:38 022] isr_local  2265 last gc at  1693987177  
[2023/09/06 15:59:38 023] isr_local  2206 SYS_MSG_REGCB_LOCAL| param0 =  local_service_cbmsg  
[2023/09/06 15:59:38 023] isr_local  2265 last gc at  1693987177  
[2023/09/06 15:59:38 023] isr_local  2114 ASR_LOCAL_MSG_SSB  
[2023/09/06 15:59:38 023] isr_local  1251 esr_session_begin | params:  engine_type=local,asr_res_path=fo|res/asr/common.jet,sample_rate=16000,grm_build_path=res/asr/GrmBuilld,local_grammar=call,result_type=xml,result_encoding=UTF-8  
[2023/09/06 15:59:38 024] isr_local  803  engine_type  :  local  
[2023/09/06 15:59:38 024] isr_local  803  asr_res_path  :  fo|res/asr/common.jet  
[2023/09/06 15:59:38 024] isr_local  803  sample_rate  :  16000  
[2023/09/06 15:59:38 024] isr_local  803  grm_build_path  :  res/asr/GrmBuilld  
[2023/09/06 15:59:38 024] isr_local  803  local_grammar  :  call  
[2023/09/06 15:59:38 024] isr_local  803  result_type  :  xml  
[2023/09/06 15:59:38 025] isr_local  803  result_encoding  :  UTF-8  
[2023/09/06 15:59:38 025] isr_local  1280 init aitalk in ssb  
[2023/09/06 15:59:38 025] isr_local  1162 esr_init | params:  engine_type=local,asr_res_path=fo|res/asr/common.jet,sample_rate=16000,grm_build_path=res/asr/GrmBuilld,local_grammar=call,result_type=xml,result_encoding=UTF-8  
[2023/09/06 15:59:38 025] isr_local  803  engine_type  :  local  
[2023/09/06 15:59:38 025] isr_local  803  asr_res_path  :  fo|res/asr/common.jet  
[2023/09/06 15:59:38 025] isr_local  803  sample_rate  :  16000  
[2023/09/06 15:59:38 026] isr_local  803  grm_build_path  :  res/asr/GrmBuilld  
[2023/09/06 15:59:38 026] isr_local  803  local_grammar  :  call  
[2023/09/06 15:59:38 026] isr_local  803  result_type  :  xml  
[2023/09/06 15:59:38 026] isr_local  803  result_encoding  :  UTF-8  
[2023/09/06 15:59:38 026] isr_local  1083  lucEsr.new   
[2023/09/06 15:59:38 026] isr_local  1000 file count =   1  
[2023/09/06 15:59:38 027] isr_local  923  file open type is:   fo  
[2023/09/06 15:59:38 027] isr_local  956  res/asr/common.jet  0  0  
[2023/09/06 15:59:38 027] isr_local  1018 speech_plus_setting  0  
[2023/09/06 15:59:38 027] isr_local  1031 2  nil  res/asr/common.jet  0  0  
[2023/09/06 15:59:38 027] isr_local  1033 res_ver  2  
[2023/09/06 15:59:38 028] isr_local  1034 res 5  62dd61c88201165be2937d82ec3543bf  
[2023/09/06 15:59:38 028] isr_local  1035 res_new_old_mark  v5pp  
[2023/09/06 15:59:38 028] isr_local  1036 res_usr_name  ""  
[2023/09/06 15:59:38 028] isr_local  1037 res_expires    
[2023/09/06 15:59:38 028] isr_local  1038 err  0  
[2023/09/06 15:59:38 028] isr_local  1054 lgi appid 5  62dd61c88201165be2937d82ec3543bf  
[2023/09/06 15:59:38 028] isr_local  1065 res_expires is null  
[2023/09/06 15:59:38 029] auth       74   aitalk  app  nil  nil  {"aitalk":{"ver":"2","bus":{"forbid":"0","nlimit":2020}}}  
[2023/09/06 15:59:38 030] auth       312  nil  
[2023/09/06 15:59:38 055] isr_local  1294 authorized_aitalk=  nil  
[2023/09/06 15:59:38 056] isr_local  1295 forbid_aitalk=  0  
[2023/09/06 15:59:38 056] auth       570  aitalk  table(84063d00) nil  nil  appid = 5e7d9f3e  
[2023/09/06 15:59:38 056] auth       579  app  nil  nil  nil  
[2023/09/06 15:59:38 056] auth       636  ath rquest  {"authorize":[{"ver":"2.1.1","busin":"aitalk"}]}  
[2023/09/06 15:59:38 059] transport  642  paramkvsport is   nil  
[2023/09/06 15:59:38 059] transport  654  ns_enable=  1  
[2023/09/06 15:59:38 059] transport  656  2017-08--24 is_ns_need_close =   nil  
[2023/09/06 15:59:38 059] transport  662  net.nettype=  standard  
[2023/09/06 15:59:38 059] transport  672  url.full=  nil  
[2023/09/06 15:59:38 060] transport  673  urltmp=  nil  
[2023/09/06 15:59:38 060] transport  677  server_url_host=, server_url_port=, server_url_path=  open.xf-yun.com  nil  /msp.do  
[2023/09/06 15:59:38 060] transport  705  url.full=  nil  
[2023/09/06 15:59:38 060] transport  890  switch 80  
[2023/09/06 15:59:38 060] transport  902  net type:  standard  
[2023/09/06 15:59:38 060] transport  903  net operator:  def  
[2023/09/06 15:59:38 060] transport  904  use proxy:  false  
[2023/09/06 15:59:38 060] auth       691  not login!  
[2023/09/06 15:59:38 060] auth       528  [session] send auth request  
[2023/09/06 15:59:38 061] transport  1102 session.domain=  open.xf-yun.com  
[2023/09/06 15:59:38 061] transport  1103 url.host=  open.xf-yun.com  
[2023/09/06 15:59:38 061] transport  1080 NAMESERVER START  
[2023/09/06 15:59:38 061] transport  1083 name =   ath  
[2023/09/06 15:59:38 061] ns         629  ntt=  standard  
[2023/09/06 15:59:38 061] transport  1086 trans,ns_inprog =  0  
[2023/09/06 15:59:38 061] ns         585  name server start  
[2023/09/06 15:59:38 061] ns         586  ns_sub =   ath  
[2023/09/06 15:59:38 062] ns         588  ns_host=  open.xf-yun.com  
[2023/09/06 15:59:38 062] ns         479  ns_host=  open.xf-yun.com  
[2023/09/06 15:59:38 062] ns         558  GET /sip/resolver?srand=0906155911.32 HTTP/1.1
Host: hdns.openspeech.cn
Connection: Keep-Alive
X-Par: ver=1.3&appid=5e7d9f3e&operator=UNKNOW&nettype=STANDARD&cver=5.0.38.1195&svc=ath&host=open.xf-yun.com&sign=2f7c9476c969e84832f1e3ba6441f5ca
User-Agent: iFLYCloud

  
[2023/09/06 15:59:38 062] ns         559  net_type =  standard  
[2023/09/06 15:59:38 062] ns         560  cmwapascmnet =  
[2023/09/06 15:59:38 062] ns         561  uniwapasuninet =  
[2023/09/06 15:59:38 062] ns         562  ctwapasctnet =  
[2023/09/06 15:59:38 062] ns         579  host=  hdns.openspeech.cn  
[2023/09/06 15:59:38 063] network    263  gethostbyname  hdns.openspeech.cn  ns1  
[2023/09/06 15:59:38 065] auth       535  0  
[2023/09/06 15:59:38 065] auth       498  lver:  nil  
[2023/09/06 15:59:38 065] auth       503  cfg_ver:  nil  
[2023/09/06 15:59:38 066] transport  1849 transport_obj.send | in  
[2023/09/06 15:59:38 066] transport  1855 self.msg_flag_q  table(8401c570) 
[2023/09/06 15:59:38 066] transport  1856 self.msg_q  table(8402bb90) 
[2023/09/06 15:59:38 066] transport  1788 transport_obj.try2send | in  
[2023/09/06 15:59:38 066] transport  1789 self.soc  nil  
[2023/09/06 15:59:38 066] transport  1790 self.connected  false  
[2023/09/06 15:59:38 066] transport  1791 self.latesterr  0  
[2023/09/06 15:59:38 066] transport  1862 transport_obj.send | out  
[2023/09/06 15:59:38 067] isr_local  2038 commit path:   res/asr/GrmBuilld/temp/commit  
[2023/09/06 15:59:38 077] isr_local  2076 commit success!  
[2023/09/06 15:59:38 081] isr_local  1409 esr_session_begin | esr_obj:start ret =  0  
[2023/09/06 15:59:38 081] isr_local  2122 esr_session_begin, ret =   0  
[2023/09/06 15:59:38 081] isr_local  2265 last gc at  1693987177  
[2023/09/06 15:59:38 190] isr_local  655  local engine ready  
[2023/09/06 15:59:38 191] isr_local  585  esr_flush_buf_audio buffer audio num:  0  
[2023/09/06 15:59:38 192] isr_local  630  local engine started  
[2023/09/06 15:59:38 209] isr_local  2126 ASR_LOCAL_MSG_AUW  
[2023/09/06 15:59:38 209] isr_local  1558 auwl =   3200  
[2023/09/06 15:59:38 209] isr_local  2135 esr_audio_write, ret =  nil  
[2023/09/06 15:59:38 209] isr_local  2265 last gc at  1693987177  
[2023/09/06 15:59:38 307] isr_local  2126 ASR_LOCAL_MSG_AUW  
[2023/09/06 15:59:38 307] isr_local  1558 auwl =   3200  
[2023/09/06 15:59:38 307] isr_local  2135 esr_audio_write, ret =  nil  
[2023/09/06 15:59:38 307] isr_local  2265 last gc at  1693987177  
[2023/09/06 15:59:38 416] isr_local  2126 ASR_LOCAL_MSG_AUW  
[2023/09/06 15:59:38 416] isr_local  1558 auwl =   3200  
[2023/09/06 15:59:38 417] isr_local  2135 esr_audio_write, ret =  nil  
[2023/09/06 15:59:38 417] isr_local  2265 last gc at  1693987177  
[2023/09/06 15:59:38 517] isr_local  2126 ASR_LOCAL_MSG_AUW  
[2023/09/06 15:59:38 518] isr_local  1558 auwl =   3200  
[2023/09/06 15:59:38 519] isr_local  2135 esr_audio_write, ret =  nil  
[2023/09/06 15:59:38 519] isr_local  2265 last gc at  1693987177  
[2023/09/06 15:59:38 616] isr_local  2126 ASR_LOCAL_MSG_AUW  
[2023/09/06 15:59:38 617] isr_local  1558 auwl =   3200  
[2023/09/06 15:59:38 618] isr_local  2135 esr_audio_write, ret =  nil  
[2023/09/06 15:59:38 618] isr_local  2265 last gc at  1693987177  
[2023/09/06 15:59:38 716] isr_local  2126 ASR_LOCAL_MSG_AUW  
[2023/09/06 15:59:38 717] isr_local  1558 auwl =   3200  
[2023/09/06 15:59:38 718] isr_local  2135 esr_audio_write, ret =  nil  
[2023/09/06 15:59:38 718] isr_local  2265 last gc at  1693987177  
[2023/09/06 15:59:38 816] isr_local  2126 ASR_LOCAL_MSG_AUW  
[2023/09/06 15:59:38 817] isr_local  1558 auwl =   3200  
[2023/09/06 15:59:38 817] isr_local  2135 esr_audio_write, ret =  nil  
[2023/09/06 15:59:38 818] isr_local  2265 last gc at  1693987177  
[2023/09/06 15:59:38 917] isr_local  2126 ASR_LOCAL_MSG_AUW  
[2023/09/06 15:59:38 917] isr_local  1558 auwl =   3200  
[2023/09/06 15:59:38 918] isr_local  2135 esr_audio_write, ret =  nil  
[2023/09/06 15:59:38 918] isr_local  2265 last gc at  1693987177  
[2023/09/06 15:59:39 017] isr_local  2126 ASR_LOCAL_MSG_AUW  
[2023/09/06 15:59:39 018] isr_local  1558 auwl =   3200  
[2023/09/06 15:59:39 018] isr_local  2135 esr_audio_write, ret =  nil  
[2023/09/06 15:59:39 019] isr_local  2265 last gc at  1693987177  
[2023/09/06 15:59:39 129] isr_local  2126 ASR_LOCAL_MSG_AUW  
[2023/09/06 15:59:39 129] isr_local  1558 auwl =   3200  
[2023/09/06 15:59:39 129] isr_local  2135 esr_audio_write, ret =  nil  
[2023/09/06 15:59:39 129] isr_local  2265 last gc at  1693987177  
[2023/09/06 15:59:39 207] isr_local  2126 ASR_LOCAL_MSG_AUW  
[2023/09/06 15:59:39 207] isr_local  1558 auwl =   3200  
[2023/09/06 15:59:39 207] isr_local  2135 esr_audio_write, ret =  nil  
[2023/09/06 15:59:39 207] isr_local  2265 last gc at  1693987177  
[2023/09/06 15:59:39 316] isr_local  2126 ASR_LOCAL_MSG_AUW  
[2023/09/06 15:59:39 317] isr_local  1558 auwl =   3200  
[2023/09/06 15:59:39 318] isr_local  2135 esr_audio_write, ret =  nil  
[2023/09/06 15:59:39 318] isr_local  2265 last gc at  1693987177  
[2023/09/06 15:59:39 408] isr_local  2126 ASR_LOCAL_MSG_AUW  
[2023/09/06 15:59:39 408] isr_local  1558 auwl =   3200  
[2023/09/06 15:59:39 408] isr_local  2135 esr_audio_write, ret =  nil  
[2023/09/06 15:59:39 408] isr_local  2265 last gc at  1693987177  
[2023/09/06 15:59:39 513] isr_local  2126 ASR_LOCAL_MSG_AUW  
[2023/09/06 15:59:39 513] isr_local  1558 auwl =   3200  
[2023/09/06 15:59:39 513] isr_local  2135 esr_audio_write, ret =  nil  
[2023/09/06 15:59:39 513] isr_local  2265 last gc at  1693987177  
[2023/09/06 15:59:39 606] isr_local  2126 ASR_LOCAL_MSG_AUW  
[2023/09/06 15:59:39 606] isr_local  1558 auwl =   3200  
[2023/09/06 15:59:39 606] isr_local  2135 esr_audio_write, ret =  nil  
[2023/09/06 15:59:39 606] isr_local  2265 last gc at  1693987177  
[2023/09/06 15:59:39 702] isr_local  2126 ASR_LOCAL_MSG_AUW  
[2023/09/06 15:59:39 702] isr_local  1558 auwl =   3200  
[2023/09/06 15:59:39 702] isr_local  2135 esr_audio_write, ret =  nil  
[2023/09/06 15:59:39 702] isr_local  2265 last gc at  1693987177  
[2023/09/06 15:59:39 802] isr_local  2126 ASR_LOCAL_MSG_AUW  
[2023/09/06 15:59:39 802] isr_local  1558 auwl =   3200  
[2023/09/06 15:59:39 802] isr_local  2135 esr_audio_write, ret =  nil  
[2023/09/06 15:59:39 802] isr_local  2265 last gc at  1693987177  
[2023/09/06 15:59:39 902] isr_local  2126 ASR_LOCAL_MSG_AUW  
[2023/09/06 15:59:39 902] isr_local  1558 auwl =   3200  
[2023/09/06 15:59:39 902] isr_local  2135 esr_audio_write, ret =  nil  
[2023/09/06 15:59:39 902] isr_local  2265 last gc at  1693987177  
[2023/09/06 15:59:40 002] isr_local  2126 ASR_LOCAL_MSG_AUW  
[2023/09/06 15:59:40 002] isr_local  1558 auwl =   3200  
[2023/09/06 15:59:40 002] isr_local  2135 esr_audio_write, ret =  nil  
[2023/09/06 15:59:40 002] isr_local  2265 last gc at  1693987177  
[2023/09/06 15:59:40 102] isr_local  2126 ASR_LOCAL_MSG_AUW  
[2023/09/06 15:59:40 102] isr_local  1558 auwl =   3200  
[2023/09/06 15:59:40 102] isr_local  2135 esr_audio_write, ret =  nil  
[2023/09/06 15:59:40 102] isr_local  2265 last gc at  1693987177  
[2023/09/06 15:59:40 202] isr_local  2126 ASR_LOCAL_MSG_AUW  
[2023/09/06 15:59:40 202] isr_local  1558 auwl =   3200  
[2023/09/06 15:59:40 202] isr_local  2135 esr_audio_write, ret =  nil  
[2023/09/06 15:59:40 202] isr_local  2265 last gc at  1693987177  
[2023/09/06 15:59:40 302] isr_local  2126 ASR_LOCAL_MSG_AUW  
[2023/09/06 15:59:40 302] isr_local  1558 auwl =   3200  
[2023/09/06 15:59:40 302] isr_local  2135 esr_audio_write, ret =  nil  
[2023/09/06 15:59:40 302] isr_local  2265 last gc at  1693987177  
[2023/09/06 15:59:40 402] isr_local  2126 ASR_LOCAL_MSG_AUW  
[2023/09/06 15:59:40 402] isr_local  1558 auwl =   3200  
[2023/09/06 15:59:40 402] isr_local  2135 esr_audio_write, ret =  nil  
[2023/09/06 15:59:40 402] isr_local  2265 last gc at  1693987177  
[2023/09/06 15:59:40 502] isr_local  2126 ASR_LOCAL_MSG_AUW  
[2023/09/06 15:59:40 502] isr_local  1558 auwl =   3200  
[2023/09/06 15:59:40 502] isr_local  2135 esr_audio_write, ret =  nil  
[2023/09/06 15:59:40 502] isr_local  2265 last gc at  1693987177  
[2023/09/06 15:59:40 602] isr_local  2126 ASR_LOCAL_MSG_AUW  
[2023/09/06 15:59:40 602] isr_local  1558 auwl =   3200  
[2023/09/06 15:59:40 602] isr_local  2135 esr_audio_write, ret =  nil  
[2023/09/06 15:59:40 602] isr_local  2265 last gc at  1693987177  
[2023/09/06 15:59:40 704] isr_local  2126 ASR_LOCAL_MSG_AUW  
[2023/09/06 15:59:40 704] isr_local  1558 auwl =   3200  
[2023/09/06 15:59:40 704] isr_local  2135 esr_audio_write, ret =  nil  
[2023/09/06 15:59:40 704] isr_local  2265 last gc at  1693987177  
[2023/09/06 15:59:40 802] isr_local  2126 ASR_LOCAL_MSG_AUW  
[2023/09/06 15:59:40 802] isr_local  1558 auwl =   3200  
[2023/09/06 15:59:40 802] isr_local  2135 esr_audio_write, ret =  nil  
[2023/09/06 15:59:40 802] isr_local  2265 last gc at  1693987177  
[2023/09/06 15:59:40 902] isr_local  2126 ASR_LOCAL_MSG_AUW  
[2023/09/06 15:59:40 902] isr_local  1558 auwl =   3200  
[2023/09/06 15:59:40 902] isr_local  2135 esr_audio_write, ret =  nil  
[2023/09/06 15:59:40 902] isr_local  2265 last gc at  1693987177  
[2023/09/06 15:59:41 000] isr_local  2126 ASR_LOCAL_MSG_AUW  
[2023/09/06 15:59:41 000] isr_local  1558 auwl =   2560  
[2023/09/06 15:59:41 000] isr_local  2135 esr_audio_write, ret =  nil  
[2023/09/06 15:59:41 000] isr_local  2265 last gc at  1693987177  
[2023/09/06 15:59:41 064] network    231  dns timeout!  ns1  
[2023/09/06 15:59:41 064] ns         457  ns dns failed, err =   10114  
[2023/09/06 15:59:41 064] network    445  gethttpresp2  117.121.48.5  80  ns2  
[2023/09/06 15:59:41 064] network    465  prot_type  tcp  
[2023/09/06 15:59:41 065] transport  306  [dns] [1] timeout!   
[2023/09/06 15:59:41 065] transport  74   dns_failed  
[2023/09/06 15:59:41 065] network    90   ipfromenv ,  ipcache  open.xf-yun.com  def  nil  
[2023/09/06 15:59:41 065] network    90   ipfromenv ,  ipcfg  open.xf-yun.com  def  nil  
[2023/09/06 15:59:41 065] transport  1298 [soc] connect   116.213.69.195  80  
[2023/09/06 15:59:41 065] transport  1310 mspsoc.open,prot_type=  tcp  
[2023/09/06 15:59:41 095] isr_local  669  final result will throw out next!  
[2023/09/06 15:59:41 095] isr_local  679  nRecognizeState:  1  
[2023/09/06 15:59:41 095] isr_local  680  nConfidenceScore:  8  
[2023/09/06 15:59:41 095] isr_local  728  result_type :   xml  
[2023/09/06 15:59:41 095] isr_local  729  result_encoding :   UTF-8  
[2023/09/06 15:59:41 096] isr_local  730  is iat :   false  
[2023/09/06 15:59:41 096] isr_local  469  item_count:1  
[2023/09/06 15:59:41 096] isr_local  469  item_count:1  
[2023/09/06 15:59:41 096] isr_local  293  nil  
[2023/09/06 15:59:41 096] isr_local  675  recognized end!  
[2023/09/06 15:59:41 099] isr_local  2140 ASR_LOCAL_MSG_SSE  
[2023/09/06 15:59:41 099] isr_local  1518 esr_session_end | esr_obj:stop ret =  0  
[2023/09/06 15:59:41 100] isr_local  2142 esr_session_end, ret =  0  
[2023/09/06 15:59:41 102] isr_local  2265 last gc at  1693987177  
[2023/09/06 15:59:41 129] isr_local  2182 SYS_MSG_SHUTDOWN_LOCAL  
[2023/09/06 15:59:41 189] isr_local  2265 last gc at  1693987177  
============================================================
Time  2023/09/06 15:59:41 862 
============================================================
[2023/09/06 15:59:41 862] isr_local  2168 os_type is:  Linux  
[2023/09/06 15:59:41 863] isr_local  2177 SYS_MSG_LOAD_LOCAL  
[2023/09/06 15:59:41 863] isr_local  2265 last gc at  1693987181  
[2023/09/06 15:59:41 863] isr_local  2206 SYS_MSG_REGCB_LOCAL| param0 =  msp_status_cb  
[2023/09/06 15:59:41 863] isr_local  2265 last gc at  1693987181  
[2023/09/06 15:59:41 864] isr_local  2206 SYS_MSG_REGCB_LOCAL| param0 =  local_service_cbmsg  
[2023/09/06 15:59:41 864] isr_local  2265 last gc at  1693987181  
[2023/09/06 15:59:41 864] isr_local  2114 ASR_LOCAL_MSG_SSB  
[2023/09/06 15:59:41 864] isr_local  1251 esr_session_begin | params:  engine_type=local,asr_res_path=fo|res/asr/common.jet,sample_rate=16000,grm_build_path=res/asr/GrmBuilld,local_grammar=call,result_type=xml,result_encoding=UTF-8  
[2023/09/06 15:59:41 864] isr_local  803  engine_type  :  local  
[2023/09/06 15:59:41 864] isr_local  803  asr_res_path  :  fo|res/asr/common.jet  
[2023/09/06 15:59:41 864] isr_local  803  sample_rate  :  16000  
[2023/09/06 15:59:41 864] isr_local  803  grm_build_path  :  res/asr/GrmBuilld  
[2023/09/06 15:59:41 865] isr_local  803  local_grammar  :  call  
[2023/09/06 15:59:41 865] isr_local  803  result_type  :  xml  
[2023/09/06 15:59:41 865] isr_local  803  result_encoding  :  UTF-8  
[2023/09/06 15:59:41 865] isr_local  1280 init aitalk in ssb  
[2023/09/06 15:59:41 865] isr_local  1162 esr_init | params:  engine_type=local,asr_res_path=fo|res/asr/common.jet,sample_rate=16000,grm_build_path=res/asr/GrmBuilld,local_grammar=call,result_type=xml,result_encoding=UTF-8  
[2023/09/06 15:59:41 865] isr_local  803  engine_type  :  local  
[2023/09/06 15:59:41 865] isr_local  803  asr_res_path  :  fo|res/asr/common.jet  
[2023/09/06 15:59:41 865] isr_local  803  sample_rate  :  16000  
[2023/09/06 15:59:41 865] isr_local  803  grm_build_path  :  res/asr/GrmBuilld  
[2023/09/06 15:59:41 865] isr_local  803  local_grammar  :  call  
[2023/09/06 15:59:41 866] isr_local  803  result_type  :  xml  
[2023/09/06 15:59:41 866] isr_local  803  result_encoding  :  UTF-8  
[2023/09/06 15:59:41 866] isr_local  1083  lucEsr.new   
[2023/09/06 15:59:41 866] isr_local  1000 file count =   1  
[2023/09/06 15:59:41 866] isr_local  923  file open type is:   fo  
[2023/09/06 15:59:41 866] isr_local  956  res/asr/common.jet  0  0  
[2023/09/06 15:59:41 866] isr_local  1018 speech_plus_setting  0  
[2023/09/06 15:59:41 866] isr_local  1031 2  nil  res/asr/common.jet  0  0  
[2023/09/06 15:59:41 867] isr_local  1033 res_ver  2  
[2023/09/06 15:59:41 867] isr_local  1034 res 5  62dd61c88201165be2937d82ec3543bf  
[2023/09/06 15:59:41 867] isr_local  1035 res_new_old_mark  v5pp  
[2023/09/06 15:59:41 867] isr_local  1036 res_usr_name  ""  
[2023/09/06 15:59:41 867] isr_local  1037 res_expires    
[2023/09/06 15:59:41 867] isr_local  1038 err  0  
[2023/09/06 15:59:41 867] isr_local  1054 lgi appid 5  62dd61c88201165be2937d82ec3543bf  
[2023/09/06 15:59:41 867] isr_local  1065 res_expires is null  
[2023/09/06 15:59:41 868] auth       74   aitalk  app  nil  nil  {"aitalk":{"ver":"2","bus":{"forbid":"0","nlimit":2020}}}  
[2023/09/06 15:59:41 868] auth       312  nil  
[2023/09/06 15:59:41 899] isr_local  1294 authorized_aitalk=  nil  
[2023/09/06 15:59:41 899] isr_local  1295 forbid_aitalk=  0  
[2023/09/06 15:59:41 899] auth       570  aitalk  table(94064260) nil  nil  appid = 5e7d9f3e  
[2023/09/06 15:59:41 900] auth       579  app  nil  nil  nil  
[2023/09/06 15:59:41 900] auth       636  ath rquest  {"authorize":[{"ver":"2.1.1","busin":"aitalk"}]}  
[2023/09/06 15:59:41 902] transport  642  paramkvsport is   nil  
[2023/09/06 15:59:41 902] transport  654  ns_enable=  1  
[2023/09/06 15:59:41 902] transport  656  2017-08--24 is_ns_need_close =   nil  
[2023/09/06 15:59:41 902] transport  662  net.nettype=  standard  
[2023/09/06 15:59:41 902] transport  672  url.full=  nil  
[2023/09/06 15:59:41 902] transport  673  urltmp=  nil  
[2023/09/06 15:59:41 903] transport  677  server_url_host=, server_url_port=, server_url_path=  open.xf-yun.com  nil  /msp.do  
[2023/09/06 15:59:41 903] transport  705  url.full=  nil  
[2023/09/06 15:59:41 903] transport  890  switch 80  
[2023/09/06 15:59:41 903] transport  902  net type:  standard  
[2023/09/06 15:59:41 903] transport  903  net operator:  def  
[2023/09/06 15:59:41 903] transport  904  use proxy:  false  
[2023/09/06 15:59:41 903] auth       691  not login!  
[2023/09/06 15:59:41 903] auth       528  [session] send auth request  
[2023/09/06 15:59:41 904] transport  1102 session.domain=  open.xf-yun.com  
[2023/09/06 15:59:41 904] transport  1103 url.host=  open.xf-yun.com  
[2023/09/06 15:59:41 904] transport  1080 NAMESERVER START  
[2023/09/06 15:59:41 904] transport  1083 name =   ath  
[2023/09/06 15:59:41 904] ns         629  ntt=  standard  
[2023/09/06 15:59:41 904] transport  1086 trans,ns_inprog =  0  
[2023/09/06 15:59:41 904] ns         585  name server start  
[2023/09/06 15:59:41 904] ns         586  ns_sub =   ath  
[2023/09/06 15:59:41 904] ns         588  ns_host=  open.xf-yun.com  
[2023/09/06 15:59:41 905] ns         479  ns_host=  open.xf-yun.com  
[2023/09/06 15:59:41 905] ns         558  GET /sip/resolver?srand=0906155911.32 HTTP/1.1
Host: hdns.openspeech.cn
Connection: Keep-Alive
X-Par: ver=1.3&appid=5e7d9f3e&operator=UNKNOW&nettype=STANDARD&cver=5.0.38.1195&svc=ath&host=open.xf-yun.com&sign=2f7c9476c969e84832f1e3ba6441f5ca
User-Agent: iFLYCloud

  
[2023/09/06 15:59:41 905] ns         559  net_type =  standard  
[2023/09/06 15:59:41 905] ns         560  cmwapascmnet =  
[2023/09/06 15:59:41 905] ns         561  uniwapasuninet =  
[2023/09/06 15:59:41 905] ns         562  ctwapasctnet =  
[2023/09/06 15:59:41 905] ns         579  host=  hdns.openspeech.cn  
[2023/09/06 15:59:41 906] network    263  gethostbyname  hdns.openspeech.cn  ns1  
[2023/09/06 15:59:41 908] auth       535  0  
[2023/09/06 15:59:41 909] auth       498  lver:  nil  
[2023/09/06 15:59:41 909] auth       503  cfg_ver:  nil  
[2023/09/06 15:59:41 909] transport  1849 transport_obj.send | in  
[2023/09/06 15:59:41 909] transport  1855 self.msg_flag_q  table(9402be10) 
[2023/09/06 15:59:41 909] transport  1856 self.msg_q  table(94049d50) 
[2023/09/06 15:59:41 909] transport  1788 transport_obj.try2send | in  
[2023/09/06 15:59:41 909] transport  1789 self.soc  nil  
[2023/09/06 15:59:41 909] transport  1790 self.connected  false  
[2023/09/06 15:59:41 910] transport  1791 self.latesterr  0  
[2023/09/06 15:59:41 910] transport  1862 transport_obj.send | out  
[2023/09/06 15:59:41 910] isr_local  2038 commit path:   res/asr/GrmBuilld/temp/commit  
[2023/09/06 15:59:41 922] isr_local  2076 commit success!  
[2023/09/06 15:59:41 926] isr_local  1409 esr_session_begin | esr_obj:start ret =  0  
[2023/09/06 15:59:41 926] isr_local  2122 esr_session_begin, ret =   0  
[2023/09/06 15:59:41 926] isr_local  2265 last gc at  1693987181  
[2023/09/06 15:59:42 024] isr_local  655  local engine ready  
[2023/09/06 15:59:42 024] isr_local  585  esr_flush_buf_audio buffer audio num:  0  
[2023/09/06 15:59:42 024] isr_local  630  local engine started  
[2023/09/06 15:59:42 056] isr_local  2126 ASR_LOCAL_MSG_AUW  
[2023/09/06 15:59:42 056] isr_local  1558 auwl =   3200  
[2023/09/06 15:59:42 056] isr_local  2135 esr_audio_write, ret =  nil  
[2023/09/06 15:59:42 057] isr_local  2265 last gc at  1693987181  
[2023/09/06 15:59:42 156] isr_local  2126 ASR_LOCAL_MSG_AUW  
[2023/09/06 15:59:42 156] isr_local  1558 auwl =   3200  
[2023/09/06 15:59:42 156] isr_local  2135 esr_audio_write, ret =  nil  
[2023/09/06 15:59:42 156] isr_local  2265 last gc at  1693987181  
[2023/09/06 15:59:42 268] isr_local  2126 ASR_LOCAL_MSG_AUW  
[2023/09/06 15:59:42 269] isr_local  1558 auwl =   3200  
[2023/09/06 15:59:42 270] isr_local  2135 esr_audio_write, ret =  nil  
[2023/09/06 15:59:42 270] isr_local  2265 last gc at  1693987181  
[2023/09/06 15:59:42 368] isr_local  2126 ASR_LOCAL_MSG_AUW  
[2023/09/06 15:59:42 368] isr_local  1558 auwl =   3200  
[2023/09/06 15:59:42 369] isr_local  2135 esr_audio_write, ret =  nil  
[2023/09/06 15:59:42 369] isr_local  2265 last gc at  1693987181  
[2023/09/06 15:59:42 468] isr_local  2126 ASR_LOCAL_MSG_AUW  
[2023/09/06 15:59:42 469] isr_local  1558 auwl =   3200  
[2023/09/06 15:59:42 469] isr_local  2135 esr_audio_write, ret =  nil  
[2023/09/06 15:59:42 470] isr_local  2265 last gc at  1693987181  
[2023/09/06 15:59:42 567] isr_local  2126 ASR_LOCAL_MSG_AUW  
[2023/09/06 15:59:42 568] isr_local  1558 auwl =   3200  
[2023/09/06 15:59:42 569] isr_local  2135 esr_audio_write, ret =  nil  
[2023/09/06 15:59:42 569] isr_local  2265 last gc at  1693987181  
[2023/09/06 15:59:42 669] isr_local  2126 ASR_LOCAL_MSG_AUW  
[2023/09/06 15:59:42 670] isr_local  1558 auwl =   3200  
[2023/09/06 15:59:42 671] isr_local  2135 esr_audio_write, ret =  nil  
[2023/09/06 15:59:42 671] isr_local  2265 last gc at  1693987181  
[2023/09/06 15:59:42 767] isr_local  2126 ASR_LOCAL_MSG_AUW  
[2023/09/06 15:59:42 768] isr_local  1558 auwl =   3200  
[2023/09/06 15:59:42 769] isr_local  2135 esr_audio_write, ret =  nil  
[2023/09/06 15:59:42 769] isr_local  2265 last gc at  1693987181  
[2023/09/06 15:59:42 868] isr_local  2126 ASR_LOCAL_MSG_AUW  
[2023/09/06 15:59:42 868] isr_local  1558 auwl =   3200  
[2023/09/06 15:59:42 869] isr_local  2135 esr_audio_write, ret =  nil  
[2023/09/06 15:59:42 869] isr_local  2265 last gc at  1693987181  
[2023/09/06 15:59:42 968] isr_local  2126 ASR_LOCAL_MSG_AUW  
[2023/09/06 15:59:42 968] isr_local  1558 auwl =   3200  
[2023/09/06 15:59:42 969] isr_local  2135 esr_audio_write, ret =  nil  
[2023/09/06 15:59:42 969] isr_local  2265 last gc at  1693987181  
[2023/09/06 15:59:43 068] isr_local  2126 ASR_LOCAL_MSG_AUW  
[2023/09/06 15:59:43 069] isr_local  1558 auwl =   3200  
[2023/09/06 15:59:43 069] isr_local  2135 esr_audio_write, ret =  nil  
[2023/09/06 15:59:43 070] isr_local  2265 last gc at  1693987181  
[2023/09/06 15:59:43 168] isr_local  2126 ASR_LOCAL_MSG_AUW  
[2023/09/06 15:59:43 169] isr_local  1558 auwl =   3200  
[2023/09/06 15:59:43 170] isr_local  2135 esr_audio_write, ret =  nil  
[2023/09/06 15:59:43 170] isr_local  2265 last gc at  1693987181  
[2023/09/06 15:59:43 268] isr_local  2126 ASR_LOCAL_MSG_AUW  
[2023/09/06 15:59:43 268] isr_local  1558 auwl =   3200  
[2023/09/06 15:59:43 269] isr_local  2135 esr_audio_write, ret =  nil  
[2023/09/06 15:59:43 269] isr_local  2265 last gc at  1693987181  
[2023/09/06 15:59:43 368] isr_local  2126 ASR_LOCAL_MSG_AUW  
[2023/09/06 15:59:43 369] isr_local  1558 auwl =   3200  
[2023/09/06 15:59:43 369] isr_local  2135 esr_audio_write, ret =  nil  
[2023/09/06 15:59:43 370] isr_local  2265 last gc at  1693987181  
[2023/09/06 15:59:43 456] isr_local  2126 ASR_LOCAL_MSG_AUW  
[2023/09/06 15:59:43 457] isr_local  1558 auwl =   3200  
[2023/09/06 15:59:43 457] isr_local  2135 esr_audio_write, ret =  nil  
[2023/09/06 15:59:43 457] isr_local  2265 last gc at  1693987181  
[2023/09/06 15:59:43 556] isr_local  2126 ASR_LOCAL_MSG_AUW  
[2023/09/06 15:59:43 556] isr_local  1558 auwl =   3200  
[2023/09/06 15:59:43 556] isr_local  2135 esr_audio_write, ret =  nil  
[2023/09/06 15:59:43 556] isr_local  2265 last gc at  1693987181  
[2023/09/06 15:59:43 663] isr_local  2126 ASR_LOCAL_MSG_AUW  
[2023/09/06 15:59:43 663] isr_local  1558 auwl =   3200  
[2023/09/06 15:59:43 663] isr_local  2135 esr_audio_write, ret =  nil  
[2023/09/06 15:59:43 663] isr_local  2265 last gc at  1693987181  
[2023/09/06 15:59:43 763] isr_local  2126 ASR_LOCAL_MSG_AUW  
[2023/09/06 15:59:43 763] isr_local  1558 auwl =   3200  
[2023/09/06 15:59:43 764] isr_local  2135 esr_audio_write, ret =  nil  
[2023/09/06 15:59:43 764] isr_local  2265 last gc at  1693987181  
[2023/09/06 15:59:43 863] isr_local  2126 ASR_LOCAL_MSG_AUW  
[2023/09/06 15:59:43 863] isr_local  1558 auwl =   3200  
[2023/09/06 15:59:43 863] isr_local  2135 esr_audio_write, ret =  nil  
[2023/09/06 15:59:43 863] isr_local  2265 last gc at  1693987181  
[2023/09/06 15:59:43 963] isr_local  2126 ASR_LOCAL_MSG_AUW  
[2023/09/06 15:59:43 963] isr_local  1558 auwl =   3200  
[2023/09/06 15:59:43 963] isr_local  2135 esr_audio_write, ret =  nil  
[2023/09/06 15:59:43 963] isr_local  2265 last gc at  1693987181  
[2023/09/06 15:59:44 063] isr_local  2126 ASR_LOCAL_MSG_AUW  
[2023/09/06 15:59:44 063] isr_local  1558 auwl =   3200  
[2023/09/06 15:59:44 063] isr_local  2135 esr_audio_write, ret =  nil  
[2023/09/06 15:59:44 063] isr_local  2265 last gc at  1693987181  
[2023/09/06 15:59:44 163] isr_local  2126 ASR_LOCAL_MSG_AUW  
[2023/09/06 15:59:44 163] isr_local  1558 auwl =   3200  
[2023/09/06 15:59:44 163] isr_local  2135 esr_audio_write, ret =  nil  
[2023/09/06 15:59:44 163] isr_local  2265 last gc at  1693987181  
[2023/09/06 15:59:44 263] isr_local  2126 ASR_LOCAL_MSG_AUW  
[2023/09/06 15:59:44 263] isr_local  1558 auwl =   3200  
[2023/09/06 15:59:44 263] isr_local  2135 esr_audio_write, ret =  nil  
[2023/09/06 15:59:44 263] isr_local  2265 last gc at  1693987181  
[2023/09/06 15:59:44 363] isr_local  2126 ASR_LOCAL_MSG_AUW  
[2023/09/06 15:59:44 363] isr_local  1558 auwl =   3200  
[2023/09/06 15:59:44 363] isr_local  2135 esr_audio_write, ret =  nil  
[2023/09/06 15:59:44 363] isr_local  2265 last gc at  1693987181  
[2023/09/06 15:59:44 463] isr_local  2126 ASR_LOCAL_MSG_AUW  
[2023/09/06 15:59:44 463] isr_local  1558 auwl =   3200  
[2023/09/06 15:59:44 463] isr_local  2135 esr_audio_write, ret =  nil  
[2023/09/06 15:59:44 463] isr_local  2265 last gc at  1693987181  
[2023/09/06 15:59:44 556] isr_local  2126 ASR_LOCAL_MSG_AUW  
[2023/09/06 15:59:44 556] isr_local  1558 auwl =   3200  
[2023/09/06 15:59:44 556] isr_local  2135 esr_audio_write, ret =  nil  
[2023/09/06 15:59:44 556] isr_local  2265 last gc at  1693987181  
[2023/09/06 15:59:44 663] isr_local  2126 ASR_LOCAL_MSG_AUW  
[2023/09/06 15:59:44 663] isr_local  1558 auwl =   3200  
[2023/09/06 15:59:44 663] isr_local  2135 esr_audio_write, ret =  nil  
[2023/09/06 15:59:44 663] isr_local  2265 last gc at  1693987181  
[2023/09/06 15:59:44 763] isr_local  2126 ASR_LOCAL_MSG_AUW  
[2023/09/06 15:59:44 763] isr_local  1558 auwl =   3200  
[2023/09/06 15:59:44 763] isr_local  2135 esr_audio_write, ret =  nil  
[2023/09/06 15:59:44 763] isr_local  2265 last gc at  1693987181  
[2023/09/06 15:59:44 850] isr_local  2126 ASR_LOCAL_MSG_AUW  
[2023/09/06 15:59:44 850] isr_local  1558 auwl =   2560  
[2023/09/06 15:59:44 850] isr_local  2135 esr_audio_write, ret =  nil  
[2023/09/06 15:59:44 850] isr_local  2265 last gc at  1693987181  
[2023/09/06 15:59:44 907] network    231  dns timeout!  ns1  
[2023/09/06 15:59:44 907] ns         457  ns dns failed, err =   10114  
[2023/09/06 15:59:44 908] network    445  gethttpresp2  117.121.48.5  80  ns2  
[2023/09/06 15:59:44 908] network    465  prot_type  tcp  
[2023/09/06 15:59:44 912] transport  306  [dns] [1] timeout!   
[2023/09/06 15:59:44 912] transport  74   dns_failed  
[2023/09/06 15:59:44 913] network    90   ipfromenv ,  ipcache  open.xf-yun.com  def  nil  
[2023/09/06 15:59:44 913] network    90   ipfromenv ,  ipcfg  open.xf-yun.com  def  nil  
[2023/09/06 15:59:44 914] transport  1298 [soc] connect   116.213.69.195  80  
[2023/09/06 15:59:44 914] transport  1310 mspsoc.open,prot_type=  tcp  
[2023/09/06 15:59:44 945] isr_local  669  final result will throw out next!  
[2023/09/06 15:59:44 945] isr_local  679  nRecognizeState:  1  
[2023/09/06 15:59:44 945] isr_local  680  nConfidenceScore:  0  
[2023/09/06 15:59:44 945] isr_local  728  result_type :   xml  
[2023/09/06 15:59:44 945] isr_local  729  result_encoding :   UTF-8  
[2023/09/06 15:59:44 945] isr_local  730  is iat :   true  
[2023/09/06 15:59:44 945] isr_local  771  no recognized result!  
[2023/09/06 15:59:44 945] isr_local  675  recognized end!  
[2023/09/06 15:59:44 949] isr_local  2140 ASR_LOCAL_MSG_SSE  
[2023/09/06 15:59:44 949] isr_local  1518 esr_session_end | esr_obj:stop ret =  0  
[2023/09/06 15:59:44 949] isr_local  2142 esr_session_end, ret =  0  
[2023/09/06 15:59:44 952] isr_local  2265 last gc at  1693987181  
[2023/09/06 15:59:45 025] isr_local  638  local engine already stopped! stop cmd ignored  
[2023/09/06 15:59:45 067] isr_local  2182 SYS_MSG_SHUTDOWN_LOCAL  
[2023/09/06 15:59:45 126] isr_local  2265 last gc at  1693987181  
============================================================
Time  2023/09/06 15:59:45 781 
============================================================
[2023/09/06 15:59:45 781] isr_local  2168 os_type is:  Linux  
[2023/09/06 15:59:45 781] isr_local  2177 SYS_MSG_LOAD_LOCAL  
[2023/09/06 15:59:45 781] isr_local  2265 last gc at  1693987185  
[2023/09/06 15:59:45 782] isr_local  2206 SYS_MSG_REGCB_LOCAL| param0 =  msp_status_cb  
[2023/09/06 15:59:45 782] isr_local  2265 last gc at  1693987185  
[2023/09/06 15:59:45 783] isr_local  2206 SYS_MSG_REGCB_LOCAL| param0 =  local_service_cbmsg  
[2023/09/06 15:59:45 783] isr_local  2265 last gc at  1693987185  
[2023/09/06 15:59:45 783] isr_local  2114 ASR_LOCAL_MSG_SSB  
[2023/09/06 15:59:45 783] isr_local  1251 esr_session_begin | params:  engine_type=local,asr_res_path=fo|res/asr/common.jet,sample_rate=16000,grm_build_path=res/asr/GrmBuilld,local_grammar=call,result_type=xml,result_encoding=UTF-8  
[2023/09/06 15:59:45 783] isr_local  803  engine_type  :  local  
[2023/09/06 15:59:45 783] isr_local  803  asr_res_path  :  fo|res/asr/common.jet  
[2023/09/06 15:59:45 784] isr_local  803  sample_rate  :  16000  
[2023/09/06 15:59:45 784] isr_local  803  grm_build_path  :  res/asr/GrmBuilld  
[2023/09/06 15:59:45 784] isr_local  803  local_grammar  :  call  
[2023/09/06 15:59:45 784] isr_local  803  result_type  :  xml  
[2023/09/06 15:59:45 785] isr_local  803  result_encoding  :  UTF-8  
[2023/09/06 15:59:45 785] isr_local  1280 init aitalk in ssb  
[2023/09/06 15:59:45 785] isr_local  1162 esr_init | params:  engine_type=local,asr_res_path=fo|res/asr/common.jet,sample_rate=16000,grm_build_path=res/asr/GrmBuilld,local_grammar=call,result_type=xml,result_encoding=UTF-8  
[2023/09/06 15:59:45 785] isr_local  803  engine_type  :  local  
[2023/09/06 15:59:45 785] isr_local  803  asr_res_path  :  fo|res/asr/common.jet  
[2023/09/06 15:59:45 785] isr_local  803  sample_rate  :  16000  
[2023/09/06 15:59:45 785] isr_local  803  grm_build_path  :  res/asr/GrmBuilld  
[2023/09/06 15:59:45 786] isr_local  803  local_grammar  :  call  
[2023/09/06 15:59:45 786] isr_local  803  result_type  :  xml  
[2023/09/06 15:59:45 786] isr_local  803  result_encoding  :  UTF-8  
[2023/09/06 15:59:45 786] isr_local  1083  lucEsr.new   
[2023/09/06 15:59:45 786] isr_local  1000 file count =   1  
[2023/09/06 15:59:45 786] isr_local  923  file open type is:   fo  
[2023/09/06 15:59:45 787] isr_local  956  res/asr/common.jet  0  0  
[2023/09/06 15:59:45 787] isr_local  1018 speech_plus_setting  0  
[2023/09/06 15:59:45 787] isr_local  1031 2  nil  res/asr/common.jet  0  0  
[2023/09/06 15:59:45 787] isr_local  1033 res_ver  2  
[2023/09/06 15:59:45 787] isr_local  1034 res 5  62dd61c88201165be2937d82ec3543bf  
[2023/09/06 15:59:45 787] isr_local  1035 res_new_old_mark  v5pp  
[2023/09/06 15:59:45 787] isr_local  1036 res_usr_name  ""  
[2023/09/06 15:59:45 788] isr_local  1037 res_expires    
[2023/09/06 15:59:45 788] isr_local  1038 err  0  
[2023/09/06 15:59:45 788] isr_local  1054 lgi appid 5  62dd61c88201165be2937d82ec3543bf  
[2023/09/06 15:59:45 788] isr_local  1065 res_expires is null  
[2023/09/06 15:59:45 789] auth       74   aitalk  app  nil  nil  {"aitalk":{"ver":"2","bus":{"forbid":"0","nlimit":2020}}}  
[2023/09/06 15:59:45 789] auth       312  nil  
[2023/09/06 15:59:45 814] isr_local  1294 authorized_aitalk=  nil  
[2023/09/06 15:59:45 814] isr_local  1295 forbid_aitalk=  0  
[2023/09/06 15:59:45 814] auth       570  aitalk  table(6c063e70) nil  nil  appid = 5e7d9f3e  
[2023/09/06 15:59:45 814] auth       579  app  nil  nil  nil  
[2023/09/06 15:59:45 814] auth       636  ath rquest  {"authorize":[{"busin":"aitalk","ver":"2.1.1"}]}  
[2023/09/06 15:59:45 817] transport  642  paramkvsport is   nil  
[2023/09/06 15:59:45 818] transport  654  ns_enable=  1  
[2023/09/06 15:59:45 818] transport  656  2017-08--24 is_ns_need_close =   nil  
[2023/09/06 15:59:45 818] transport  662  net.nettype=  standard  
[2023/09/06 15:59:45 818] transport  672  url.full=  nil  
[2023/09/06 15:59:45 818] transport  673  urltmp=  nil  
[2023/09/06 15:59:45 818] transport  677  server_url_host=, server_url_port=, server_url_path=  open.xf-yun.com  nil  /msp.do  
[2023/09/06 15:59:45 818] transport  705  url.full=  nil  
[2023/09/06 15:59:45 818] transport  890  switch 80  
[2023/09/06 15:59:45 819] transport  902  net type:  standard  
[2023/09/06 15:59:45 819] transport  903  net operator:  def  
[2023/09/06 15:59:45 819] transport  904  use proxy:  false  
[2023/09/06 15:59:45 819] auth       691  not login!  
[2023/09/06 15:59:45 819] auth       528  [session] send auth request  
[2023/09/06 15:59:45 819] transport  1102 session.domain=  open.xf-yun.com  
[2023/09/06 15:59:45 819] transport  1103 url.host=  open.xf-yun.com  
[2023/09/06 15:59:45 819] transport  1080 NAMESERVER START  
[2023/09/06 15:59:45 820] transport  1083 name =   ath  
[2023/09/06 15:59:45 820] ns         629  ntt=  standard  
[2023/09/06 15:59:45 820] transport  1086 trans,ns_inprog =  0  
[2023/09/06 15:59:45 820] ns         585  name server start  
[2023/09/06 15:59:45 820] ns         586  ns_sub =   ath  
[2023/09/06 15:59:45 820] ns         588  ns_host=  open.xf-yun.com  
[2023/09/06 15:59:45 820] ns         479  ns_host=  open.xf-yun.com  
[2023/09/06 15:59:45 821] ns         558  GET /sip/resolver?srand=0906155911.32 HTTP/1.1
Host: hdns.openspeech.cn
Connection: Keep-Alive
X-Par: ver=1.3&appid=5e7d9f3e&operator=UNKNOW&nettype=STANDARD&cver=5.0.38.1195&svc=ath&host=open.xf-yun.com&sign=2f7c9476c969e84832f1e3ba6441f5ca
User-Agent: iFLYCloud

  
[2023/09/06 15:59:45 821] ns         559  net_type =  standard  
[2023/09/06 15:59:45 821] ns         560  cmwapascmnet =  
[2023/09/06 15:59:45 821] ns         561  uniwapasuninet =  
[2023/09/06 15:59:45 821] ns         562  ctwapasctnet =  
[2023/09/06 15:59:45 821] ns         579  host=  hdns.openspeech.cn  
[2023/09/06 15:59:45 821] network    263  gethostbyname  hdns.openspeech.cn  ns1  
[2023/09/06 15:59:45 822] auth       535  0  
[2023/09/06 15:59:45 822] auth       498  lver:  nil  
[2023/09/06 15:59:45 822] auth       503  cfg_ver:  nil  
[2023/09/06 15:59:45 822] transport  1849 transport_obj.send | in  
[2023/09/06 15:59:45 823] transport  1855 self.msg_flag_q  table(6c025c50) 
[2023/09/06 15:59:45 823] transport  1856 self.msg_q  table(6c051a00) 
[2023/09/06 15:59:45 823] transport  1788 transport_obj.try2send | in  
[2023/09/06 15:59:45 823] transport  1789 self.soc  nil  
[2023/09/06 15:59:45 823] transport  1790 self.connected  false  
[2023/09/06 15:59:45 823] transport  1791 self.latesterr  0  
[2023/09/06 15:59:45 823] transport  1862 transport_obj.send | out  
[2023/09/06 15:59:45 824] isr_local  2038 commit path:   res/asr/GrmBuilld/temp/commit  
[2023/09/06 15:59:45 838] isr_local  2076 commit success!  
[2023/09/06 15:59:45 841] isr_local  1409 esr_session_begin | esr_obj:start ret =  0  
[2023/09/06 15:59:45 841] isr_local  2122 esr_session_begin, ret =   0  
[2023/09/06 15:59:45 842] isr_local  2265 last gc at  1693987185  
[2023/09/06 15:59:45 939] isr_local  655  local engine ready  
[2023/09/06 15:59:45 939] isr_local  585  esr_flush_buf_audio buffer audio num:  0  
[2023/09/06 15:59:45 941] isr_local  630  local engine started  
[2023/09/06 15:59:45 974] isr_local  2126 ASR_LOCAL_MSG_AUW  
[2023/09/06 15:59:45 975] isr_local  1558 auwl =   3200  
[2023/09/06 15:59:45 975] isr_local  2135 esr_audio_write, ret =  nil  
[2023/09/06 15:59:45 975] isr_local  2265 last gc at  1693987185  
[2023/09/06 15:59:46 068] isr_local  2126 ASR_LOCAL_MSG_AUW  
[2023/09/06 15:59:46 068] isr_local  1558 auwl =   3200  
[2023/09/06 15:59:46 068] isr_local  2135 esr_audio_write, ret =  nil  
[2023/09/06 15:59:46 069] isr_local  2265 last gc at  1693987185  
[2023/09/06 15:59:46 179] isr_local  2126 ASR_LOCAL_MSG_AUW  
[2023/09/06 15:59:46 180] isr_local  1558 auwl =   3200  
[2023/09/06 15:59:46 181] isr_local  2135 esr_audio_write, ret =  nil  
[2023/09/06 15:59:46 181] isr_local  2265 last gc at  1693987185  
[2023/09/06 15:59:46 278] isr_local  2126 ASR_LOCAL_MSG_AUW  
[2023/09/06 15:59:46 279] isr_local  1558 auwl =   3200  
[2023/09/06 15:59:46 280] isr_local  2135 esr_audio_write, ret =  nil  
[2023/09/06 15:59:46 281] isr_local  2265 last gc at  1693987185  
[2023/09/06 15:59:46 379] isr_local  2126 ASR_LOCAL_MSG_AUW  
[2023/09/06 15:59:46 380] isr_local  1558 auwl =   3200  
[2023/09/06 15:59:46 380] isr_local  2135 esr_audio_write, ret =  nil  
[2023/09/06 15:59:46 381] isr_local  2265 last gc at  1693987185  
[2023/09/06 15:59:46 479] isr_local  2126 ASR_LOCAL_MSG_AUW  
[2023/09/06 15:59:46 480] isr_local  1558 auwl =   3200  
[2023/09/06 15:59:46 480] isr_local  2135 esr_audio_write, ret =  nil  
[2023/09/06 15:59:46 481] isr_local  2265 last gc at  1693987185  
[2023/09/06 15:59:46 578] isr_local  2126 ASR_LOCAL_MSG_AUW  
[2023/09/06 15:59:46 579] isr_local  1558 auwl =   3200  
[2023/09/06 15:59:46 580] isr_local  2135 esr_audio_write, ret =  nil  
[2023/09/06 15:59:46 580] isr_local  2265 last gc at  1693987185  
[2023/09/06 15:59:46 677] isr_local  2126 ASR_LOCAL_MSG_AUW  
[2023/09/06 15:59:46 677] isr_local  1558 auwl =   3200  
[2023/09/06 15:59:46 678] isr_local  2135 esr_audio_write, ret =  nil  
[2023/09/06 15:59:46 678] isr_local  2265 last gc at  1693987185  
[2023/09/06 15:59:46 767] isr_local  2126 ASR_LOCAL_MSG_AUW  
[2023/09/06 15:59:46 768] isr_local  1558 auwl =   3200  
[2023/09/06 15:59:46 768] isr_local  2135 esr_audio_write, ret =  nil  
[2023/09/06 15:59:46 768] isr_local  2265 last gc at  1693987185  
[2023/09/06 15:59:46 878] isr_local  2126 ASR_LOCAL_MSG_AUW  
[2023/09/06 15:59:46 879] isr_local  1558 auwl =   3200  
[2023/09/06 15:59:46 880] isr_local  2135 esr_audio_write, ret =  nil  
[2023/09/06 15:59:46 880] isr_local  2265 last gc at  1693987185  
[2023/09/06 15:59:46 978] isr_local  2126 ASR_LOCAL_MSG_AUW  
[2023/09/06 15:59:46 979] isr_local  1558 auwl =   3200  
[2023/09/06 15:59:46 980] isr_local  2135 esr_audio_write, ret =  nil  
[2023/09/06 15:59:46 980] isr_local  2265 last gc at  1693987185  
[2023/09/06 15:59:47 078] isr_local  2126 ASR_LOCAL_MSG_AUW  
[2023/09/06 15:59:47 079] isr_local  1558 auwl =   3200  
[2023/09/06 15:59:47 080] isr_local  2135 esr_audio_write, ret =  nil  
[2023/09/06 15:59:47 080] isr_local  2265 last gc at  1693987185  
[2023/09/06 15:59:47 179] isr_local  2126 ASR_LOCAL_MSG_AUW  
[2023/09/06 15:59:47 180] isr_local  1558 auwl =   3200  
[2023/09/06 15:59:47 181] isr_local  2135 esr_audio_write, ret =  nil  
[2023/09/06 15:59:47 181] isr_local  2265 last gc at  1693987185  
[2023/09/06 15:59:47 279] isr_local  2126 ASR_LOCAL_MSG_AUW  
[2023/09/06 15:59:47 280] isr_local  1558 auwl =   3200  
[2023/09/06 15:59:47 281] isr_local  2135 esr_audio_write, ret =  nil  
[2023/09/06 15:59:47 281] isr_local  2265 last gc at  1693987185  
[2023/09/06 15:59:47 378] isr_local  2126 ASR_LOCAL_MSG_AUW  
[2023/09/06 15:59:47 379] isr_local  1558 auwl =   3200  
[2023/09/06 15:59:47 380] isr_local  2135 esr_audio_write, ret =  nil  
[2023/09/06 15:59:47 380] isr_local  2265 last gc at  1693987185  
[2023/09/06 15:59:47 478] isr_local  2126 ASR_LOCAL_MSG_AUW  
[2023/09/06 15:59:47 479] isr_local  1558 auwl =   3200  
[2023/09/06 15:59:47 479] isr_local  2135 esr_audio_write, ret =  nil  
[2023/09/06 15:59:47 480] isr_local  2265 last gc at  1693987185  
[2023/09/06 15:59:47 578] isr_local  2126 ASR_LOCAL_MSG_AUW  
[2023/09/06 15:59:47 579] isr_local  1558 auwl =   3200  
[2023/09/06 15:59:47 580] isr_local  2135 esr_audio_write, ret =  nil  
[2023/09/06 15:59:47 581] isr_local  2265 last gc at  1693987185  
[2023/09/06 15:59:47 678] isr_local  2126 ASR_LOCAL_MSG_AUW  
[2023/09/06 15:59:47 679] isr_local  1558 auwl =   3200  
[2023/09/06 15:59:47 680] isr_local  2135 esr_audio_write, ret =  nil  
[2023/09/06 15:59:47 680] isr_local  2265 last gc at  1693987185  
[2023/09/06 15:59:47 772] isr_local  2126 ASR_LOCAL_MSG_AUW  
[2023/09/06 15:59:47 773] isr_local  1558 auwl =   3200  
[2023/09/06 15:59:47 773] isr_local  2135 esr_audio_write, ret =  nil  
[2023/09/06 15:59:47 773] isr_local  2265 last gc at  1693987185  
[2023/09/06 15:59:47 868] isr_local  2126 ASR_LOCAL_MSG_AUW  
[2023/09/06 15:59:47 868] isr_local  1558 auwl =   3200  
[2023/09/06 15:59:47 868] isr_local  2135 esr_audio_write, ret =  nil  
[2023/09/06 15:59:47 869] isr_local  2265 last gc at  1693987185  
[2023/09/06 15:59:47 979] isr_local  2126 ASR_LOCAL_MSG_AUW  
[2023/09/06 15:59:47 980] isr_local  1558 auwl =   3200  
[2023/09/06 15:59:47 980] isr_local  2135 esr_audio_write, ret =  nil  
[2023/09/06 15:59:47 981] isr_local  2265 last gc at  1693987185  
[2023/09/06 15:59:48 079] isr_local  2126 ASR_LOCAL_MSG_AUW  
[2023/09/06 15:59:48 079] isr_local  1558 auwl =   3200  
[2023/09/06 15:59:48 080] isr_local  2135 esr_audio_write, ret =  nil  
[2023/09/06 15:59:48 080] isr_local  2265 last gc at  1693987185  
[2023/09/06 15:59:48 179] isr_local  2126 ASR_LOCAL_MSG_AUW  
[2023/09/06 15:59:48 180] isr_local  1558 auwl =   3200  
[2023/09/06 15:59:48 180] isr_local  2135 esr_audio_write, ret =  nil  
[2023/09/06 15:59:48 181] isr_local  2265 last gc at  1693987185  
[2023/09/06 15:59:48 279] isr_local  2126 ASR_LOCAL_MSG_AUW  
[2023/09/06 15:59:48 280] isr_local  1558 auwl =   3200  
[2023/09/06 15:59:48 280] isr_local  2135 esr_audio_write, ret =  nil  
[2023/09/06 15:59:48 281] isr_local  2265 last gc at  1693987185  
[2023/09/06 15:59:48 379] isr_local  2126 ASR_LOCAL_MSG_AUW  
[2023/09/06 15:59:48 380] isr_local  1558 auwl =   3200  
[2023/09/06 15:59:48 380] isr_local  2135 esr_audio_write, ret =  nil  
[2023/09/06 15:59:48 381] isr_local  2265 last gc at  1693987185  
[2023/09/06 15:59:48 479] isr_local  2126 ASR_LOCAL_MSG_AUW  
[2023/09/06 15:59:48 479] isr_local  1558 auwl =   3200  
[2023/09/06 15:59:48 479] isr_local  2135 esr_audio_write, ret =  nil  
[2023/09/06 15:59:48 479] isr_local  2265 last gc at  1693987185  
[2023/09/06 15:59:48 578] isr_local  2126 ASR_LOCAL_MSG_AUW  
[2023/09/06 15:59:48 579] isr_local  1558 auwl =   3200  
[2023/09/06 15:59:48 579] isr_local  2135 esr_audio_write, ret =  nil  
[2023/09/06 15:59:48 579] isr_local  2265 last gc at  1693987185  
[2023/09/06 15:59:48 680] isr_local  2126 ASR_LOCAL_MSG_AUW  
[2023/09/06 15:59:48 680] isr_local  1558 auwl =   3200  
[2023/09/06 15:59:48 680] isr_local  2135 esr_audio_write, ret =  nil  
[2023/09/06 15:59:48 680] isr_local  2265 last gc at  1693987185  
[2023/09/06 15:59:48 771] isr_local  2126 ASR_LOCAL_MSG_AUW  
[2023/09/06 15:59:48 771] isr_local  1558 auwl =   2880  
[2023/09/06 15:59:48 771] isr_local  2135 esr_audio_write, ret =  nil  
[2023/09/06 15:59:48 771] isr_local  2265 last gc at  1693987185  
[2023/09/06 15:59:48 823] transport  306  [dns] [1] timeout!   
[2023/09/06 15:59:48 823] transport  74   dns_failed  
[2023/09/06 15:59:48 823] network    90   ipfromenv ,  ipcache  open.xf-yun.com  def  nil  
[2023/09/06 15:59:48 823] network    90   ipfromenv ,  ipcfg  open.xf-yun.com  def  nil  
[2023/09/06 15:59:48 824] transport  1298 [soc] connect   116.213.69.195  80  
[2023/09/06 15:59:48 824] transport  1310 mspsoc.open,prot_type=  tcp  
[2023/09/06 15:59:48 824] network    231  dns timeout!  ns1  
[2023/09/06 15:59:48 824] ns         457  ns dns failed, err =   10114  
[2023/09/06 15:59:48 824] network    445  gethttpresp2  117.121.48.5  80  ns2  
[2023/09/06 15:59:48 824] network    465  prot_type  tcp  
[2023/09/06 15:59:48 845] isr_local  669  final result will throw out next!  
[2023/09/06 15:59:48 845] isr_local  679  nRecognizeState:  1  
[2023/09/06 15:59:48 845] isr_local  680  nConfidenceScore:  15  
[2023/09/06 15:59:48 845] isr_local  728  result_type :   xml  
[2023/09/06 15:59:48 845] isr_local  729  result_encoding :   UTF-8  
[2023/09/06 15:59:48 845] isr_local  730  is iat :   false  
[2023/09/06 15:59:48 846] isr_local  469  item_count:1  
[2023/09/06 15:59:48 846] isr_local  293  nil  
[2023/09/06 15:59:48 846] isr_local  675  recognized end!  
[2023/09/06 15:59:48 851] isr_local  2140 ASR_LOCAL_MSG_SSE  
[2023/09/06 15:59:48 851] isr_local  1518 esr_session_end | esr_obj:stop ret =  0  
[2023/09/06 15:59:48 852] isr_local  2142 esr_session_end, ret =  0  
[2023/09/06 15:59:48 856] isr_local  2265 last gc at  1693987185  
[2023/09/06 15:59:48 946] isr_local  638  local engine already stopped! stop cmd ignored  
[2023/09/06 15:59:48 956] isr_local  2182 SYS_MSG_SHUTDOWN_LOCAL  
[2023/09/06 15:59:49 066] isr_local  2265 last gc at  1693987185  
============================================================
Time  2023/09/06 15:59:49 689 
============================================================
[2023/09/06 15:59:49 689] isr_local  2168 os_type is:  Linux  
[2023/09/06 15:59:49 689] isr_local  2177 SYS_MSG_LOAD_LOCAL  
[2023/09/06 15:59:49 689] isr_local  2265 last gc at  1693987189  
[2023/09/06 15:59:49 690] isr_local  2206 SYS_MSG_REGCB_LOCAL| param0 =  msp_status_cb  
[2023/09/06 15:59:49 690] isr_local  2265 last gc at  1693987189  
[2023/09/06 15:59:49 690] isr_local  2206 SYS_MSG_REGCB_LOCAL| param0 =  local_service_cbmsg  
[2023/09/06 15:59:49 690] isr_local  2265 last gc at  1693987189  
[2023/09/06 15:59:49 691] isr_local  2114 ASR_LOCAL_MSG_SSB  
[2023/09/06 15:59:49 691] isr_local  1251 esr_session_begin | params:  engine_type=local,asr_res_path=fo|res/asr/common.jet,sample_rate=16000,grm_build_path=res/asr/GrmBuilld,local_grammar=call,result_type=xml,result_encoding=UTF-8  
[2023/09/06 15:59:49 691] isr_local  803  engine_type  :  local  
[2023/09/06 15:59:49 691] isr_local  803  asr_res_path  :  fo|res/asr/common.jet  
[2023/09/06 15:59:49 691] isr_local  803  sample_rate  :  16000  
[2023/09/06 15:59:49 691] isr_local  803  grm_build_path  :  res/asr/GrmBuilld  
[2023/09/06 15:59:49 692] isr_local  803  local_grammar  :  call  
[2023/09/06 15:59:49 692] isr_local  803  result_type  :  xml  
[2023/09/06 15:59:49 692] isr_local  803  result_encoding  :  UTF-8  
[2023/09/06 15:59:49 692] isr_local  1280 init aitalk in ssb  
[2023/09/06 15:59:49 692] isr_local  1162 esr_init | params:  engine_type=local,asr_res_path=fo|res/asr/common.jet,sample_rate=16000,grm_build_path=res/asr/GrmBuilld,local_grammar=call,result_type=xml,result_encoding=UTF-8  
[2023/09/06 15:59:49 692] isr_local  803  engine_type  :  local  
[2023/09/06 15:59:49 692] isr_local  803  asr_res_path  :  fo|res/asr/common.jet  
[2023/09/06 15:59:49 692] isr_local  803  sample_rate  :  16000  
[2023/09/06 15:59:49 693] isr_local  803  grm_build_path  :  res/asr/GrmBuilld  
[2023/09/06 15:59:49 693] isr_local  803  local_grammar  :  call  
[2023/09/06 15:59:49 693] isr_local  803  result_type  :  xml  
[2023/09/06 15:59:49 693] isr_local  803  result_encoding  :  UTF-8  
[2023/09/06 15:59:49 693] isr_local  1083  lucEsr.new   
[2023/09/06 15:59:49 693] isr_local  1000 file count =   1  
[2023/09/06 15:59:49 694] isr_local  923  file open type is:   fo  
[2023/09/06 15:59:49 694] isr_local  956  res/asr/common.jet  0  0  
[2023/09/06 15:59:49 694] isr_local  1018 speech_plus_setting  0  
[2023/09/06 15:59:49 694] isr_local  1031 2  nil  res/asr/common.jet  0  0  
[2023/09/06 15:59:49 694] isr_local  1033 res_ver  2  
[2023/09/06 15:59:49 694] isr_local  1034 res 5  62dd61c88201165be2937d82ec3543bf  
[2023/09/06 15:59:49 695] isr_local  1035 res_new_old_mark  v5pp  
[2023/09/06 15:59:49 695] isr_local  1036 res_usr_name  ""  
[2023/09/06 15:59:49 695] isr_local  1037 res_expires    
[2023/09/06 15:59:49 695] isr_local  1038 err  0  
[2023/09/06 15:59:49 695] isr_local  1054 lgi appid 5  62dd61c88201165be2937d82ec3543bf  
[2023/09/06 15:59:49 695] isr_local  1065 res_expires is null  
[2023/09/06 15:59:49 696] auth       74   aitalk  app  nil  nil  {"aitalk":{"ver":"2","bus":{"forbid":"0","nlimit":2020}}}  
[2023/09/06 15:59:49 696] auth       312  nil  
[2023/09/06 15:59:49 722] isr_local  1294 authorized_aitalk=  nil  
[2023/09/06 15:59:49 722] isr_local  1295 forbid_aitalk=  0  
[2023/09/06 15:59:49 722] auth       570  aitalk  table(74063e30) nil  nil  appid = 5e7d9f3e  
[2023/09/06 15:59:49 722] auth       579  app  nil  nil  nil  
[2023/09/06 15:59:49 722] auth       636  ath rquest  {"authorize":[{"ver":"2.1.1","busin":"aitalk"}]}  
[2023/09/06 15:59:49 725] transport  642  paramkvsport is   nil  
[2023/09/06 15:59:49 725] transport  654  ns_enable=  1  
[2023/09/06 15:59:49 725] transport  656  2017-08--24 is_ns_need_close =   nil  
[2023/09/06 15:59:49 726] transport  662  net.nettype=  standard  
[2023/09/06 15:59:49 726] transport  672  url.full=  nil  
[2023/09/06 15:59:49 726] transport  673  urltmp=  nil  
[2023/09/06 15:59:49 726] transport  677  server_url_host=, server_url_port=, server_url_path=  open.xf-yun.com  nil  /msp.do  
[2023/09/06 15:59:49 726] transport  705  url.full=  nil  
[2023/09/06 15:59:49 726] transport  890  switch 80  
[2023/09/06 15:59:49 726] transport  902  net type:  standard  
[2023/09/06 15:59:49 726] transport  903  net operator:  def  
[2023/09/06 15:59:49 726] transport  904  use proxy:  false  
[2023/09/06 15:59:49 727] auth       691  not login!  
[2023/09/06 15:59:49 727] auth       528  [session] send auth request  
[2023/09/06 15:59:49 727] transport  1102 session.domain=  open.xf-yun.com  
[2023/09/06 15:59:49 727] transport  1103 url.host=  open.xf-yun.com  
[2023/09/06 15:59:49 727] transport  1080 NAMESERVER START  
[2023/09/06 15:59:49 727] transport  1083 name =   ath  
[2023/09/06 15:59:49 727] ns         629  ntt=  standard  
[2023/09/06 15:59:49 727] transport  1086 trans,ns_inprog =  0  
[2023/09/06 15:59:49 728] ns         585  name server start  
[2023/09/06 15:59:49 728] ns         586  ns_sub =   ath  
[2023/09/06 15:59:49 728] ns         588  ns_host=  open.xf-yun.com  
[2023/09/06 15:59:49 728] ns         479  ns_host=  open.xf-yun.com  
[2023/09/06 15:59:49 728] ns         558  GET /sip/resolver?srand=0906155911.32 HTTP/1.1
Host: hdns.openspeech.cn
Connection: Keep-Alive
X-Par: ver=1.3&appid=5e7d9f3e&operator=UNKNOW&nettype=STANDARD&cver=5.0.38.1195&svc=ath&host=open.xf-yun.com&sign=2f7c9476c969e84832f1e3ba6441f5ca
User-Agent: iFLYCloud

  
[2023/09/06 15:59:49 728] ns         559  net_type =  standard  
[2023/09/06 15:59:49 728] ns         560  cmwapascmnet =  
[2023/09/06 15:59:49 728] ns         561  uniwapasuninet =  
[2023/09/06 15:59:49 729] ns         562  ctwapasctnet =  
[2023/09/06 15:59:49 729] ns         579  host=  hdns.openspeech.cn  
[2023/09/06 15:59:49 729] network    263  gethostbyname  hdns.openspeech.cn  ns1  
[2023/09/06 15:59:49 729] auth       535  0  
[2023/09/06 15:59:49 730] auth       498  lver:  nil  
[2023/09/06 15:59:49 730] auth       503  cfg_ver:  nil  
[2023/09/06 15:59:49 730] transport  1849 transport_obj.send | in  
[2023/09/06 15:59:49 730] transport  1855 self.msg_flag_q  table(7402f230) 
[2023/09/06 15:59:49 730] transport  1856 self.msg_q  table(740818b0) 
[2023/09/06 15:59:49 730] transport  1788 transport_obj.try2send | in  
[2023/09/06 15:59:49 730] transport  1789 self.soc  nil  
[2023/09/06 15:59:49 731] transport  1790 self.connected  false  
[2023/09/06 15:59:49 731] transport  1791 self.latesterr  0  
[2023/09/06 15:59:49 731] transport  1862 transport_obj.send | out  
[2023/09/06 15:59:49 731] isr_local  2038 commit path:   res/asr/GrmBuilld/temp/commit  
[2023/09/06 15:59:49 745] isr_local  2076 commit success!  
[2023/09/06 15:59:49 748] isr_local  1409 esr_session_begin | esr_obj:start ret =  0  
[2023/09/06 15:59:49 749] isr_local  2122 esr_session_begin, ret =   0  
[2023/09/06 15:59:49 749] isr_local  2265 last gc at  1693987189  
[2023/09/06 15:59:49 848] isr_local  655  local engine ready  
[2023/09/06 15:59:49 848] isr_local  585  esr_flush_buf_audio buffer audio num:  0  
[2023/09/06 15:59:49 849] isr_local  630  local engine started  
[2023/09/06 15:59:49 876] isr_local  2126 ASR_LOCAL_MSG_AUW  
[2023/09/06 15:59:49 877] isr_local  1558 auwl =   3200  
[2023/09/06 15:59:49 877] isr_local  2135 esr_audio_write, ret =  nil  
[2023/09/06 15:59:49 877] isr_local  2265 last gc at  1693987189  
[2023/09/06 15:59:49 970] isr_local  2126 ASR_LOCAL_MSG_AUW  
[2023/09/06 15:59:49 970] isr_local  1558 auwl =   3200  
[2023/09/06 15:59:49 971] isr_local  2135 esr_audio_write, ret =  nil  
[2023/09/06 15:59:49 971] isr_local  2265 last gc at  1693987189  
[2023/09/06 15:59:50 072] isr_local  2126 ASR_LOCAL_MSG_AUW  
[2023/09/06 15:59:50 072] isr_local  1558 auwl =   3200  
[2023/09/06 15:59:50 073] isr_local  2135 esr_audio_write, ret =  nil  
[2023/09/06 15:59:50 073] isr_local  2265 last gc at  1693987189  
[2023/09/06 15:59:50 175] isr_local  2126 ASR_LOCAL_MSG_AUW  
[2023/09/06 15:59:50 176] isr_local  1558 auwl =   3200  
[2023/09/06 15:59:50 176] isr_local  2135 esr_audio_write, ret =  nil  
[2023/09/06 15:59:50 177] isr_local  2265 last gc at  1693987189  
[2023/09/06 15:59:50 275] isr_local  2126 ASR_LOCAL_MSG_AUW  
[2023/09/06 15:59:50 276] isr_local  1558 auwl =   3200  
[2023/09/06 15:59:50 276] isr_local  2135 esr_audio_write, ret =  nil  
[2023/09/06 15:59:50 277] isr_local  2265 last gc at  1693987189  
[2023/09/06 15:59:50 373] isr_local  2126 ASR_LOCAL_MSG_AUW  
[2023/09/06 15:59:50 374] isr_local  1558 auwl =   3200  
[2023/09/06 15:59:50 374] isr_local  2135 esr_audio_write, ret =  nil  
[2023/09/06 15:59:50 375] isr_local  2265 last gc at  1693987189  
[2023/09/06 15:59:50 472] isr_local  2126 ASR_LOCAL_MSG_AUW  
[2023/09/06 15:59:50 472] isr_local  1558 auwl =   3200  
[2023/09/06 15:59:50 473] isr_local  2135 esr_audio_write, ret =  nil  
[2023/09/06 15:59:50 473] isr_local  2265 last gc at  1693987189  
[2023/09/06 15:59:50 572] isr_local  2126 ASR_LOCAL_MSG_AUW  
[2023/09/06 15:59:50 572] isr_local  1558 auwl =   3200  
[2023/09/06 15:59:50 572] isr_local  2135 esr_audio_write, ret =  nil  
[2023/09/06 15:59:50 572] isr_local  2265 last gc at  1693987189  
[2023/09/06 15:59:50 681] isr_local  2126 ASR_LOCAL_MSG_AUW  
[2023/09/06 15:59:50 681] isr_local  1558 auwl =   3200  
[2023/09/06 15:59:50 682] isr_local  2135 esr_audio_write, ret =  nil  
[2023/09/06 15:59:50 682] isr_local  2265 last gc at  1693987189  
[2023/09/06 15:59:50 771] isr_local  2126 ASR_LOCAL_MSG_AUW  
[2023/09/06 15:59:50 771] isr_local  1558 auwl =   3200  
[2023/09/06 15:59:50 771] isr_local  2135 esr_audio_write, ret =  nil  
[2023/09/06 15:59:50 771] isr_local  2265 last gc at  1693987189  
[2023/09/06 15:59:50 871] isr_local  2126 ASR_LOCAL_MSG_AUW  
[2023/09/06 15:59:50 871] isr_local  1558 auwl =   3200  
[2023/09/06 15:59:50 871] isr_local  2135 esr_audio_write, ret =  nil  
[2023/09/06 15:59:50 872] isr_local  2265 last gc at  1693987189  
[2023/09/06 15:59:50 983] isr_local  2126 ASR_LOCAL_MSG_AUW  
[2023/09/06 15:59:50 984] isr_local  1558 auwl =   3200  
[2023/09/06 15:59:50 985] isr_local  2135 esr_audio_write, ret =  nil  
[2023/09/06 15:59:50 985] isr_local  2265 last gc at  1693987189  
[2023/09/06 15:59:51 071] isr_local  2126 ASR_LOCAL_MSG_AUW  
[2023/09/06 15:59:51 071] isr_local  1558 auwl =   3200  
[2023/09/06 15:59:51 071] isr_local  2135 esr_audio_write, ret =  nil  
[2023/09/06 15:59:51 071] isr_local  2265 last gc at  1693987189  
[2023/09/06 15:59:51 181] isr_local  2126 ASR_LOCAL_MSG_AUW  
[2023/09/06 15:59:51 182] isr_local  1558 auwl =   3200  
[2023/09/06 15:59:51 183] isr_local  2135 esr_audio_write, ret =  nil  
[2023/09/06 15:59:51 183] isr_local  2265 last gc at  1693987189  
[2023/09/06 15:59:51 281] isr_local  2126 ASR_LOCAL_MSG_AUW  
[2023/09/06 15:59:51 282] isr_local  1558 auwl =   3200  
[2023/09/06 15:59:51 283] isr_local  2135 esr_audio_write, ret =  nil  
[2023/09/06 15:59:51 283] isr_local  2265 last gc at  1693987189  
[2023/09/06 15:59:51 368] isr_local  2126 ASR_LOCAL_MSG_AUW  
[2023/09/06 15:59:51 368] isr_local  1558 auwl =   3200  
[2023/09/06 15:59:51 369] isr_local  2135 esr_audio_write, ret =  nil  
[2023/09/06 15:59:51 369] isr_local  2265 last gc at  1693987189  
[2023/09/06 15:59:51 467] isr_local  2126 ASR_LOCAL_MSG_AUW  
[2023/09/06 15:59:51 467] isr_local  1558 auwl =   3200  
[2023/09/06 15:59:51 467] isr_local  2135 esr_audio_write, ret =  nil  
[2023/09/06 15:59:51 467] isr_local  2265 last gc at  1693987189  
[2023/09/06 15:59:51 567] isr_local  2126 ASR_LOCAL_MSG_AUW  
[2023/09/06 15:59:51 567] isr_local  1558 auwl =   3200  
[2023/09/06 15:59:51 567] isr_local  2135 esr_audio_write, ret =  nil  
[2023/09/06 15:59:51 567] isr_local  2265 last gc at  1693987189  
[2023/09/06 15:59:51 667] isr_local  2126 ASR_LOCAL_MSG_AUW  
[2023/09/06 15:59:51 667] isr_local  1558 auwl =   3200  
[2023/09/06 15:59:51 667] isr_local  2135 esr_audio_write, ret =  nil  
[2023/09/06 15:59:51 667] isr_local  2265 last gc at  1693987189  
[2023/09/06 15:59:51 769] isr_local  2126 ASR_LOCAL_MSG_AUW  
[2023/09/06 15:59:51 769] isr_local  1558 auwl =   3200  
[2023/09/06 15:59:51 769] isr_local  2135 esr_audio_write, ret =  nil  
[2023/09/06 15:59:51 769] isr_local  2265 last gc at  1693987189  
[2023/09/06 15:59:51 867] isr_local  2126 ASR_LOCAL_MSG_AUW  
[2023/09/06 15:59:51 867] isr_local  1558 auwl =   3200  
[2023/09/06 15:59:51 867] isr_local  2135 esr_audio_write, ret =  nil  
[2023/09/06 15:59:51 867] isr_local  2265 last gc at  1693987189  
[2023/09/06 15:59:51 967] isr_local  2126 ASR_LOCAL_MSG_AUW  
[2023/09/06 15:59:51 967] isr_local  1558 auwl =   3200  
[2023/09/06 15:59:51 967] isr_local  2135 esr_audio_write, ret =  nil  
[2023/09/06 15:59:51 967] isr_local  2265 last gc at  1693987189  
[2023/09/06 15:59:52 082] isr_local  2126 ASR_LOCAL_MSG_AUW  
[2023/09/06 15:59:52 082] isr_local  1558 auwl =   3200  
[2023/09/06 15:59:52 084] isr_local  2135 esr_audio_write, ret =  nil  
[2023/09/06 15:59:52 084] isr_local  2265 last gc at  1693987189  
[2023/09/06 15:59:52 175] isr_local  2126 ASR_LOCAL_MSG_AUW  
[2023/09/06 15:59:52 175] isr_local  1558 auwl =   3200  
[2023/09/06 15:59:52 175] isr_local  2135 esr_audio_write, ret =  nil  
[2023/09/06 15:59:52 175] isr_local  2265 last gc at  1693987189  
[2023/09/06 15:59:52 267] isr_local  2126 ASR_LOCAL_MSG_AUW  
[2023/09/06 15:59:52 267] isr_local  1558 auwl =   3200  
[2023/09/06 15:59:52 267] isr_local  2135 esr_audio_write, ret =  nil  
[2023/09/06 15:59:52 267] isr_local  2265 last gc at  1693987189  
[2023/09/06 15:59:52 367] isr_local  2126 ASR_LOCAL_MSG_AUW  
[2023/09/06 15:59:52 367] isr_local  1558 auwl =   3200  
[2023/09/06 15:59:52 367] isr_local  2135 esr_audio_write, ret =  nil  
[2023/09/06 15:59:52 367] isr_local  2265 last gc at  1693987189  
[2023/09/06 15:59:52 467] isr_local  2126 ASR_LOCAL_MSG_AUW  
[2023/09/06 15:59:52 467] isr_local  1558 auwl =   3200  
[2023/09/06 15:59:52 467] isr_local  2135 esr_audio_write, ret =  nil  
[2023/09/06 15:59:52 467] isr_local  2265 last gc at  1693987189  
[2023/09/06 15:59:52 468] isr_local  2126 ASR_LOCAL_MSG_AUW  
[2023/09/06 15:59:52 468] isr_local  1558 auwl =   960  
[2023/09/06 15:59:52 468] isr_local  2135 esr_audio_write, ret =  nil  
[2023/09/06 15:59:52 468] isr_local  2265 last gc at  1693987189  
[2023/09/06 15:59:52 542] isr_local  669  final result will throw out next!  
[2023/09/06 15:59:52 542] isr_local  679  nRecognizeState:  1  
[2023/09/06 15:59:52 542] isr_local  680  nConfidenceScore:  0  
[2023/09/06 15:59:52 542] isr_local  728  result_type :   xml  
[2023/09/06 15:59:52 542] isr_local  729  result_encoding :   UTF-8  
[2023/09/06 15:59:52 542] isr_local  730  is iat :   false  
[2023/09/06 15:59:52 543] isr_local  469  item_count:1  
[2023/09/06 15:59:52 543] isr_local  293  nil  
[2023/09/06 15:59:52 543] isr_local  675  recognized end!  
[2023/09/06 15:59:52 685] isr_local  2140 ASR_LOCAL_MSG_SSE  
[2023/09/06 15:59:52 686] isr_local  1518 esr_session_end | esr_obj:stop ret =  0  
[2023/09/06 15:59:52 687] isr_local  2142 esr_session_end, ret =  0  
[2023/09/06 15:59:52 716] isr_local  2265 last gc at  1693987189  
[2023/09/06 15:59:52 717] isr_local  2182 SYS_MSG_SHUTDOWN_LOCAL  
[2023/09/06 15:59:52 772] isr_local  2265 last gc at  1693987189  
============================================================
Time  2023/09/06 15:59:53 447 
============================================================
[2023/09/06 15:59:53 447] isr_local  2168 os_type is:  Linux  
[2023/09/06 15:59:53 447] isr_local  2177 SYS_MSG_LOAD_LOCAL  
[2023/09/06 15:59:53 447] isr_local  2265 last gc at  1693987192  
[2023/09/06 15:59:53 447] isr_local  2206 SYS_MSG_REGCB_LOCAL| param0 =  msp_status_cb  
[2023/09/06 15:59:53 448] isr_local  2265 last gc at  1693987192  
[2023/09/06 15:59:53 448] isr_local  2206 SYS_MSG_REGCB_LOCAL| param0 =  local_service_cbmsg  
[2023/09/06 15:59:53 448] isr_local  2265 last gc at  1693987192  
[2023/09/06 15:59:53 448] isr_local  2114 ASR_LOCAL_MSG_SSB  
[2023/09/06 15:59:53 448] isr_local  1251 esr_session_begin | params:  engine_type=local,asr_res_path=fo|res/asr/common.jet,sample_rate=16000,grm_build_path=res/asr/GrmBuilld,local_grammar=call,result_type=xml,result_encoding=UTF-8  
[2023/09/06 15:59:53 448] isr_local  803  engine_type  :  local  
[2023/09/06 15:59:53 449] isr_local  803  asr_res_path  :  fo|res/asr/common.jet  
[2023/09/06 15:59:53 449] isr_local  803  sample_rate  :  16000  
[2023/09/06 15:59:53 449] isr_local  803  grm_build_path  :  res/asr/GrmBuilld  
[2023/09/06 15:59:53 449] isr_local  803  local_grammar  :  call  
[2023/09/06 15:59:53 449] isr_local  803  result_type  :  xml  
[2023/09/06 15:59:53 449] isr_local  803  result_encoding  :  UTF-8  
[2023/09/06 15:59:53 449] isr_local  1280 init aitalk in ssb  
[2023/09/06 15:59:53 449] isr_local  1162 esr_init | params:  engine_type=local,asr_res_path=fo|res/asr/common.jet,sample_rate=16000,grm_build_path=res/asr/GrmBuilld,local_grammar=call,result_type=xml,result_encoding=UTF-8  
[2023/09/06 15:59:53 449] isr_local  803  engine_type  :  local  
[2023/09/06 15:59:53 449] isr_local  803  asr_res_path  :  fo|res/asr/common.jet  
[2023/09/06 15:59:53 450] isr_local  803  sample_rate  :  16000  
[2023/09/06 15:59:53 450] isr_local  803  grm_build_path  :  res/asr/GrmBuilld  
[2023/09/06 15:59:53 450] isr_local  803  local_grammar  :  call  
[2023/09/06 15:59:53 450] isr_local  803  result_type  :  xml  
[2023/09/06 15:59:53 450] isr_local  803  result_encoding  :  UTF-8  
[2023/09/06 15:59:53 450] isr_local  1083  lucEsr.new   
[2023/09/06 15:59:53 450] isr_local  1000 file count =   1  
[2023/09/06 15:59:53 450] isr_local  923  file open type is:   fo  
[2023/09/06 15:59:53 450] isr_local  956  res/asr/common.jet  0  0  
[2023/09/06 15:59:53 451] isr_local  1018 speech_plus_setting  0  
[2023/09/06 15:59:53 451] isr_local  1031 2  nil  res/asr/common.jet  0  0  
[2023/09/06 15:59:53 451] isr_local  1033 res_ver  2  
[2023/09/06 15:59:53 451] isr_local  1034 res 5  62dd61c88201165be2937d82ec3543bf  
[2023/09/06 15:59:53 451] isr_local  1035 res_new_old_mark  v5pp  
[2023/09/06 15:59:53 451] isr_local  1036 res_usr_name  ""  
[2023/09/06 15:59:53 451] isr_local  1037 res_expires    
[2023/09/06 15:59:53 451] isr_local  1038 err  0  
[2023/09/06 15:59:53 451] isr_local  1054 lgi appid 5  62dd61c88201165be2937d82ec3543bf  
[2023/09/06 15:59:53 452] isr_local  1065 res_expires is null  
[2023/09/06 15:59:53 452] auth       74   aitalk  app  nil  nil  {"aitalk":{"ver":"2","bus":{"forbid":"0","nlimit":2020}}}  
[2023/09/06 15:59:53 452] auth       312  nil  
[2023/09/06 15:59:53 475] isr_local  1294 authorized_aitalk=  nil  
[2023/09/06 15:59:53 475] isr_local  1295 forbid_aitalk=  0  
[2023/09/06 15:59:53 475] auth       570  aitalk  table(64064600) nil  nil  appid = 5e7d9f3e  
[2023/09/06 15:59:53 475] auth       579  app  nil  nil  nil  
[2023/09/06 15:59:53 476] auth       636  ath rquest  {"authorize":[{"busin":"aitalk","ver":"2.1.1"}]}  
[2023/09/06 15:59:53 479] transport  642  paramkvsport is   nil  
[2023/09/06 15:59:53 480] transport  654  ns_enable=  1  
[2023/09/06 15:59:53 480] transport  656  2017-08--24 is_ns_need_close =   nil  
[2023/09/06 15:59:53 480] transport  662  net.nettype=  standard  
[2023/09/06 15:59:53 480] transport  672  url.full=  nil  
[2023/09/06 15:59:53 481] transport  673  urltmp=  nil  
[2023/09/06 15:59:53 481] transport  677  server_url_host=, server_url_port=, server_url_path=  open.xf-yun.com  nil  /msp.do  
[2023/09/06 15:59:53 481] transport  705  url.full=  nil  
[2023/09/06 15:59:53 481] transport  890  switch 80  
[2023/09/06 15:59:53 481] transport  902  net type:  standard  
[2023/09/06 15:59:53 482] transport  903  net operator:  def  
[2023/09/06 15:59:53 482] transport  904  use proxy:  false  
[2023/09/06 15:59:53 482] auth       691  not login!  
[2023/09/06 15:59:53 482] auth       528  [session] send auth request  
[2023/09/06 15:59:53 483] transport  1102 session.domain=  open.xf-yun.com  
[2023/09/06 15:59:53 483] transport  1103 url.host=  open.xf-yun.com  
[2023/09/06 15:59:53 483] transport  1080 NAMESERVER START  
[2023/09/06 15:59:53 484] transport  1083 name =   ath  
[2023/09/06 15:59:53 484] ns         629  ntt=  standard  
[2023/09/06 15:59:53 484] transport  1086 trans,ns_inprog =  0  
[2023/09/06 15:59:53 484] ns         585  name server start  
[2023/09/06 15:59:53 484] ns         586  ns_sub =   ath  
[2023/09/06 15:59:53 485] ns         588  ns_host=  open.xf-yun.com  
[2023/09/06 15:59:53 485] ns         479  ns_host=  open.xf-yun.com  
[2023/09/06 15:59:53 485] ns         558  GET /sip/resolver?srand=0906155911.32 HTTP/1.1
Host: hdns.openspeech.cn
Connection: Keep-Alive
X-Par: ver=1.3&appid=5e7d9f3e&operator=UNKNOW&nettype=STANDARD&cver=5.0.38.1195&svc=ath&host=open.xf-yun.com&sign=2f7c9476c969e84832f1e3ba6441f5ca
User-Agent: iFLYCloud

  
[2023/09/06 15:59:53 486] ns         559  net_type =  standard  
[2023/09/06 15:59:53 486] ns         560  cmwapascmnet =  
[2023/09/06 15:59:53 486] ns         561  uniwapasuninet =  
[2023/09/06 15:59:53 486] ns         562  ctwapasctnet =  
[2023/09/06 15:59:53 487] ns         579  host=  hdns.openspeech.cn  
[2023/09/06 15:59:53 487] network    263  gethostbyname  hdns.openspeech.cn  ns1  
[2023/09/06 15:59:53 489] auth       535  0  
[2023/09/06 15:59:53 489] auth       498  lver:  nil  
[2023/09/06 15:59:53 490] auth       503  cfg_ver:  nil  
[2023/09/06 15:59:53 490] transport  1849 transport_obj.send | in  
[2023/09/06 15:59:53 490] transport  1855 self.msg_flag_q  table(64051ea0) 
[2023/09/06 15:59:53 490] transport  1856 self.msg_q  table(6403d8f0) 
[2023/09/06 15:59:53 490] transport  1788 transport_obj.try2send | in  
[2023/09/06 15:59:53 491] transport  1789 self.soc  nil  
[2023/09/06 15:59:53 491] transport  1790 self.connected  false  
[2023/09/06 15:59:53 491] transport  1791 self.latesterr  0  
[2023/09/06 15:59:53 491] transport  1862 transport_obj.send | out  
[2023/09/06 15:59:53 492] isr_local  2038 commit path:   res/asr/GrmBuilld/temp/commit  
[2023/09/06 15:59:53 509] isr_local  2076 commit success!  
[2023/09/06 15:59:53 515] isr_local  1409 esr_session_begin | esr_obj:start ret =  0  
[2023/09/06 15:59:53 516] isr_local  2122 esr_session_begin, ret =   0  
[2023/09/06 15:59:53 516] isr_local  2265 last gc at  1693987192  
[2023/09/06 15:59:53 625] isr_local  655  local engine ready  
[2023/09/06 15:59:53 626] isr_local  585  esr_flush_buf_audio buffer audio num:  0  
[2023/09/06 15:59:53 627] isr_local  630  local engine started  
[2023/09/06 15:59:53 649] isr_local  2126 ASR_LOCAL_MSG_AUW  
[2023/09/06 15:59:53 649] isr_local  1558 auwl =   3200  
[2023/09/06 15:59:53 650] isr_local  2135 esr_audio_write, ret =  nil  
[2023/09/06 15:59:53 650] isr_local  2265 last gc at  1693987192  
[2023/09/06 15:59:53 743] isr_local  2126 ASR_LOCAL_MSG_AUW  
[2023/09/06 15:59:53 743] isr_local  1558 auwl =   3200  
[2023/09/06 15:59:53 744] isr_local  2135 esr_audio_write, ret =  nil  
[2023/09/06 15:59:53 744] isr_local  2265 last gc at  1693987192  
[2023/09/06 15:59:53 840] isr_local  2126 ASR_LOCAL_MSG_AUW  
[2023/09/06 15:59:53 841] isr_local  1558 auwl =   3200  
[2023/09/06 15:59:53 842] isr_local  2135 esr_audio_write, ret =  nil  
[2023/09/06 15:59:53 843] isr_local  2265 last gc at  1693987192  
[2023/09/06 15:59:53 951] isr_local  2126 ASR_LOCAL_MSG_AUW  
[2023/09/06 15:59:53 952] isr_local  1558 auwl =   3200  
[2023/09/06 15:59:53 953] isr_local  2135 esr_audio_write, ret =  nil  
[2023/09/06 15:59:53 953] isr_local  2265 last gc at  1693987192  
[2023/09/06 15:59:54 051] isr_local  2126 ASR_LOCAL_MSG_AUW  
[2023/09/06 15:59:54 052] isr_local  1558 auwl =   3200  
[2023/09/06 15:59:54 052] isr_local  2135 esr_audio_write, ret =  nil  
[2023/09/06 15:59:54 053] isr_local  2265 last gc at  1693987192  
[2023/09/06 15:59:54 151] isr_local  2126 ASR_LOCAL_MSG_AUW  
[2023/09/06 15:59:54 152] isr_local  1558 auwl =   3200  
[2023/09/06 15:59:54 153] isr_local  2135 esr_audio_write, ret =  nil  
[2023/09/06 15:59:54 153] isr_local  2265 last gc at  1693987192  
[2023/09/06 15:59:54 250] isr_local  2126 ASR_LOCAL_MSG_AUW  
[2023/09/06 15:59:54 250] isr_local  1558 auwl =   3200  
[2023/09/06 15:59:54 250] isr_local  2135 esr_audio_write, ret =  nil  
[2023/09/06 15:59:54 251] isr_local  2265 last gc at  1693987192  
[2023/09/06 15:59:54 345] isr_local  2126 ASR_LOCAL_MSG_AUW  
[2023/09/06 15:59:54 346] isr_local  1558 auwl =   3200  
[2023/09/06 15:59:54 346] isr_local  2135 esr_audio_write, ret =  nil  
[2023/09/06 15:59:54 347] isr_local  2265 last gc at  1693987192  
[2023/09/06 15:59:54 451] isr_local  2126 ASR_LOCAL_MSG_AUW  
[2023/09/06 15:59:54 452] isr_local  1558 auwl =   3200  
[2023/09/06 15:59:54 453] isr_local  2135 esr_audio_write, ret =  nil  
[2023/09/06 15:59:54 453] isr_local  2265 last gc at  1693987192  
[2023/09/06 15:59:54 551] isr_local  2126 ASR_LOCAL_MSG_AUW  
[2023/09/06 15:59:54 552] isr_local  1558 auwl =   3200  
[2023/09/06 15:59:54 553] isr_local  2135 esr_audio_write, ret =  nil  
[2023/09/06 15:59:54 553] isr_local  2265 last gc at  1693987192  
[2023/09/06 15:59:54 651] isr_local  2126 ASR_LOCAL_MSG_AUW  
[2023/09/06 15:59:54 652] isr_local  1558 auwl =   3200  
[2023/09/06 15:59:54 653] isr_local  2135 esr_audio_write, ret =  nil  
[2023/09/06 15:59:54 653] isr_local  2265 last gc at  1693987192  
[2023/09/06 15:59:54 752] isr_local  2126 ASR_LOCAL_MSG_AUW  
[2023/09/06 15:59:54 754] isr_local  1558 auwl =   3200  
[2023/09/06 15:59:54 754] isr_local  2135 esr_audio_write, ret =  nil  
[2023/09/06 15:59:54 755] isr_local  2265 last gc at  1693987192  
[2023/09/06 15:59:54 852] isr_local  2126 ASR_LOCAL_MSG_AUW  
[2023/09/06 15:59:54 852] isr_local  1558 auwl =   3200  
[2023/09/06 15:59:54 853] isr_local  2135 esr_audio_write, ret =  nil  
[2023/09/06 15:59:54 853] isr_local  2265 last gc at  1693987192  
[2023/09/06 15:59:54 952] isr_local  2126 ASR_LOCAL_MSG_AUW  
[2023/09/06 15:59:54 952] isr_local  1558 auwl =   3200  
[2023/09/06 15:59:54 953] isr_local  2135 esr_audio_write, ret =  nil  
[2023/09/06 15:59:54 953] isr_local  2265 last gc at  1693987192  
[2023/09/06 15:59:55 051] isr_local  2126 ASR_LOCAL_MSG_AUW  
[2023/09/06 15:59:55 052] isr_local  1558 auwl =   3200  
[2023/09/06 15:59:55 054] isr_local  2135 esr_audio_write, ret =  nil  
[2023/09/06 15:59:55 054] isr_local  2265 last gc at  1693987192  
[2023/09/06 15:59:55 143] isr_local  2126 ASR_LOCAL_MSG_AUW  
[2023/09/06 15:59:55 143] isr_local  1558 auwl =   3200  
[2023/09/06 15:59:55 143] isr_local  2135 esr_audio_write, ret =  nil  
[2023/09/06 15:59:55 143] isr_local  2265 last gc at  1693987192  
[2023/09/06 15:59:55 242] isr_local  2126 ASR_LOCAL_MSG_AUW  
[2023/09/06 15:59:55 242] isr_local  1558 auwl =   3200  
[2023/09/06 15:59:55 242] isr_local  2135 esr_audio_write, ret =  nil  
[2023/09/06 15:59:55 242] isr_local  2265 last gc at  1693987192  
[2023/09/06 15:59:55 346] isr_local  2126 ASR_LOCAL_MSG_AUW  
[2023/09/06 15:59:55 347] isr_local  1558 auwl =   3200  
[2023/09/06 15:59:55 347] isr_local  2135 esr_audio_write, ret =  nil  
[2023/09/06 15:59:55 347] isr_local  2265 last gc at  1693987192  
[2023/09/06 15:59:55 442] isr_local  2126 ASR_LOCAL_MSG_AUW  
[2023/09/06 15:59:55 442] isr_local  1558 auwl =   3200  
[2023/09/06 15:59:55 442] isr_local  2135 esr_audio_write, ret =  nil  
[2023/09/06 15:59:55 442] isr_local  2265 last gc at  1693987192  
[2023/09/06 15:59:55 551] isr_local  2126 ASR_LOCAL_MSG_AUW  
[2023/09/06 15:59:55 551] isr_local  1558 auwl =   3200  
[2023/09/06 15:59:55 552] isr_local  2135 esr_audio_write, ret =  nil  
[2023/09/06 15:59:55 553] isr_local  2265 last gc at  1693987192  
[2023/09/06 15:59:55 651] isr_local  2126 ASR_LOCAL_MSG_AUW  
[2023/09/06 15:59:55 652] isr_local  1558 auwl =   3200  
[2023/09/06 15:59:55 652] isr_local  2135 esr_audio_write, ret =  nil  
[2023/09/06 15:59:55 653] isr_local  2265 last gc at  1693987192  
[2023/09/06 15:59:55 743] isr_local  2126 ASR_LOCAL_MSG_AUW  
[2023/09/06 15:59:55 743] isr_local  1558 auwl =   3200  
[2023/09/06 15:59:55 743] isr_local  2135 esr_audio_write, ret =  nil  
[2023/09/06 15:59:55 743] isr_local  2265 last gc at  1693987192  
[2023/09/06 15:59:55 841] isr_local  2126 ASR_LOCAL_MSG_AUW  
[2023/09/06 15:59:55 841] isr_local  1558 auwl =   3200  
[2023/09/06 15:59:55 841] isr_local  2135 esr_audio_write, ret =  nil  
[2023/09/06 15:59:55 841] isr_local  2265 last gc at  1693987192  
[2023/09/06 15:59:55 941] isr_local  2126 ASR_LOCAL_MSG_AUW  
[2023/09/06 15:59:55 941] isr_local  1558 auwl =   3200  
[2023/09/06 15:59:55 941] isr_local  2135 esr_audio_write, ret =  nil  
[2023/09/06 15:59:55 941] isr_local  2265 last gc at  1693987192  
[2023/09/06 15:59:56 041] isr_local  2126 ASR_LOCAL_MSG_AUW  
[2023/09/06 15:59:56 041] isr_local  1558 auwl =   3200  
[2023/09/06 15:59:56 041] isr_local  2135 esr_audio_write, ret =  nil  
[2023/09/06 15:59:56 041] isr_local  2265 last gc at  1693987192  
[2023/09/06 15:59:56 141] isr_local  2126 ASR_LOCAL_MSG_AUW  
[2023/09/06 15:59:56 141] isr_local  1558 auwl =   3200  
[2023/09/06 15:59:56 141] isr_local  2135 esr_audio_write, ret =  nil  
[2023/09/06 15:59:56 141] isr_local  2265 last gc at  1693987192  
[2023/09/06 15:59:56 239] isr_local  2126 ASR_LOCAL_MSG_AUW  
[2023/09/06 15:59:56 239] isr_local  1558 auwl =   3200  
[2023/09/06 15:59:56 239] isr_local  2135 esr_audio_write, ret =  nil  
[2023/09/06 15:59:56 239] isr_local  2265 last gc at  1693987192  
[2023/09/06 15:59:56 337] isr_local  2126 ASR_LOCAL_MSG_AUW  
[2023/09/06 15:59:56 337] isr_local  1558 auwl =   3200  
[2023/09/06 15:59:56 337] isr_local  2135 esr_audio_write, ret =  nil  
[2023/09/06 15:59:56 337] isr_local  2265 last gc at  1693987192  
[2023/09/06 15:59:56 435] isr_local  2126 ASR_LOCAL_MSG_AUW  
[2023/09/06 15:59:56 435] isr_local  1558 auwl =   2560  
[2023/09/06 15:59:56 435] isr_local  2135 esr_audio_write, ret =  nil  
[2023/09/06 15:59:56 435] isr_local  2265 last gc at  1693987192  
[2023/09/06 15:59:56 487] network    231  dns timeout!  ns1  
[2023/09/06 15:59:56 488] ns         457  ns dns failed, err =   10114  
[2023/09/06 15:59:56 488] network    445  gethttpresp2  117.121.48.5  80  ns2  
[2023/09/06 15:59:56 488] network    465  prot_type  tcp  
[2023/09/06 15:59:56 490] transport  306  [dns] [1] timeout!   
[2023/09/06 15:59:56 490] transport  74   dns_failed  
[2023/09/06 15:59:56 490] network    90   ipfromenv ,  ipcache  open.xf-yun.com  def  nil  
[2023/09/06 15:59:56 491] network    90   ipfromenv ,  ipcfg  open.xf-yun.com  def  nil  
[2023/09/06 15:59:56 491] transport  1298 [soc] connect   116.213.69.195  80  
[2023/09/06 15:59:56 491] transport  1310 mspsoc.open,prot_type=  tcp  
[2023/09/06 15:59:56 497] network    418  soc error  10202  ns2  
[2023/09/06 15:59:56 522] ns         256  name server http resp  table(64043de0) 10202  nil  
[2023/09/06 15:59:56 522] ns         415  ns response failed, err =  10202  
[2023/09/06 15:59:56 522] ns         116  ns_host=  open.xf-yun.com  
[2023/09/06 15:59:56 522] ns         118  use default ip  
[2023/09/06 15:59:56 522] transport  1060 ns_ip =   116.213.69.195  
[2023/09/06 15:59:56 522] transport  1061 ip_type =  def_athopen.xf-yun.com  
[2023/09/06 15:59:56 522] ns         658  no data in ns_q  
[2023/09/06 15:59:56 523] ns         659  conti_ns,ns_inprog =   1  
[2023/09/06 15:59:56 523] isr_local  669  final result will throw out next!  
[2023/09/06 15:59:56 524] isr_local  679  nRecognizeState:  1  
[2023/09/06 15:59:56 524] isr_local  680  nConfidenceScore:  51  
[2023/09/06 15:59:56 524] isr_local  728  result_type :   xml  
[2023/09/06 15:59:56 524] isr_local  729  result_encoding :   UTF-8  
[2023/09/06 15:59:56 525] isr_local  730  is iat :   false  
[2023/09/06 15:59:56 525] isr_local  469  item_count:1  
[2023/09/06 15:59:56 526] isr_local  469  item_count:1  
[2023/09/06 15:59:56 526] isr_local  293  nil  
[2023/09/06 15:59:56 527] isr_local  675  recognized end!  
[2023/09/06 15:59:56 530] isr_local  2140 ASR_LOCAL_MSG_SSE  
[2023/09/06 15:59:56 531] isr_local  1518 esr_session_end | esr_obj:stop ret =  0  
[2023/09/06 15:59:56 531] isr_local  2142 esr_session_end, ret =  0  
[2023/09/06 15:59:56 535] isr_local  2265 last gc at  1693987192  
[2023/09/06 15:59:56 545] isr_local  2182 SYS_MSG_SHUTDOWN_LOCAL  
[2023/09/06 15:59:56 654] isr_local  2265 last gc at  1693987192  
============================================================
Time  2023/09/06 15:59:57 256 
============================================================
[2023/09/06 15:59:57 256] isr_local  2168 os_type is:  Linux  
[2023/09/06 15:59:57 256] isr_local  2177 SYS_MSG_LOAD_LOCAL  
[2023/09/06 15:59:57 256] isr_local  2265 last gc at  1693987196  
[2023/09/06 15:59:57 257] isr_local  2206 SYS_MSG_REGCB_LOCAL| param0 =  msp_status_cb  
[2023/09/06 15:59:57 257] isr_local  2265 last gc at  1693987196  
[2023/09/06 15:59:57 257] isr_local  2206 SYS_MSG_REGCB_LOCAL| param0 =  local_service_cbmsg  
[2023/09/06 15:59:57 257] isr_local  2265 last gc at  1693987196  
[2023/09/06 15:59:57 258] isr_local  2114 ASR_LOCAL_MSG_SSB  
[2023/09/06 15:59:57 258] isr_local  1251 esr_session_begin | params:  engine_type=local,asr_res_path=fo|res/asr/common.jet,sample_rate=16000,grm_build_path=res/asr/GrmBuilld,local_grammar=call,result_type=xml,result_encoding=UTF-8  
[2023/09/06 15:59:57 258] isr_local  803  engine_type  :  local  
[2023/09/06 15:59:57 258] isr_local  803  asr_res_path  :  fo|res/asr/common.jet  
[2023/09/06 15:59:57 258] isr_local  803  sample_rate  :  16000  
[2023/09/06 15:59:57 258] isr_local  803  grm_build_path  :  res/asr/GrmBuilld  
[2023/09/06 15:59:57 258] isr_local  803  local_grammar  :  call  
[2023/09/06 15:59:57 258] isr_local  803  result_type  :  xml  
[2023/09/06 15:59:57 258] isr_local  803  result_encoding  :  UTF-8  
[2023/09/06 15:59:57 258] isr_local  1280 init aitalk in ssb  
[2023/09/06 15:59:57 259] isr_local  1162 esr_init | params:  engine_type=local,asr_res_path=fo|res/asr/common.jet,sample_rate=16000,grm_build_path=res/asr/GrmBuilld,local_grammar=call,result_type=xml,result_encoding=UTF-8  
[2023/09/06 15:59:57 259] isr_local  803  engine_type  :  local  
[2023/09/06 15:59:57 259] isr_local  803  asr_res_path  :  fo|res/asr/common.jet  
[2023/09/06 15:59:57 259] isr_local  803  sample_rate  :  16000  
[2023/09/06 15:59:57 259] isr_local  803  grm_build_path  :  res/asr/GrmBuilld  
[2023/09/06 15:59:57 259] isr_local  803  local_grammar  :  call  
[2023/09/06 15:59:57 259] isr_local  803  result_type  :  xml  
[2023/09/06 15:59:57 259] isr_local  803  result_encoding  :  UTF-8  
[2023/09/06 15:59:57 259] isr_local  1083  lucEsr.new   
[2023/09/06 15:59:57 260] isr_local  1000 file count =   1  
[2023/09/06 15:59:57 260] isr_local  923  file open type is:   fo  
[2023/09/06 15:59:57 260] isr_local  956  res/asr/common.jet  0  0  
[2023/09/06 15:59:57 260] isr_local  1018 speech_plus_setting  0  
[2023/09/06 15:59:57 260] isr_local  1031 2  nil  res/asr/common.jet  0  0  
[2023/09/06 15:59:57 260] isr_local  1033 res_ver  2  
[2023/09/06 15:59:57 260] isr_local  1034 res 5  62dd61c88201165be2937d82ec3543bf  
[2023/09/06 15:59:57 260] isr_local  1035 res_new_old_mark  v5pp  
[2023/09/06 15:59:57 260] isr_local  1036 res_usr_name  ""  
[2023/09/06 15:59:57 261] isr_local  1037 res_expires    
[2023/09/06 15:59:57 261] isr_local  1038 err  0  
[2023/09/06 15:59:57 261] isr_local  1054 lgi appid 5  62dd61c88201165be2937d82ec3543bf  
[2023/09/06 15:59:57 261] isr_local  1065 res_expires is null  
[2023/09/06 15:59:57 261] auth       74   aitalk  app  nil  nil  {"aitalk":{"ver":"2","bus":{"forbid":"0","nlimit":2020}}}  
[2023/09/06 15:59:57 262] auth       312  nil  
[2023/09/06 15:59:57 286] isr_local  1294 authorized_aitalk=  nil  
[2023/09/06 15:59:57 286] isr_local  1295 forbid_aitalk=  0  
[2023/09/06 15:59:57 286] auth       570  aitalk  table(68063e50) nil  nil  appid = 5e7d9f3e  
[2023/09/06 15:59:57 286] auth       579  app  nil  nil  nil  
[2023/09/06 15:59:57 287] auth       636  ath rquest  {"authorize":[{"ver":"2.1.1","busin":"aitalk"}]}  
[2023/09/06 15:59:57 289] transport  642  paramkvsport is   nil  
[2023/09/06 15:59:57 289] transport  654  ns_enable=  1  
[2023/09/06 15:59:57 289] transport  656  2017-08--24 is_ns_need_close =   nil  
[2023/09/06 15:59:57 290] transport  662  net.nettype=  standard  
[2023/09/06 15:59:57 290] transport  672  url.full=  nil  
[2023/09/06 15:59:57 290] transport  673  urltmp=  nil  
[2023/09/06 15:59:57 290] transport  677  server_url_host=, server_url_port=, server_url_path=  open.xf-yun.com  nil  /msp.do  
[2023/09/06 15:59:57 290] transport  705  url.full=  nil  
[2023/09/06 15:59:57 290] transport  890  switch 80  
[2023/09/06 15:59:57 290] transport  902  net type:  standard  
[2023/09/06 15:59:57 290] transport  903  net operator:  def  
[2023/09/06 15:59:57 290] transport  904  use proxy:  false  
[2023/09/06 15:59:57 290] auth       691  not login!  
[2023/09/06 15:59:57 291] auth       528  [session] send auth request  
[2023/09/06 15:59:57 291] transport  1102 session.domain=  open.xf-yun.com  
[2023/09/06 15:59:57 291] transport  1103 url.host=  open.xf-yun.com  
[2023/09/06 15:59:57 291] transport  1080 NAMESERVER START  
[2023/09/06 15:59:57 291] transport  1083 name =   ath  
[2023/09/06 15:59:57 291] ns         629  ntt=  standard  
[2023/09/06 15:59:57 291] transport  1086 trans,ns_inprog =  0  
[2023/09/06 15:59:57 291] ns         585  name server start  
[2023/09/06 15:59:57 291] ns         586  ns_sub =   ath  
[2023/09/06 15:59:57 291] ns         588  ns_host=  open.xf-yun.com  
[2023/09/06 15:59:57 292] ns         479  ns_host=  open.xf-yun.com  
[2023/09/06 15:59:57 292] ns         558  GET /sip/resolver?srand=0906155911.32 HTTP/1.1
Host: hdns.openspeech.cn
Connection: Keep-Alive
X-Par: ver=1.3&appid=5e7d9f3e&operator=UNKNOW&nettype=STANDARD&cver=5.0.38.1195&svc=ath&host=open.xf-yun.com&sign=2f7c9476c969e84832f1e3ba6441f5ca
User-Agent: iFLYCloud

  
[2023/09/06 15:59:57 292] ns         559  net_type =  standard  
[2023/09/06 15:59:57 292] ns         560  cmwapascmnet =  
[2023/09/06 15:59:57 292] ns         561  uniwapasuninet =  
[2023/09/06 15:59:57 292] ns         562  ctwapasctnet =  
[2023/09/06 15:59:57 292] ns         579  host=  hdns.openspeech.cn  
[2023/09/06 15:59:57 292] network    263  gethostbyname  hdns.openspeech.cn  ns1  
[2023/09/06 15:59:57 293] auth       535  0  
[2023/09/06 15:59:57 293] auth       498  lver:  nil  
[2023/09/06 15:59:57 293] auth       503  cfg_ver:  nil  
[2023/09/06 15:59:57 293] transport  1849 transport_obj.send | in  
[2023/09/06 15:59:57 293] transport  1855 self.msg_flag_q  table(68028bd0) 
[2023/09/06 15:59:57 293] transport  1856 self.msg_q  table(6802c780) 
[2023/09/06 15:59:57 293] transport  1788 transport_obj.try2send | in  
[2023/09/06 15:59:57 294] transport  1789 self.soc  nil  
[2023/09/06 15:59:57 294] transport  1790 self.connected  false  
[2023/09/06 15:59:57 294] transport  1791 self.latesterr  0  
[2023/09/06 15:59:57 294] transport  1862 transport_obj.send | out  
[2023/09/06 15:59:57 294] isr_local  2038 commit path:   res/asr/GrmBuilld/temp/commit  
[2023/09/06 15:59:57 312] isr_local  2076 commit success!  
[2023/09/06 15:59:57 319] isr_local  1409 esr_session_begin | esr_obj:start ret =  0  
[2023/09/06 15:59:57 319] isr_local  2122 esr_session_begin, ret =   0  
[2023/09/06 15:59:57 320] isr_local  2265 last gc at  1693987196  
[2023/09/06 15:59:57 426] isr_local  655  local engine ready  
[2023/09/06 15:59:57 427] isr_local  585  esr_flush_buf_audio buffer audio num:  0  
[2023/09/06 15:59:57 428] isr_local  630  local engine started  
[2023/09/06 15:59:57 456] isr_local  2126 ASR_LOCAL_MSG_AUW  
[2023/09/06 15:59:57 456] isr_local  1558 auwl =   3200  
[2023/09/06 15:59:57 457] isr_local  2135 esr_audio_write, ret =  nil  
[2023/09/06 15:59:57 457] isr_local  2265 last gc at  1693987196  
[2023/09/06 15:59:57 555] isr_local  2126 ASR_LOCAL_MSG_AUW  
[2023/09/06 15:59:57 556] isr_local  1558 auwl =   3200  
[2023/09/06 15:59:57 556] isr_local  2135 esr_audio_write, ret =  nil  
[2023/09/06 15:59:57 556] isr_local  2265 last gc at  1693987196  
[2023/09/06 15:59:57 660] isr_local  2126 ASR_LOCAL_MSG_AUW  
[2023/09/06 15:59:57 661] isr_local  1558 auwl =   3200  
[2023/09/06 15:59:57 661] isr_local  2135 esr_audio_write, ret =  nil  
[2023/09/06 15:59:57 662] isr_local  2265 last gc at  1693987196  
[2023/09/06 15:59:57 764] isr_local  2126 ASR_LOCAL_MSG_AUW  
[2023/09/06 15:59:57 765] isr_local  1558 auwl =   3200  
[2023/09/06 15:59:57 766] isr_local  2135 esr_audio_write, ret =  nil  
[2023/09/06 15:59:57 766] isr_local  2265 last gc at  1693987196  
[2023/09/06 15:59:57 866] isr_local  2126 ASR_LOCAL_MSG_AUW  
[2023/09/06 15:59:57 867] isr_local  1558 auwl =   3200  
[2023/09/06 15:59:57 867] isr_local  2135 esr_audio_write, ret =  nil  
[2023/09/06 15:59:57 868] isr_local  2265 last gc at  1693987196  
[2023/09/06 15:59:57 964] isr_local  2126 ASR_LOCAL_MSG_AUW  
[2023/09/06 15:59:57 965] isr_local  1558 auwl =   3200  
[2023/09/06 15:59:57 966] isr_local  2135 esr_audio_write, ret =  nil  
[2023/09/06 15:59:57 966] isr_local  2265 last gc at  1693987196  
[2023/09/06 15:59:58 064] isr_local  2126 ASR_LOCAL_MSG_AUW  
[2023/09/06 15:59:58 065] isr_local  1558 auwl =   3200  
[2023/09/06 15:59:58 066] isr_local  2135 esr_audio_write, ret =  nil  
[2023/09/06 15:59:58 066] isr_local  2265 last gc at  1693987196  
[2023/09/06 15:59:58 165] isr_local  2126 ASR_LOCAL_MSG_AUW  
[2023/09/06 15:59:58 165] isr_local  1558 auwl =   3200  
[2023/09/06 15:59:58 166] isr_local  2135 esr_audio_write, ret =  nil  
[2023/09/06 15:59:58 166] isr_local  2265 last gc at  1693987196  
[2023/09/06 15:59:58 266] isr_local  2126 ASR_LOCAL_MSG_AUW  
[2023/09/06 15:59:58 267] isr_local  1558 auwl =   3200  
[2023/09/06 15:59:58 268] isr_local  2135 esr_audio_write, ret =  nil  
[2023/09/06 15:59:58 268] isr_local  2265 last gc at  1693987196  
[2023/09/06 15:59:58 364] isr_local  2126 ASR_LOCAL_MSG_AUW  
[2023/09/06 15:59:58 365] isr_local  1558 auwl =   3200  
[2023/09/06 15:59:58 365] isr_local  2135 esr_audio_write, ret =  nil  
[2023/09/06 15:59:58 366] isr_local  2265 last gc at  1693987196  
[2023/09/06 15:59:58 465] isr_local  2126 ASR_LOCAL_MSG_AUW  
[2023/09/06 15:59:58 465] isr_local  1558 auwl =   3200  
[2023/09/06 15:59:58 466] isr_local  2135 esr_audio_write, ret =  nil  
[2023/09/06 15:59:58 466] isr_local  2265 last gc at  1693987196  
[2023/09/06 15:59:58 555] isr_local  2126 ASR_LOCAL_MSG_AUW  
[2023/09/06 15:59:58 555] isr_local  1558 auwl =   3200  
[2023/09/06 15:59:58 555] isr_local  2135 esr_audio_write, ret =  nil  
[2023/09/06 15:59:58 555] isr_local  2265 last gc at  1693987196  
[2023/09/06 15:59:58 654] isr_local  2126 ASR_LOCAL_MSG_AUW  
[2023/09/06 15:59:58 654] isr_local  1558 auwl =   3200  
[2023/09/06 15:59:58 655] isr_local  2135 esr_audio_write, ret =  nil  
[2023/09/06 15:59:58 655] isr_local  2265 last gc at  1693987196  
[2023/09/06 15:59:58 766] isr_local  2126 ASR_LOCAL_MSG_AUW  
[2023/09/06 15:59:58 766] isr_local  1558 auwl =   3200  
[2023/09/06 15:59:58 767] isr_local  2135 esr_audio_write, ret =  nil  
[2023/09/06 15:59:58 768] isr_local  2265 last gc at  1693987196  
[2023/09/06 15:59:58 860] isr_local  2126 ASR_LOCAL_MSG_AUW  
[2023/09/06 15:59:58 861] isr_local  1558 auwl =   3200  
[2023/09/06 15:59:58 861] isr_local  2135 esr_audio_write, ret =  nil  
[2023/09/06 15:59:58 862] isr_local  2265 last gc at  1693987196  
[2023/09/06 15:59:58 960] isr_local  2126 ASR_LOCAL_MSG_AUW  
[2023/09/06 15:59:58 961] isr_local  1558 auwl =   3200  
[2023/09/06 15:59:58 961] isr_local  2135 esr_audio_write, ret =  nil  
[2023/09/06 15:59:58 962] isr_local  2265 last gc at  1693987196  
[2023/09/06 15:59:59 060] isr_local  2126 ASR_LOCAL_MSG_AUW  
[2023/09/06 15:59:59 061] isr_local  1558 auwl =   3200  
[2023/09/06 15:59:59 061] isr_local  2135 esr_audio_write, ret =  nil  
[2023/09/06 15:59:59 062] isr_local  2265 last gc at  1693987196  
[2023/09/06 15:59:59 160] isr_local  2126 ASR_LOCAL_MSG_AUW  
[2023/09/06 15:59:59 161] isr_local  1558 auwl =   3200  
[2023/09/06 15:59:59 162] isr_local  2135 esr_audio_write, ret =  nil  
[2023/09/06 15:59:59 163] isr_local  2265 last gc at  1693987196  
[2023/09/06 15:59:59 260] isr_local  2126 ASR_LOCAL_MSG_AUW  
[2023/09/06 15:59:59 261] isr_local  1558 auwl =   3200  
[2023/09/06 15:59:59 261] isr_local  2135 esr_audio_write, ret =  nil  
[2023/09/06 15:59:59 262] isr_local  2265 last gc at  1693987196  
[2023/09/06 15:59:59 360] isr_local  2126 ASR_LOCAL_MSG_AUW  
[2023/09/06 15:59:59 361] isr_local  1558 auwl =   3200  
[2023/09/06 15:59:59 362] isr_local  2135 esr_audio_write, ret =  nil  
[2023/09/06 15:59:59 362] isr_local  2265 last gc at  1693987196  
[2023/09/06 15:59:59 460] isr_local  2126 ASR_LOCAL_MSG_AUW  
[2023/09/06 15:59:59 461] isr_local  1558 auwl =   3200  
[2023/09/06 15:59:59 461] isr_local  2135 esr_audio_write, ret =  nil  
[2023/09/06 15:59:59 462] isr_local  2265 last gc at  1693987196  
[2023/09/06 15:59:59 561] isr_local  2126 ASR_LOCAL_MSG_AUW  
[2023/09/06 15:59:59 561] isr_local  1558 auwl =   3200  
[2023/09/06 15:59:59 562] isr_local  2135 esr_audio_write, ret =  nil  
[2023/09/06 15:59:59 563] isr_local  2265 last gc at  1693987196  
[2023/09/06 15:59:59 650] isr_local  2126 ASR_LOCAL_MSG_AUW  
[2023/09/06 15:59:59 650] isr_local  1558 auwl =   3200  
[2023/09/06 15:59:59 651] isr_local  2135 esr_audio_write, ret =  nil  
[2023/09/06 15:59:59 651] isr_local  2265 last gc at  1693987196  
[2023/09/06 15:59:59 750] isr_local  2126 ASR_LOCAL_MSG_AUW  
[2023/09/06 15:59:59 750] isr_local  1558 auwl =   3200  
[2023/09/06 15:59:59 750] isr_local  2135 esr_audio_write, ret =  nil  
[2023/09/06 15:59:59 751] isr_local  2265 last gc at  1693987196  
[2023/09/06 15:59:59 852] isr_local  2126 ASR_LOCAL_MSG_AUW  
[2023/09/06 15:59:59 853] isr_local  1558 auwl =   3200  
[2023/09/06 15:59:59 853] isr_local  2135 esr_audio_write, ret =  nil  
[2023/09/06 15:59:59 854] isr_local  2265 last gc at  1693987196  
[2023/09/06 15:59:59 950] isr_local  2126 ASR_LOCAL_MSG_AUW  
[2023/09/06 15:59:59 951] isr_local  1558 auwl =   3200  
[2023/09/06 15:59:59 951] isr_local  2135 esr_audio_write, ret =  nil  
[2023/09/06 15:59:59 952] isr_local  2265 last gc at  1693987196  
[2023/09/06 16:00:00 050] isr_local  2126 ASR_LOCAL_MSG_AUW  
[2023/09/06 16:00:00 051] isr_local  1558 auwl =   3200  
[2023/09/06 16:00:00 051] isr_local  2135 esr_audio_write, ret =  nil  
[2023/09/06 16:00:00 052] isr_local  2265 last gc at  1693987196  
[2023/09/06 16:00:00 157] isr_local  2126 ASR_LOCAL_MSG_AUW  
[2023/09/06 16:00:00 157] isr_local  1558 auwl =   3200  
[2023/09/06 16:00:00 158] isr_local  2135 esr_audio_write, ret =  nil  
[2023/09/06 16:00:00 158] isr_local  2265 last gc at  1693987196  
[2023/09/06 16:00:00 255] isr_local  2126 ASR_LOCAL_MSG_AUW  
[2023/09/06 16:00:00 258] isr_local  1558 auwl =   2880  
[2023/09/06 16:00:00 258] isr_local  2135 esr_audio_write, ret =  nil  
[2023/09/06 16:00:00 259] isr_local  2265 last gc at  1693987196  
[2023/09/06 16:00:00 293] transport  306  [dns] [1] timeout!   
[2023/09/06 16:00:00 293] transport  74   dns_failed  
[2023/09/06 16:00:00 293] network    90   ipfromenv ,  ipcache  open.xf-yun.com  def  nil  
[2023/09/06 16:00:00 293] network    90   ipfromenv ,  ipcfg  open.xf-yun.com  def  nil  
[2023/09/06 16:00:00 293] transport  1298 [soc] connect   116.213.69.195  80  
[2023/09/06 16:00:00 293] transport  1310 mspsoc.open,prot_type=  tcp  
[2023/09/06 16:00:00 294] network    231  dns timeout!  ns1  
[2023/09/06 16:00:00 294] ns         457  ns dns failed, err =   10114  
[2023/09/06 16:00:00 294] network    445  gethttpresp2  117.121.48.5  80  ns2  
[2023/09/06 16:00:00 294] network    465  prot_type  tcp  
[2023/09/06 16:00:00 374] isr_local  669  final result will throw out next!  
[2023/09/06 16:00:00 374] isr_local  679  nRecognizeState:  1  
[2023/09/06 16:00:00 374] isr_local  680  nConfidenceScore:  3  
[2023/09/06 16:00:00 375] isr_local  728  result_type :   xml  
[2023/09/06 16:00:00 375] isr_local  729  result_encoding :   UTF-8  
[2023/09/06 16:00:00 375] isr_local  730  is iat :   false  
[2023/09/06 16:00:00 375] isr_local  469  item_count:1  
[2023/09/06 16:00:00 375] isr_local  469  item_count:1  
[2023/09/06 16:00:00 375] isr_local  293  nil  
[2023/09/06 16:00:00 376] isr_local  675  recognized end!  
[2023/09/06 16:00:00 379] isr_local  2140 ASR_LOCAL_MSG_SSE  
[2023/09/06 16:00:00 379] isr_local  1518 esr_session_end | esr_obj:stop ret =  0  
[2023/09/06 16:00:00 379] isr_local  2142 esr_session_end, ret =  0  
[2023/09/06 16:00:00 382] isr_local  2265 last gc at  1693987196  
[2023/09/06 16:00:00 475] isr_local  638  local engine already stopped! stop cmd ignored  
[2023/09/06 16:00:00 504] isr_local  2182 SYS_MSG_SHUTDOWN_LOCAL  
[2023/09/06 16:00:00 558] isr_local  2265 last gc at  1693987196  
============================================================
Time  2023/09/06 16:00:01 192 
============================================================
[2023/09/06 16:00:01 192] isr_local  2168 os_type is:  Linux  
[2023/09/06 16:00:01 192] isr_local  2177 SYS_MSG_LOAD_LOCAL  
[2023/09/06 16:00:01 193] isr_local  2265 last gc at  1693987200  
[2023/09/06 16:00:01 193] isr_local  2206 SYS_MSG_REGCB_LOCAL| param0 =  msp_status_cb  
[2023/09/06 16:00:01 193] isr_local  2265 last gc at  1693987200  
[2023/09/06 16:00:01 194] isr_local  2206 SYS_MSG_REGCB_LOCAL| param0 =  local_service_cbmsg  
[2023/09/06 16:00:01 194] isr_local  2265 last gc at  1693987200  
[2023/09/06 16:00:01 194] isr_local  2114 ASR_LOCAL_MSG_SSB  
[2023/09/06 16:00:01 194] isr_local  1251 esr_session_begin | params:  engine_type=local,asr_res_path=fo|res/asr/common.jet,sample_rate=16000,grm_build_path=res/asr/GrmBuilld,local_grammar=call,result_type=xml,result_encoding=UTF-8  
[2023/09/06 16:00:01 194] isr_local  803  engine_type  :  local  
[2023/09/06 16:00:01 195] isr_local  803  asr_res_path  :  fo|res/asr/common.jet  
[2023/09/06 16:00:01 195] isr_local  803  sample_rate  :  16000  
[2023/09/06 16:00:01 195] isr_local  803  grm_build_path  :  res/asr/GrmBuilld  
[2023/09/06 16:00:01 195] isr_local  803  local_grammar  :  call  
[2023/09/06 16:00:01 195] isr_local  803  result_type  :  xml  
[2023/09/06 16:00:01 195] isr_local  803  result_encoding  :  UTF-8  
[2023/09/06 16:00:01 195] isr_local  1280 init aitalk in ssb  
[2023/09/06 16:00:01 195] isr_local  1162 esr_init | params:  engine_type=local,asr_res_path=fo|res/asr/common.jet,sample_rate=16000,grm_build_path=res/asr/GrmBuilld,local_grammar=call,result_type=xml,result_encoding=UTF-8  
[2023/09/06 16:00:01 196] isr_local  803  engine_type  :  local  
[2023/09/06 16:00:01 196] isr_local  803  asr_res_path  :  fo|res/asr/common.jet  
[2023/09/06 16:00:01 196] isr_local  803  sample_rate  :  16000  
[2023/09/06 16:00:01 196] isr_local  803  grm_build_path  :  res/asr/GrmBuilld  
[2023/09/06 16:00:01 196] isr_local  803  local_grammar  :  call  
[2023/09/06 16:00:01 196] isr_local  803  result_type  :  xml  
[2023/09/06 16:00:01 196] isr_local  803  result_encoding  :  UTF-8  
[2023/09/06 16:00:01 196] isr_local  1083  lucEsr.new   
[2023/09/06 16:00:01 197] isr_local  1000 file count =   1  
[2023/09/06 16:00:01 197] isr_local  923  file open type is:   fo  
[2023/09/06 16:00:01 197] isr_local  956  res/asr/common.jet  0  0  
[2023/09/06 16:00:01 197] isr_local  1018 speech_plus_setting  0  
[2023/09/06 16:00:01 197] isr_local  1031 2  nil  res/asr/common.jet  0  0  
[2023/09/06 16:00:01 198] isr_local  1033 res_ver  2  
[2023/09/06 16:00:01 198] isr_local  1034 res 5  62dd61c88201165be2937d82ec3543bf  
[2023/09/06 16:00:01 198] isr_local  1035 res_new_old_mark  v5pp  
[2023/09/06 16:00:01 198] isr_local  1036 res_usr_name  ""  
[2023/09/06 16:00:01 198] isr_local  1037 res_expires    
[2023/09/06 16:00:01 198] isr_local  1038 err  0  
[2023/09/06 16:00:01 198] isr_local  1054 lgi appid 5  62dd61c88201165be2937d82ec3543bf  
[2023/09/06 16:00:01 198] isr_local  1065 res_expires is null  
[2023/09/06 16:00:01 199] auth       74   aitalk  app  nil  nil  {"aitalk":{"ver":"2","bus":{"forbid":"0","nlimit":2020}}}  
[2023/09/06 16:00:01 199] auth       312  nil  
[2023/09/06 16:00:01 224] isr_local  1294 authorized_aitalk=  nil  
[2023/09/06 16:00:01 224] isr_local  1295 forbid_aitalk=  0  
[2023/09/06 16:00:01 224] auth       570  aitalk  table(88063df0) nil  nil  appid = 5e7d9f3e  
[2023/09/06 16:00:01 224] auth       579  app  nil  nil  nil  
[2023/09/06 16:00:01 225] auth       636  ath rquest  {"authorize":[{"busin":"aitalk","ver":"2.1.1"}]}  
[2023/09/06 16:00:01 228] transport  642  paramkvsport is   nil  
[2023/09/06 16:00:01 228] transport  654  ns_enable=  1  
[2023/09/06 16:00:01 229] transport  656  2017-08--24 is_ns_need_close =   nil  
[2023/09/06 16:00:01 229] transport  662  net.nettype=  standard  
[2023/09/06 16:00:01 229] transport  672  url.full=  nil  
[2023/09/06 16:00:01 229] transport  673  urltmp=  nil  
[2023/09/06 16:00:01 230] transport  677  server_url_host=, server_url_port=, server_url_path=  open.xf-yun.com  nil  /msp.do  
[2023/09/06 16:00:01 230] transport  705  url.full=  nil  
[2023/09/06 16:00:01 230] transport  890  switch 80  
[2023/09/06 16:00:01 230] transport  902  net type:  standard  
[2023/09/06 16:00:01 231] transport  903  net operator:  def  
[2023/09/06 16:00:01 231] transport  904  use proxy:  false  
[2023/09/06 16:00:01 231] auth       691  not login!  
[2023/09/06 16:00:01 231] auth       528  [session] send auth request  
[2023/09/06 16:00:01 232] transport  1102 session.domain=  open.xf-yun.com  
[2023/09/06 16:00:01 232] transport  1103 url.host=  open.xf-yun.com  
[2023/09/06 16:00:01 232] transport  1080 NAMESERVER START  
[2023/09/06 16:00:01 232] transport  1083 name =   ath  
[2023/09/06 16:00:01 233] ns         629  ntt=  standard  
[2023/09/06 16:00:01 233] transport  1086 trans,ns_inprog =  0  
[2023/09/06 16:00:01 233] ns         585  name server start  
[2023/09/06 16:00:01 233] ns         586  ns_sub =   ath  
[2023/09/06 16:00:01 233] ns         588  ns_host=  open.xf-yun.com  
[2023/09/06 16:00:01 234] ns         479  ns_host=  open.xf-yun.com  
[2023/09/06 16:00:01 234] ns         558  GET /sip/resolver?srand=0906160011.32 HTTP/1.1
Host: hdns.openspeech.cn
Connection: Keep-Alive
X-Par: ver=1.3&appid=5e7d9f3e&operator=UNKNOW&nettype=STANDARD&cver=5.0.38.1195&svc=ath&host=open.xf-yun.com&sign=6190c7a9d940073db4fb67b95a9ed10a
User-Agent: iFLYCloud

  
[2023/09/06 16:00:01 234] ns         559  net_type =  standard  
[2023/09/06 16:00:01 235] ns         560  cmwapascmnet =  
[2023/09/06 16:00:01 235] ns         561  uniwapasuninet =  
[2023/09/06 16:00:01 235] ns         562  ctwapasctnet =  
[2023/09/06 16:00:01 235] ns         579  host=  hdns.openspeech.cn  
[2023/09/06 16:00:01 236] network    263  gethostbyname  hdns.openspeech.cn  ns1  
[2023/09/06 16:00:01 237] auth       535  0  
[2023/09/06 16:00:01 237] auth       498  lver:  nil  
[2023/09/06 16:00:01 237] auth       503  cfg_ver:  nil  
[2023/09/06 16:00:01 237] transport  1849 transport_obj.send | in  
[2023/09/06 16:00:01 237] transport  1855 self.msg_flag_q  table(88088ab0) 
[2023/09/06 16:00:01 237] transport  1856 self.msg_q  table(880811e0) 
[2023/09/06 16:00:01 238] transport  1788 transport_obj.try2send | in  
[2023/09/06 16:00:01 238] transport  1789 self.soc  nil  
[2023/09/06 16:00:01 238] transport  1790 self.connected  false  
[2023/09/06 16:00:01 238] transport  1791 self.latesterr  0  
[2023/09/06 16:00:01 238] transport  1862 transport_obj.send | out  
[2023/09/06 16:00:01 238] isr_local  2038 commit path:   res/asr/GrmBuilld/temp/commit  
[2023/09/06 16:00:01 250] isr_local  2076 commit success!  
[2023/09/06 16:00:01 254] isr_local  1409 esr_session_begin | esr_obj:start ret =  0  
[2023/09/06 16:00:01 254] isr_local  2122 esr_session_begin, ret =   0  
[2023/09/06 16:00:01 254] isr_local  2265 last gc at  1693987200  
[2023/09/06 16:00:01 362] isr_local  655  local engine ready  
[2023/09/06 16:00:01 363] isr_local  585  esr_flush_buf_audio buffer audio num:  0  
[2023/09/06 16:00:01 364] isr_local  630  local engine started  
[2023/09/06 16:00:01 386] isr_local  2126 ASR_LOCAL_MSG_AUW  
[2023/09/06 16:00:01 386] isr_local  1558 auwl =   3200  
[2023/09/06 16:00:01 386] isr_local  2135 esr_audio_write, ret =  nil  
[2023/09/06 16:00:01 386] isr_local  2265 last gc at  1693987200  
[2023/09/06 16:00:01 481] isr_local  2126 ASR_LOCAL_MSG_AUW  
[2023/09/06 16:00:01 481] isr_local  1558 auwl =   3200  
[2023/09/06 16:00:01 481] isr_local  2135 esr_audio_write, ret =  nil  
[2023/09/06 16:00:01 481] isr_local  2265 last gc at  1693987200  
[2023/09/06 16:00:01 581] isr_local  2126 ASR_LOCAL_MSG_AUW  
[2023/09/06 16:00:01 582] isr_local  1558 auwl =   3200  
[2023/09/06 16:00:01 582] isr_local  2135 esr_audio_write, ret =  nil  
[2023/09/06 16:00:01 582] isr_local  2265 last gc at  1693987200  
[2023/09/06 16:00:01 680] isr_local  2126 ASR_LOCAL_MSG_AUW  
[2023/09/06 16:00:01 680] isr_local  1558 auwl =   3200  
[2023/09/06 16:00:01 680] isr_local  2135 esr_audio_write, ret =  nil  
[2023/09/06 16:00:01 680] isr_local  2265 last gc at  1693987200  
[2023/09/06 16:00:01 792] isr_local  2126 ASR_LOCAL_MSG_AUW  
[2023/09/06 16:00:01 792] isr_local  1558 auwl =   3200  
[2023/09/06 16:00:01 793] isr_local  2135 esr_audio_write, ret =  nil  
[2023/09/06 16:00:01 793] isr_local  2265 last gc at  1693987200  
[2023/09/06 16:00:01 892] isr_local  2126 ASR_LOCAL_MSG_AUW  
[2023/09/06 16:00:01 892] isr_local  1558 auwl =   3200  
[2023/09/06 16:00:01 893] isr_local  2135 esr_audio_write, ret =  nil  
[2023/09/06 16:00:01 894] isr_local  2265 last gc at  1693987200  
[2023/09/06 16:00:01 991] isr_local  2126 ASR_LOCAL_MSG_AUW  
[2023/09/06 16:00:01 992] isr_local  1558 auwl =   3200  
[2023/09/06 16:00:01 993] isr_local  2135 esr_audio_write, ret =  nil  
[2023/09/06 16:00:01 993] isr_local  2265 last gc at  1693987200  
[2023/09/06 16:00:02 091] isr_local  2126 ASR_LOCAL_MSG_AUW  
[2023/09/06 16:00:02 092] isr_local  1558 auwl =   3200  
[2023/09/06 16:00:02 093] isr_local  2135 esr_audio_write, ret =  nil  
[2023/09/06 16:00:02 093] isr_local  2265 last gc at  1693987200  
[2023/09/06 16:00:02 192] isr_local  2126 ASR_LOCAL_MSG_AUW  
[2023/09/06 16:00:02 193] isr_local  1558 auwl =   3200  
[2023/09/06 16:00:02 194] isr_local  2135 esr_audio_write, ret =  nil  
[2023/09/06 16:00:02 194] isr_local  2265 last gc at  1693987200  
[2023/09/06 16:00:02 291] isr_local  2126 ASR_LOCAL_MSG_AUW  
[2023/09/06 16:00:02 292] isr_local  1558 auwl =   3200  
[2023/09/06 16:00:02 293] isr_local  2135 esr_audio_write, ret =  nil  
[2023/09/06 16:00:02 293] isr_local  2265 last gc at  1693987200  
[2023/09/06 16:00:02 391] isr_local  2126 ASR_LOCAL_MSG_AUW  
[2023/09/06 16:00:02 392] isr_local  1558 auwl =   3200  
[2023/09/06 16:00:02 392] isr_local  2135 esr_audio_write, ret =  nil  
[2023/09/06 16:00:02 393] isr_local  2265 last gc at  1693987200  
[2023/09/06 16:00:02 492] isr_local  2126 ASR_LOCAL_MSG_AUW  
[2023/09/06 16:00:02 492] isr_local  1558 auwl =   3200  
[2023/09/06 16:00:02 493] isr_local  2135 esr_audio_write, ret =  nil  
[2023/09/06 16:00:02 493] isr_local  2265 last gc at  1693987200  
[2023/09/06 16:00:02 591] isr_local  2126 ASR_LOCAL_MSG_AUW  
[2023/09/06 16:00:02 592] isr_local  1558 auwl =   3200  
[2023/09/06 16:00:02 593] isr_local  2135 esr_audio_write, ret =  nil  
[2023/09/06 16:00:02 593] isr_local  2265 last gc at  1693987200  
[2023/09/06 16:00:02 694] isr_local  2126 ASR_LOCAL_MSG_AUW  
[2023/09/06 16:00:02 695] isr_local  1558 auwl =   3200  
[2023/09/06 16:00:02 696] isr_local  2135 esr_audio_write, ret =  nil  
[2023/09/06 16:00:02 696] isr_local  2265 last gc at  1693987200  
[2023/09/06 16:00:02 792] isr_local  2126 ASR_LOCAL_MSG_AUW  
[2023/09/06 16:00:02 793] isr_local  1558 auwl =   3200  
[2023/09/06 16:00:02 793] isr_local  2135 esr_audio_write, ret =  nil  
[2023/09/06 16:00:02 794] isr_local  2265 last gc at  1693987200  
[2023/09/06 16:00:02 882] isr_local  2126 ASR_LOCAL_MSG_AUW  
[2023/09/06 16:00:02 882] isr_local  1558 auwl =   3200  
[2023/09/06 16:00:02 882] isr_local  2135 esr_audio_write, ret =  nil  
[2023/09/06 16:00:02 882] isr_local  2265 last gc at  1693987200  
[2023/09/06 16:00:02 980] isr_local  2126 ASR_LOCAL_MSG_AUW  
[2023/09/06 16:00:02 981] isr_local  1558 auwl =   3200  
[2023/09/06 16:00:02 981] isr_local  2135 esr_audio_write, ret =  nil  
[2023/09/06 16:00:02 981] isr_local  2265 last gc at  1693987200  
[2023/09/06 16:00:03 092] isr_local  2126 ASR_LOCAL_MSG_AUW  
[2023/09/06 16:00:03 092] isr_local  1558 auwl =   3200  
[2023/09/06 16:00:03 093] isr_local  2135 esr_audio_write, ret =  nil  
[2023/09/06 16:00:03 093] isr_local  2265 last gc at  1693987200  
[2023/09/06 16:00:03 192] isr_local  2126 ASR_LOCAL_MSG_AUW  
[2023/09/06 16:00:03 193] isr_local  1558 auwl =   3200  
[2023/09/06 16:00:03 193] isr_local  2135 esr_audio_write, ret =  nil  
[2023/09/06 16:00:03 194] isr_local  2265 last gc at  1693987200  
[2023/09/06 16:00:03 291] isr_local  2126 ASR_LOCAL_MSG_AUW  
[2023/09/06 16:00:03 292] isr_local  1558 auwl =   3200  
[2023/09/06 16:00:03 293] isr_local  2135 esr_audio_write, ret =  nil  
[2023/09/06 16:00:03 293] isr_local  2265 last gc at  1693987200  
[2023/09/06 16:00:03 391] isr_local  2126 ASR_LOCAL_MSG_AUW  
[2023/09/06 16:00:03 392] isr_local  1558 auwl =   3200  
[2023/09/06 16:00:03 393] isr_local  2135 esr_audio_write, ret =  nil  
[2023/09/06 16:00:03 393] isr_local  2265 last gc at  1693987200  
[2023/09/06 16:00:03 491] isr_local  2126 ASR_LOCAL_MSG_AUW  
[2023/09/06 16:00:03 492] isr_local  1558 auwl =   3200  
[2023/09/06 16:00:03 493] isr_local  2135 esr_audio_write, ret =  nil  
[2023/09/06 16:00:03 493] isr_local  2265 last gc at  1693987200  
[2023/09/06 16:00:03 591] isr_local  2126 ASR_LOCAL_MSG_AUW  
[2023/09/06 16:00:03 592] isr_local  1558 auwl =   3200  
[2023/09/06 16:00:03 592] isr_local  2135 esr_audio_write, ret =  nil  
[2023/09/06 16:00:03 593] isr_local  2265 last gc at  1693987200  
[2023/09/06 16:00:03 692] isr_local  2126 ASR_LOCAL_MSG_AUW  
[2023/09/06 16:00:03 692] isr_local  1558 auwl =   3200  
[2023/09/06 16:00:03 693] isr_local  2135 esr_audio_write, ret =  nil  
[2023/09/06 16:00:03 693] isr_local  2265 last gc at  1693987200  
[2023/09/06 16:00:03 791] isr_local  2126 ASR_LOCAL_MSG_AUW  
[2023/09/06 16:00:03 792] isr_local  1558 auwl =   3200  
[2023/09/06 16:00:03 793] isr_local  2135 esr_audio_write, ret =  nil  
[2023/09/06 16:00:03 793] isr_local  2265 last gc at  1693987200  
[2023/09/06 16:00:03 891] isr_local  2126 ASR_LOCAL_MSG_AUW  
[2023/09/06 16:00:03 892] isr_local  1558 auwl =   3200  
[2023/09/06 16:00:03 892] isr_local  2135 esr_audio_write, ret =  nil  
[2023/09/06 16:00:03 893] isr_local  2265 last gc at  1693987200  
[2023/09/06 16:00:03 981] isr_local  2126 ASR_LOCAL_MSG_AUW  
[2023/09/06 16:00:03 982] isr_local  1558 auwl =   3200  
[2023/09/06 16:00:03 982] isr_local  2135 esr_audio_write, ret =  nil  
[2023/09/06 16:00:03 982] isr_local  2265 last gc at  1693987200  
[2023/09/06 16:00:04 079] isr_local  2126 ASR_LOCAL_MSG_AUW  
[2023/09/06 16:00:04 079] isr_local  1558 auwl =   3200  
[2023/09/06 16:00:04 079] isr_local  2135 esr_audio_write, ret =  nil  
[2023/09/06 16:00:04 080] isr_local  2265 last gc at  1693987200  
[2023/09/06 16:00:04 180] isr_local  2126 ASR_LOCAL_MSG_AUW  
[2023/09/06 16:00:04 180] isr_local  1558 auwl =   2880  
[2023/09/06 16:00:04 180] isr_local  2135 esr_audio_write, ret =  nil  
[2023/09/06 16:00:04 180] isr_local  2265 last gc at  1693987200  
[2023/09/06 16:00:04 237] network    231  dns timeout!  ns1  
[2023/09/06 16:00:04 237] ns         457  ns dns failed, err =   10114  
[2023/09/06 16:00:04 237] network    445  gethttpresp2  117.121.48.5  80  ns2  
[2023/09/06 16:00:04 238] network    465  prot_type  tcp  
[2023/09/06 16:00:04 238] transport  306  [dns] [1] timeout!   
[2023/09/06 16:00:04 238] transport  74   dns_failed  
[2023/09/06 16:00:04 239] network    90   ipfromenv ,  ipcache  open.xf-yun.com  def  nil  
[2023/09/06 16:00:04 239] network    90   ipfromenv ,  ipcfg  open.xf-yun.com  def  nil  
[2023/09/06 16:00:04 239] transport  1298 [soc] connect   116.213.69.195  80  
[2023/09/06 16:00:04 239] transport  1310 mspsoc.open,prot_type=  tcp  
[2023/09/06 16:00:04 273] isr_local  669  final result will throw out next!  
[2023/09/06 16:00:04 274] isr_local  679  nRecognizeState:  1  
[2023/09/06 16:00:04 274] isr_local  680  nConfidenceScore:  0  
[2023/09/06 16:00:04 275] isr_local  728  result_type :   xml  
[2023/09/06 16:00:04 275] isr_local  729  result_encoding :   UTF-8  
[2023/09/06 16:00:04 275] isr_local  730  is iat :   false  
[2023/09/06 16:00:04 277] isr_local  469  item_count:1  
[2023/09/06 16:00:04 278] isr_local  469  item_count:1  
[2023/09/06 16:00:04 279] isr_local  293  nil  
[2023/09/06 16:00:04 281] isr_local  675  recognized end!  
[2023/09/06 16:00:04 300] isr_local  2140 ASR_LOCAL_MSG_SSE  
[2023/09/06 16:00:04 301] isr_local  1518 esr_session_end | esr_obj:stop ret =  0  
[2023/09/06 16:00:04 304] isr_local  2142 esr_session_end, ret =  0  
[2023/09/06 16:00:04 323] isr_local  2265 last gc at  1693987200  
[2023/09/06 16:00:04 327] isr_local  2182 SYS_MSG_SHUTDOWN_LOCAL  
[2023/09/06 16:00:04 383] isr_local  2265 last gc at  1693987200  
============================================================
Time  2023/09/06 16:00:05 054 
============================================================
[2023/09/06 16:00:05 054] isr_local  2168 os_type is:  Linux  
[2023/09/06 16:00:05 054] isr_local  2177 SYS_MSG_LOAD_LOCAL  
[2023/09/06 16:00:05 054] isr_local  2265 last gc at  1693987204  
[2023/09/06 16:00:05 055] isr_local  2206 SYS_MSG_REGCB_LOCAL| param0 =  msp_status_cb  
[2023/09/06 16:00:05 055] isr_local  2265 last gc at  1693987204  
[2023/09/06 16:00:05 055] isr_local  2206 SYS_MSG_REGCB_LOCAL| param0 =  local_service_cbmsg  
[2023/09/06 16:00:05 055] isr_local  2265 last gc at  1693987204  
[2023/09/06 16:00:05 056] isr_local  2114 ASR_LOCAL_MSG_SSB  
[2023/09/06 16:00:05 056] isr_local  1251 esr_session_begin | params:  engine_type=local,asr_res_path=fo|res/asr/common.jet,sample_rate=16000,grm_build_path=res/asr/GrmBuilld,local_grammar=call,result_type=xml,result_encoding=UTF-8  
[2023/09/06 16:00:05 056] isr_local  803  engine_type  :  local  
[2023/09/06 16:00:05 056] isr_local  803  asr_res_path  :  fo|res/asr/common.jet  
[2023/09/06 16:00:05 056] isr_local  803  sample_rate  :  16000  
[2023/09/06 16:00:05 056] isr_local  803  grm_build_path  :  res/asr/GrmBuilld  
[2023/09/06 16:00:05 057] isr_local  803  local_grammar  :  call  
[2023/09/06 16:00:05 057] isr_local  803  result_type  :  xml  
[2023/09/06 16:00:05 057] isr_local  803  result_encoding  :  UTF-8  
[2023/09/06 16:00:05 057] isr_local  1280 init aitalk in ssb  
[2023/09/06 16:00:05 057] isr_local  1162 esr_init | params:  engine_type=local,asr_res_path=fo|res/asr/common.jet,sample_rate=16000,grm_build_path=res/asr/GrmBuilld,local_grammar=call,result_type=xml,result_encoding=UTF-8  
[2023/09/06 16:00:05 057] isr_local  803  engine_type  :  local  
[2023/09/06 16:00:05 057] isr_local  803  asr_res_path  :  fo|res/asr/common.jet  
[2023/09/06 16:00:05 057] isr_local  803  sample_rate  :  16000  
[2023/09/06 16:00:05 058] isr_local  803  grm_build_path  :  res/asr/GrmBuilld  
[2023/09/06 16:00:05 058] isr_local  803  local_grammar  :  call  
[2023/09/06 16:00:05 058] isr_local  803  result_type  :  xml  
[2023/09/06 16:00:05 058] isr_local  803  result_encoding  :  UTF-8  
[2023/09/06 16:00:05 058] isr_local  1083  lucEsr.new   
[2023/09/06 16:00:05 058] isr_local  1000 file count =   1  
[2023/09/06 16:00:05 059] isr_local  923  file open type is:   fo  
[2023/09/06 16:00:05 059] isr_local  956  res/asr/common.jet  0  0  
[2023/09/06 16:00:05 059] isr_local  1018 speech_plus_setting  0  
[2023/09/06 16:00:05 059] isr_local  1031 2  nil  res/asr/common.jet  0  0  
[2023/09/06 16:00:05 059] isr_local  1033 res_ver  2  
[2023/09/06 16:00:05 059] isr_local  1034 res 5  62dd61c88201165be2937d82ec3543bf  
[2023/09/06 16:00:05 060] isr_local  1035 res_new_old_mark  v5pp  
[2023/09/06 16:00:05 060] isr_local  1036 res_usr_name  ""  
[2023/09/06 16:00:05 060] isr_local  1037 res_expires    
[2023/09/06 16:00:05 060] isr_local  1038 err  0  
[2023/09/06 16:00:05 060] isr_local  1054 lgi appid 5  62dd61c88201165be2937d82ec3543bf  
[2023/09/06 16:00:05 060] isr_local  1065 res_expires is null  
[2023/09/06 16:00:05 061] auth       74   aitalk  app  nil  nil  {"aitalk":{"ver":"2","bus":{"forbid":"0","nlimit":2020}}}  
[2023/09/06 16:00:05 061] auth       312  nil  
[2023/09/06 16:00:05 085] isr_local  1294 authorized_aitalk=  nil  
[2023/09/06 16:00:05 085] isr_local  1295 forbid_aitalk=  0  
[2023/09/06 16:00:05 085] auth       570  aitalk  table(700645d0) nil  nil  appid = 5e7d9f3e  
[2023/09/06 16:00:05 085] auth       579  app  nil  nil  nil  
[2023/09/06 16:00:05 085] auth       636  ath rquest  {"authorize":[{"ver":"2.1.1","busin":"aitalk"}]}  
[2023/09/06 16:00:05 088] transport  642  paramkvsport is   nil  
[2023/09/06 16:00:05 089] transport  654  ns_enable=  1  
[2023/09/06 16:00:05 089] transport  656  2017-08--24 is_ns_need_close =   nil  
[2023/09/06 16:00:05 089] transport  662  net.nettype=  standard  
[2023/09/06 16:00:05 089] transport  672  url.full=  nil  
[2023/09/06 16:00:05 089] transport  673  urltmp=  nil  
[2023/09/06 16:00:05 089] transport  677  server_url_host=, server_url_port=, server_url_path=  open.xf-yun.com  nil  /msp.do  
[2023/09/06 16:00:05 089] transport  705  url.full=  nil  
[2023/09/06 16:00:05 089] transport  890  switch 80  
[2023/09/06 16:00:05 089] transport  902  net type:  standard  
[2023/09/06 16:00:05 089] transport  903  net operator:  def  
[2023/09/06 16:00:05 090] transport  904  use proxy:  false  
[2023/09/06 16:00:05 090] auth       691  not login!  
[2023/09/06 16:00:05 090] auth       528  [session] send auth request  
[2023/09/06 16:00:05 090] transport  1102 session.domain=  open.xf-yun.com  
[2023/09/06 16:00:05 090] transport  1103 url.host=  open.xf-yun.com  
[2023/09/06 16:00:05 090] transport  1080 NAMESERVER START  
[2023/09/06 16:00:05 090] transport  1083 name =   ath  
[2023/09/06 16:00:05 091] ns         629  ntt=  standard  
[2023/09/06 16:00:05 091] transport  1086 trans,ns_inprog =  0  
[2023/09/06 16:00:05 091] ns         585  name server start  
[2023/09/06 16:00:05 091] ns         586  ns_sub =   ath  
[2023/09/06 16:00:05 091] ns         588  ns_host=  open.xf-yun.com  
[2023/09/06 16:00:05 091] ns         479  ns_host=  open.xf-yun.com  
[2023/09/06 16:00:05 091] ns         558  GET /sip/resolver?srand=0906160011.32 HTTP/1.1
Host: hdns.openspeech.cn
Connection: Keep-Alive
X-Par: ver=1.3&appid=5e7d9f3e&operator=UNKNOW&nettype=STANDARD&cver=5.0.38.1195&svc=ath&host=open.xf-yun.com&sign=6190c7a9d940073db4fb67b95a9ed10a
User-Agent: iFLYCloud

  
[2023/09/06 16:00:05 091] ns         559  net_type =  standard  
[2023/09/06 16:00:05 092] ns         560  cmwapascmnet =  
[2023/09/06 16:00:05 092] ns         561  uniwapasuninet =  
[2023/09/06 16:00:05 092] ns         562  ctwapasctnet =  
[2023/09/06 16:00:05 092] ns         579  host=  hdns.openspeech.cn  
[2023/09/06 16:00:05 092] network    263  gethostbyname  hdns.openspeech.cn  ns1  
[2023/09/06 16:00:05 093] auth       535  0  
[2023/09/06 16:00:05 093] auth       498  lver:  nil  
[2023/09/06 16:00:05 093] auth       503  cfg_ver:  nil  
[2023/09/06 16:00:05 093] transport  1849 transport_obj.send | in  
[2023/09/06 16:00:05 094] transport  1855 self.msg_flag_q  table(7001c110) 
[2023/09/06 16:00:05 094] transport  1856 self.msg_q  table(700523c0) 
[2023/09/06 16:00:05 094] transport  1788 transport_obj.try2send | in  
[2023/09/06 16:00:05 094] transport  1789 self.soc  nil  
[2023/09/06 16:00:05 094] transport  1790 self.connected  false  
[2023/09/06 16:00:05 094] transport  1791 self.latesterr  0  
[2023/09/06 16:00:05 094] transport  1862 transport_obj.send | out  
[2023/09/06 16:00:05 095] isr_local  2038 commit path:   res/asr/GrmBuilld/temp/commit  
[2023/09/06 16:00:05 108] isr_local  2076 commit success!  
[2023/09/06 16:00:05 112] isr_local  1409 esr_session_begin | esr_obj:start ret =  0  
[2023/09/06 16:00:05 112] isr_local  2122 esr_session_begin, ret =   0  
[2023/09/06 16:00:05 112] isr_local  2265 last gc at  1693987204  
[2023/09/06 16:00:05 211] isr_local  655  local engine ready  
[2023/09/06 16:00:05 211] isr_local  585  esr_flush_buf_audio buffer audio num:  0  
[2023/09/06 16:00:05 212] isr_local  630  local engine started  
[2023/09/06 16:00:05 247] isr_local  2126 ASR_LOCAL_MSG_AUW  
[2023/09/06 16:00:05 247] isr_local  1558 auwl =   3200  
[2023/09/06 16:00:05 248] isr_local  2135 esr_audio_write, ret =  nil  
[2023/09/06 16:00:05 248] isr_local  2265 last gc at  1693987204  
[2023/09/06 16:00:05 345] isr_local  2126 ASR_LOCAL_MSG_AUW  
[2023/09/06 16:00:05 345] isr_local  1558 auwl =   3200  
[2023/09/06 16:00:05 345] isr_local  2135 esr_audio_write, ret =  nil  
[2023/09/06 16:00:05 346] isr_local  2265 last gc at  1693987204  
[2023/09/06 16:00:05 451] isr_local  2126 ASR_LOCAL_MSG_AUW  
[2023/09/06 16:00:05 451] isr_local  1558 auwl =   3200  
[2023/09/06 16:00:05 452] isr_local  2135 esr_audio_write, ret =  nil  
[2023/09/06 16:00:05 452] isr_local  2265 last gc at  1693987204  
[2023/09/06 16:00:05 556] isr_local  2126 ASR_LOCAL_MSG_AUW  
[2023/09/06 16:00:05 557] isr_local  1558 auwl =   3200  
[2023/09/06 16:00:05 558] isr_local  2135 esr_audio_write, ret =  nil  
[2023/09/06 16:00:05 558] isr_local  2265 last gc at  1693987204  
[2023/09/06 16:00:05 656] isr_local  2126 ASR_LOCAL_MSG_AUW  
[2023/09/06 16:00:05 657] isr_local  1558 auwl =   3200  
[2023/09/06 16:00:05 658] isr_local  2135 esr_audio_write, ret =  nil  
[2023/09/06 16:00:05 658] isr_local  2265 last gc at  1693987204  
[2023/09/06 16:00:05 758] isr_local  2126 ASR_LOCAL_MSG_AUW  
[2023/09/06 16:00:05 758] isr_local  1558 auwl =   3200  
[2023/09/06 16:00:05 759] isr_local  2135 esr_audio_write, ret =  nil  
[2023/09/06 16:00:05 759] isr_local  2265 last gc at  1693987204  
[2023/09/06 16:00:05 856] isr_local  2126 ASR_LOCAL_MSG_AUW  
[2023/09/06 16:00:05 857] isr_local  1558 auwl =   3200  
[2023/09/06 16:00:05 857] isr_local  2135 esr_audio_write, ret =  nil  
[2023/09/06 16:00:05 858] isr_local  2265 last gc at  1693987204  
[2023/09/06 16:00:05 957] isr_local  2126 ASR_LOCAL_MSG_AUW  
[2023/09/06 16:00:05 958] isr_local  1558 auwl =   3200  
[2023/09/06 16:00:05 958] isr_local  2135 esr_audio_write, ret =  nil  
[2023/09/06 16:00:05 959] isr_local  2265 last gc at  1693987204  
[2023/09/06 16:00:06 057] isr_local  2126 ASR_LOCAL_MSG_AUW  
[2023/09/06 16:00:06 058] isr_local  1558 auwl =   3200  
[2023/09/06 16:00:06 059] isr_local  2135 esr_audio_write, ret =  nil  
[2023/09/06 16:00:06 059] isr_local  2265 last gc at  1693987204  
[2023/09/06 16:00:06 155] isr_local  2126 ASR_LOCAL_MSG_AUW  
[2023/09/06 16:00:06 156] isr_local  1558 auwl =   3200  
[2023/09/06 16:00:06 156] isr_local  2135 esr_audio_write, ret =  nil  
[2023/09/06 16:00:06 156] isr_local  2265 last gc at  1693987204  
[2023/09/06 16:00:06 245] isr_local  2126 ASR_LOCAL_MSG_AUW  
[2023/09/06 16:00:06 245] isr_local  1558 auwl =   3200  
[2023/09/06 16:00:06 246] isr_local  2135 esr_audio_write, ret =  nil  
[2023/09/06 16:00:06 246] isr_local  2265 last gc at  1693987204  
[2023/09/06 16:00:06 357] isr_local  2126 ASR_LOCAL_MSG_AUW  
[2023/09/06 16:00:06 357] isr_local  1558 auwl =   3200  
[2023/09/06 16:00:06 358] isr_local  2135 esr_audio_write, ret =  nil  
[2023/09/06 16:00:06 358] isr_local  2265 last gc at  1693987204  
[2023/09/06 16:00:06 457] isr_local  2126 ASR_LOCAL_MSG_AUW  
[2023/09/06 16:00:06 457] isr_local  1558 auwl =   3200  
[2023/09/06 16:00:06 459] isr_local  2135 esr_audio_write, ret =  nil  
[2023/09/06 16:00:06 459] isr_local  2265 last gc at  1693987204  
[2023/09/06 16:00:06 556] isr_local  2126 ASR_LOCAL_MSG_AUW  
[2023/09/06 16:00:06 557] isr_local  1558 auwl =   3200  
[2023/09/06 16:00:06 557] isr_local  2135 esr_audio_write, ret =  nil  
[2023/09/06 16:00:06 558] isr_local  2265 last gc at  1693987204  
[2023/09/06 16:00:06 657] isr_local  2126 ASR_LOCAL_MSG_AUW  
[2023/09/06 16:00:06 658] isr_local  1558 auwl =   3200  
[2023/09/06 16:00:06 658] isr_local  2135 esr_audio_write, ret =  nil  
[2023/09/06 16:00:06 659] isr_local  2265 last gc at  1693987204  
[2023/09/06 16:00:06 757] isr_local  2126 ASR_LOCAL_MSG_AUW  
[2023/09/06 16:00:06 758] isr_local  1558 auwl =   3200  
[2023/09/06 16:00:06 758] isr_local  2135 esr_audio_write, ret =  nil  
[2023/09/06 16:00:06 759] isr_local  2265 last gc at  1693987204  
[2023/09/06 16:00:06 856] isr_local  2126 ASR_LOCAL_MSG_AUW  
[2023/09/06 16:00:06 857] isr_local  1558 auwl =   3200  
[2023/09/06 16:00:06 858] isr_local  2135 esr_audio_write, ret =  nil  
[2023/09/06 16:00:06 858] isr_local  2265 last gc at  1693987204  
[2023/09/06 16:00:06 957] isr_local  2126 ASR_LOCAL_MSG_AUW  
[2023/09/06 16:00:06 958] isr_local  1558 auwl =   3200  
[2023/09/06 16:00:06 958] isr_local  2135 esr_audio_write, ret =  nil  
[2023/09/06 16:00:06 959] isr_local  2265 last gc at  1693987204  
[2023/09/06 16:00:07 042] isr_local  2126 ASR_LOCAL_MSG_AUW  
[2023/09/06 16:00:07 042] isr_local  1558 auwl =   3200  
[2023/09/06 16:00:07 042] isr_local  2135 esr_audio_write, ret =  nil  
[2023/09/06 16:00:07 042] isr_local  2265 last gc at  1693987204  
[2023/09/06 16:00:07 142] isr_local  2126 ASR_LOCAL_MSG_AUW  
[2023/09/06 16:00:07 142] isr_local  1558 auwl =   3200  
[2023/09/06 16:00:07 142] isr_local  2135 esr_audio_write, ret =  nil  
[2023/09/06 16:00:07 142] isr_local  2265 last gc at  1693987204  
[2023/09/06 16:00:07 257] isr_local  2126 ASR_LOCAL_MSG_AUW  
[2023/09/06 16:00:07 257] isr_local  1558 auwl =   3200  
[2023/09/06 16:00:07 258] isr_local  2135 esr_audio_write, ret =  nil  
[2023/09/06 16:00:07 259] isr_local  2265 last gc at  1693987204  
[2023/09/06 16:00:07 342] isr_local  2126 ASR_LOCAL_MSG_AUW  
[2023/09/06 16:00:07 342] isr_local  1558 auwl =   3200  
[2023/09/06 16:00:07 342] isr_local  2135 esr_audio_write, ret =  nil  
[2023/09/06 16:00:07 342] isr_local  2265 last gc at  1693987204  
[2023/09/06 16:00:07 442] isr_local  2126 ASR_LOCAL_MSG_AUW  
[2023/09/06 16:00:07 442] isr_local  1558 auwl =   3200  
[2023/09/06 16:00:07 442] isr_local  2135 esr_audio_write, ret =  nil  
[2023/09/06 16:00:07 442] isr_local  2265 last gc at  1693987204  
[2023/09/06 16:00:07 542] isr_local  2126 ASR_LOCAL_MSG_AUW  
[2023/09/06 16:00:07 542] isr_local  1558 auwl =   3200  
[2023/09/06 16:00:07 542] isr_local  2135 esr_audio_write, ret =  nil  
[2023/09/06 16:00:07 542] isr_local  2265 last gc at  1693987204  
[2023/09/06 16:00:07 649] isr_local  2126 ASR_LOCAL_MSG_AUW  
[2023/09/06 16:00:07 649] isr_local  1558 auwl =   3200  
[2023/09/06 16:00:07 649] isr_local  2135 esr_audio_write, ret =  nil  
[2023/09/06 16:00:07 649] isr_local  2265 last gc at  1693987204  
[2023/09/06 16:00:07 746] isr_local  2126 ASR_LOCAL_MSG_AUW  
[2023/09/06 16:00:07 746] isr_local  1558 auwl =   3200  
[2023/09/06 16:00:07 747] isr_local  2135 esr_audio_write, ret =  nil  
[2023/09/06 16:00:07 747] isr_local  2265 last gc at  1693987204  
[2023/09/06 16:00:07 842] isr_local  2126 ASR_LOCAL_MSG_AUW  
[2023/09/06 16:00:07 842] isr_local  1558 auwl =   3200  
[2023/09/06 16:00:07 842] isr_local  2135 esr_audio_write, ret =  nil  
[2023/09/06 16:00:07 842] isr_local  2265 last gc at  1693987204  
[2023/09/06 16:00:07 942] isr_local  2126 ASR_LOCAL_MSG_AUW  
[2023/09/06 16:00:07 942] isr_local  1558 auwl =   3200  
[2023/09/06 16:00:07 942] isr_local  2135 esr_audio_write, ret =  nil  
[2023/09/06 16:00:07 942] isr_local  2265 last gc at  1693987204  
[2023/09/06 16:00:08 042] isr_local  2126 ASR_LOCAL_MSG_AUW  
[2023/09/06 16:00:08 042] isr_local  1558 auwl =   2880  
[2023/09/06 16:00:08 042] isr_local  2135 esr_audio_write, ret =  nil  
[2023/09/06 16:00:08 042] isr_local  2265 last gc at  1693987204  
[2023/09/06 16:00:08 093] network    231  dns timeout!  ns1  
[2023/09/06 16:00:08 093] ns         457  ns dns failed, err =   10114  
[2023/09/06 16:00:08 094] network    445  gethttpresp2  117.121.48.5  80  ns2  
[2023/09/06 16:00:08 094] network    465  prot_type  tcp  
[2023/09/06 16:00:08 096] transport  306  [dns] [1] timeout!   
[2023/09/06 16:00:08 096] transport  74   dns_failed  
[2023/09/06 16:00:08 096] network    90   ipfromenv ,  ipcache  open.xf-yun.com  def  nil  
[2023/09/06 16:00:08 096] network    90   ipfromenv ,  ipcfg  open.xf-yun.com  def  nil  
[2023/09/06 16:00:08 096] transport  1298 [soc] connect   116.213.69.195  80  
[2023/09/06 16:00:08 097] transport  1310 mspsoc.open,prot_type=  tcp  
[2023/09/06 16:00:08 127] isr_local  669  final result will throw out next!  
[2023/09/06 16:00:08 127] isr_local  679  nRecognizeState:  1  
[2023/09/06 16:00:08 127] isr_local  680  nConfidenceScore:  6  
[2023/09/06 16:00:08 127] isr_local  728  result_type :   xml  
[2023/09/06 16:00:08 127] isr_local  729  result_encoding :   UTF-8  
[2023/09/06 16:00:08 127] isr_local  730  is iat :   false  
[2023/09/06 16:00:08 127] isr_local  469  item_count:1  
[2023/09/06 16:00:08 127] isr_local  293  nil  
[2023/09/06 16:00:08 128] isr_local  675  recognized end!  
[2023/09/06 16:00:08 132] isr_local  2140 ASR_LOCAL_MSG_SSE  
[2023/09/06 16:00:08 133] isr_local  1518 esr_session_end | esr_obj:stop ret =  0  
[2023/09/06 16:00:08 134] isr_local  2142 esr_session_end, ret =  0  
[2023/09/06 16:00:08 150] isr_local  2265 last gc at  1693987204  
[2023/09/06 16:00:08 162] isr_local  2182 SYS_MSG_SHUTDOWN_LOCAL  
[2023/09/06 16:00:08 273] isr_local  2265 last gc at  1693987204  
============================================================
Time  2023/09/06 16:00:08 886 
============================================================
[2023/09/06 16:00:08 886] isr_local  2168 os_type is:  Linux  
[2023/09/06 16:00:08 886] isr_local  2177 SYS_MSG_LOAD_LOCAL  
[2023/09/06 16:00:08 886] isr_local  2265 last gc at  1693987208  
[2023/09/06 16:00:08 886] isr_local  2206 SYS_MSG_REGCB_LOCAL| param0 =  msp_status_cb  
[2023/09/06 16:00:08 887] isr_local  2265 last gc at  1693987208  
[2023/09/06 16:00:08 887] isr_local  2206 SYS_MSG_REGCB_LOCAL| param0 =  local_service_cbmsg  
[2023/09/06 16:00:08 887] isr_local  2265 last gc at  1693987208  
[2023/09/06 16:00:08 887] isr_local  2114 ASR_LOCAL_MSG_SSB  
[2023/09/06 16:00:08 888] isr_local  1251 esr_session_begin | params:  engine_type=local,asr_res_path=fo|res/asr/common.jet,sample_rate=16000,grm_build_path=res/asr/GrmBuilld,local_grammar=call,result_type=xml,result_encoding=UTF-8  
[2023/09/06 16:00:08 888] isr_local  803  engine_type  :  local  
[2023/09/06 16:00:08 888] isr_local  803  asr_res_path  :  fo|res/asr/common.jet  
[2023/09/06 16:00:08 888] isr_local  803  sample_rate  :  16000  
[2023/09/06 16:00:08 888] isr_local  803  grm_build_path  :  res/asr/GrmBuilld  
[2023/09/06 16:00:08 888] isr_local  803  local_grammar  :  call  
[2023/09/06 16:00:08 888] isr_local  803  result_type  :  xml  
[2023/09/06 16:00:08 888] isr_local  803  result_encoding  :  UTF-8  
[2023/09/06 16:00:08 889] isr_local  1280 init aitalk in ssb  
[2023/09/06 16:00:08 889] isr_local  1162 esr_init | params:  engine_type=local,asr_res_path=fo|res/asr/common.jet,sample_rate=16000,grm_build_path=res/asr/GrmBuilld,local_grammar=call,result_type=xml,result_encoding=UTF-8  
[2023/09/06 16:00:08 889] isr_local  803  engine_type  :  local  
[2023/09/06 16:00:08 889] isr_local  803  asr_res_path  :  fo|res/asr/common.jet  
[2023/09/06 16:00:08 889] isr_local  803  sample_rate  :  16000  
[2023/09/06 16:00:08 889] isr_local  803  grm_build_path  :  res/asr/GrmBuilld  
[2023/09/06 16:00:08 889] isr_local  803  local_grammar  :  call  
[2023/09/06 16:00:08 889] isr_local  803  result_type  :  xml  
[2023/09/06 16:00:08 889] isr_local  803  result_encoding  :  UTF-8  
[2023/09/06 16:00:08 889] isr_local  1083  lucEsr.new   
[2023/09/06 16:00:08 890] isr_local  1000 file count =   1  
[2023/09/06 16:00:08 890] isr_local  923  file open type is:   fo  
[2023/09/06 16:00:08 890] isr_local  956  res/asr/common.jet  0  0  
[2023/09/06 16:00:08 890] isr_local  1018 speech_plus_setting  0  
[2023/09/06 16:00:08 890] isr_local  1031 2  nil  res/asr/common.jet  0  0  
[2023/09/06 16:00:08 891] isr_local  1033 res_ver  2  
[2023/09/06 16:00:08 891] isr_local  1034 res 5  62dd61c88201165be2937d82ec3543bf  
[2023/09/06 16:00:08 891] isr_local  1035 res_new_old_mark  v5pp  
[2023/09/06 16:00:08 891] isr_local  1036 res_usr_name  ""  
[2023/09/06 16:00:08 891] isr_local  1037 res_expires    
[2023/09/06 16:00:08 891] isr_local  1038 err  0  
[2023/09/06 16:00:08 891] isr_local  1054 lgi appid 5  62dd61c88201165be2937d82ec3543bf  
[2023/09/06 16:00:08 891] isr_local  1065 res_expires is null  
[2023/09/06 16:00:08 892] auth       74   aitalk  app  nil  nil  {"aitalk":{"ver":"2","bus":{"forbid":"0","nlimit":2020}}}  
[2023/09/06 16:00:08 892] auth       312  nil  
[2023/09/06 16:00:08 914] isr_local  1294 authorized_aitalk=  nil  
[2023/09/06 16:00:08 914] isr_local  1295 forbid_aitalk=  0  
[2023/09/06 16:00:08 914] auth       570  aitalk  table(800643b0) nil  nil  appid = 5e7d9f3e  
[2023/09/06 16:00:08 915] auth       579  app  nil  nil  nil  
[2023/09/06 16:00:08 915] auth       636  ath rquest  {"authorize":[{"busin":"aitalk","ver":"2.1.1"}]}  
[2023/09/06 16:00:08 918] transport  642  paramkvsport is   nil  
[2023/09/06 16:00:08 918] transport  654  ns_enable=  1  
[2023/09/06 16:00:08 918] transport  656  2017-08--24 is_ns_need_close =   nil  
[2023/09/06 16:00:08 918] transport  662  net.nettype=  standard  
[2023/09/06 16:00:08 918] transport  672  url.full=  nil  
[2023/09/06 16:00:08 918] transport  673  urltmp=  nil  
[2023/09/06 16:00:08 918] transport  677  server_url_host=, server_url_port=, server_url_path=  open.xf-yun.com  nil  /msp.do  
[2023/09/06 16:00:08 919] transport  705  url.full=  nil  
[2023/09/06 16:00:08 919] transport  890  switch 80  
[2023/09/06 16:00:08 919] transport  902  net type:  standard  
[2023/09/06 16:00:08 919] transport  903  net operator:  def  
[2023/09/06 16:00:08 919] transport  904  use proxy:  false  
[2023/09/06 16:00:08 919] auth       691  not login!  
[2023/09/06 16:00:08 919] auth       528  [session] send auth request  
[2023/09/06 16:00:08 919] transport  1102 session.domain=  open.xf-yun.com  
[2023/09/06 16:00:08 919] transport  1103 url.host=  open.xf-yun.com  
[2023/09/06 16:00:08 919] transport  1080 NAMESERVER START  
[2023/09/06 16:00:08 920] transport  1083 name =   ath  
[2023/09/06 16:00:08 920] ns         629  ntt=  standard  
[2023/09/06 16:00:08 920] transport  1086 trans,ns_inprog =  0  
[2023/09/06 16:00:08 920] ns         585  name server start  
[2023/09/06 16:00:08 920] ns         586  ns_sub =   ath  
[2023/09/06 16:00:08 920] ns         588  ns_host=  open.xf-yun.com  
[2023/09/06 16:00:08 920] ns         479  ns_host=  open.xf-yun.com  
[2023/09/06 16:00:08 920] ns         558  GET /sip/resolver?srand=0906160011.32 HTTP/1.1
Host: hdns.openspeech.cn
Connection: Keep-Alive
X-Par: ver=1.3&appid=5e7d9f3e&operator=UNKNOW&nettype=STANDARD&cver=5.0.38.1195&svc=ath&host=open.xf-yun.com&sign=6190c7a9d940073db4fb67b95a9ed10a
User-Agent: iFLYCloud

  
[2023/09/06 16:00:08 920] ns         559  net_type =  standard  
[2023/09/06 16:00:08 921] ns         560  cmwapascmnet =  
[2023/09/06 16:00:08 921] ns         561  uniwapasuninet =  
[2023/09/06 16:00:08 921] ns         562  ctwapasctnet =  
[2023/09/06 16:00:08 921] ns         579  host=  hdns.openspeech.cn  
[2023/09/06 16:00:08 921] network    263  gethostbyname  hdns.openspeech.cn  ns1  
[2023/09/06 16:00:08 924] auth       535  0  
[2023/09/06 16:00:08 924] auth       498  lver:  nil  
[2023/09/06 16:00:08 924] auth       503  cfg_ver:  nil  
[2023/09/06 16:00:08 924] transport  1849 transport_obj.send | in  
[2023/09/06 16:00:08 924] transport  1855 self.msg_flag_q  table(80072710) 
[2023/09/06 16:00:08 925] transport  1856 self.msg_q  table(80001a20) 
[2023/09/06 16:00:08 925] transport  1788 transport_obj.try2send | in  
[2023/09/06 16:00:08 925] transport  1789 self.soc  nil  
[2023/09/06 16:00:08 925] transport  1790 self.connected  false  
[2023/09/06 16:00:08 925] transport  1791 self.latesterr  0  
[2023/09/06 16:00:08 925] transport  1862 transport_obj.send | out  
[2023/09/06 16:00:08 925] isr_local  2038 commit path:   res/asr/GrmBuilld/temp/commit  
[2023/09/06 16:00:08 939] isr_local  2076 commit success!  
[2023/09/06 16:00:08 943] isr_local  1409 esr_session_begin | esr_obj:start ret =  0  
[2023/09/06 16:00:08 943] isr_local  2122 esr_session_begin, ret =   0  
[2023/09/06 16:00:08 943] isr_local  2265 last gc at  1693987208  
[2023/09/06 16:00:09 041] isr_local  655  local engine ready  
[2023/09/06 16:00:09 041] isr_local  585  esr_flush_buf_audio buffer audio num:  0  
[2023/09/06 16:00:09 041] isr_local  630  local engine started  
[2023/09/06 16:00:09 076] isr_local  2126 ASR_LOCAL_MSG_AUW  
[2023/09/06 16:00:09 076] isr_local  1558 auwl =   3200  
[2023/09/06 16:00:09 076] isr_local  2135 esr_audio_write, ret =  nil  
[2023/09/06 16:00:09 076] isr_local  2265 last gc at  1693987208  
[2023/09/06 16:00:09 175] isr_local  2126 ASR_LOCAL_MSG_AUW  
[2023/09/06 16:00:09 175] isr_local  1558 auwl =   3200  
[2023/09/06 16:00:09 175] isr_local  2135 esr_audio_write, ret =  nil  
[2023/09/06 16:00:09 176] isr_local  2265 last gc at  1693987208  
[2023/09/06 16:00:09 288] isr_local  2126 ASR_LOCAL_MSG_AUW  
[2023/09/06 16:00:09 289] isr_local  1558 auwl =   3200  
[2023/09/06 16:00:09 289] isr_local  2135 esr_audio_write, ret =  nil  
[2023/09/06 16:00:09 290] isr_local  2265 last gc at  1693987208  
[2023/09/06 16:00:09 384] isr_local  2126 ASR_LOCAL_MSG_AUW  
[2023/09/06 16:00:09 384] isr_local  1558 auwl =   3200  
[2023/09/06 16:00:09 384] isr_local  2135 esr_audio_write, ret =  nil  
[2023/09/06 16:00:09 384] isr_local  2265 last gc at  1693987208  
[2023/09/06 16:00:09 475] isr_local  2126 ASR_LOCAL_MSG_AUW  
[2023/09/06 16:00:09 475] isr_local  1558 auwl =   3200  
[2023/09/06 16:00:09 475] isr_local  2135 esr_audio_write, ret =  nil  
[2023/09/06 16:00:09 475] isr_local  2265 last gc at  1693987208  
[2023/09/06 16:00:09 582] isr_local  2126 ASR_LOCAL_MSG_AUW  
[2023/09/06 16:00:09 583] isr_local  1558 auwl =   3200  
[2023/09/06 16:00:09 584] isr_local  2135 esr_audio_write, ret =  nil  
[2023/09/06 16:00:09 584] isr_local  2265 last gc at  1693987208  
[2023/09/06 16:00:09 683] isr_local  2126 ASR_LOCAL_MSG_AUW  
[2023/09/06 16:00:09 683] isr_local  1558 auwl =   3200  
[2023/09/06 16:00:09 684] isr_local  2135 esr_audio_write, ret =  nil  
[2023/09/06 16:00:09 684] isr_local  2265 last gc at  1693987208  
[2023/09/06 16:00:09 783] isr_local  2126 ASR_LOCAL_MSG_AUW  
[2023/09/06 16:00:09 784] isr_local  1558 auwl =   3200  
[2023/09/06 16:00:09 784] isr_local  2135 esr_audio_write, ret =  nil  
[2023/09/06 16:00:09 785] isr_local  2265 last gc at  1693987208  
[2023/09/06 16:00:09 882] isr_local  2126 ASR_LOCAL_MSG_AUW  
[2023/09/06 16:00:09 883] isr_local  1558 auwl =   3200  
[2023/09/06 16:00:09 884] isr_local  2135 esr_audio_write, ret =  nil  
[2023/09/06 16:00:09 884] isr_local  2265 last gc at  1693987208  
[2023/09/06 16:00:09 982] isr_local  2126 ASR_LOCAL_MSG_AUW  
[2023/09/06 16:00:09 983] isr_local  1558 auwl =   3200  
[2023/09/06 16:00:09 984] isr_local  2135 esr_audio_write, ret =  nil  
[2023/09/06 16:00:09 984] isr_local  2265 last gc at  1693987208  
[2023/09/06 16:00:10 082] isr_local  2126 ASR_LOCAL_MSG_AUW  
[2023/09/06 16:00:10 083] isr_local  1558 auwl =   3200  
[2023/09/06 16:00:10 083] isr_local  2135 esr_audio_write, ret =  nil  
[2023/09/06 16:00:10 084] isr_local  2265 last gc at  1693987208  
[2023/09/06 16:00:10 182] isr_local  2126 ASR_LOCAL_MSG_AUW  
[2023/09/06 16:00:10 183] isr_local  1558 auwl =   3200  
[2023/09/06 16:00:10 184] isr_local  2135 esr_audio_write, ret =  nil  
[2023/09/06 16:00:10 184] isr_local  2265 last gc at  1693987208  
[2023/09/06 16:00:10 282] isr_local  2126 ASR_LOCAL_MSG_AUW  
[2023/09/06 16:00:10 283] isr_local  1558 auwl =   3200  
[2023/09/06 16:00:10 283] isr_local  2135 esr_audio_write, ret =  nil  
[2023/09/06 16:00:10 284] isr_local  2265 last gc at  1693987208  
[2023/09/06 16:00:10 372] isr_local  2126 ASR_LOCAL_MSG_AUW  
[2023/09/06 16:00:10 372] isr_local  1558 auwl =   3200  
[2023/09/06 16:00:10 372] isr_local  2135 esr_audio_write, ret =  nil  
[2023/09/06 16:00:10 372] isr_local  2265 last gc at  1693987208  
[2023/09/06 16:00:10 476] isr_local  2126 ASR_LOCAL_MSG_AUW  
[2023/09/06 16:00:10 476] isr_local  1558 auwl =   3200  
[2023/09/06 16:00:10 476] isr_local  2135 esr_audio_write, ret =  nil  
[2023/09/06 16:00:10 476] isr_local  2265 last gc at  1693987208  
[2023/09/06 16:00:10 572] isr_local  2126 ASR_LOCAL_MSG_AUW  
[2023/09/06 16:00:10 572] isr_local  1558 auwl =   3200  
[2023/09/06 16:00:10 573] isr_local  2135 esr_audio_write, ret =  nil  
[2023/09/06 16:00:10 573] isr_local  2265 last gc at  1693987208  
[2023/09/06 16:00:10 672] isr_local  2126 ASR_LOCAL_MSG_AUW  
[2023/09/06 16:00:10 672] isr_local  1558 auwl =   3200  
[2023/09/06 16:00:10 672] isr_local  2135 esr_audio_write, ret =  nil  
[2023/09/06 16:00:10 672] isr_local  2265 last gc at  1693987208  
[2023/09/06 16:00:10 774] isr_local  2126 ASR_LOCAL_MSG_AUW  
[2023/09/06 16:00:10 774] isr_local  1558 auwl =   3200  
[2023/09/06 16:00:10 774] isr_local  2135 esr_audio_write, ret =  nil  
[2023/09/06 16:00:10 774] isr_local  2265 last gc at  1693987208  
[2023/09/06 16:00:10 872] isr_local  2126 ASR_LOCAL_MSG_AUW  
[2023/09/06 16:00:10 872] isr_local  1558 auwl =   3200  
[2023/09/06 16:00:10 872] isr_local  2135 esr_audio_write, ret =  nil  
[2023/09/06 16:00:10 872] isr_local  2265 last gc at  1693987208  
[2023/09/06 16:00:10 972] isr_local  2126 ASR_LOCAL_MSG_AUW  
[2023/09/06 16:00:10 972] isr_local  1558 auwl =   3200  
[2023/09/06 16:00:10 972] isr_local  2135 esr_audio_write, ret =  nil  
[2023/09/06 16:00:10 972] isr_local  2265 last gc at  1693987208  
[2023/09/06 16:00:11 074] isr_local  2126 ASR_LOCAL_MSG_AUW  
[2023/09/06 16:00:11 074] isr_local  1558 auwl =   3200  
[2023/09/06 16:00:11 075] isr_local  2135 esr_audio_write, ret =  nil  
[2023/09/06 16:00:11 075] isr_local  2265 last gc at  1693987208  
[2023/09/06 16:00:11 172] isr_local  2126 ASR_LOCAL_MSG_AUW  
[2023/09/06 16:00:11 172] isr_local  1558 auwl =   3200  
[2023/09/06 16:00:11 172] isr_local  2135 esr_audio_write, ret =  nil  
[2023/09/06 16:00:11 172] isr_local  2265 last gc at  1693987208  
[2023/09/06 16:00:11 272] isr_local  2126 ASR_LOCAL_MSG_AUW  
[2023/09/06 16:00:11 272] isr_local  1558 auwl =   3200  
[2023/09/06 16:00:11 272] isr_local  2135 esr_audio_write, ret =  nil  
[2023/09/06 16:00:11 272] isr_local  2265 last gc at  1693987208  
[2023/09/06 16:00:11 372] isr_local  2126 ASR_LOCAL_MSG_AUW  
[2023/09/06 16:00:11 372] isr_local  1558 auwl =   3200  
[2023/09/06 16:00:11 372] isr_local  2135 esr_audio_write, ret =  nil  
[2023/09/06 16:00:11 372] isr_local  2265 last gc at  1693987208  
[2023/09/06 16:00:11 472] isr_local  2126 ASR_LOCAL_MSG_AUW  
[2023/09/06 16:00:11 472] isr_local  1558 auwl =   3200  
[2023/09/06 16:00:11 472] isr_local  2135 esr_audio_write, ret =  nil  
[2023/09/06 16:00:11 472] isr_local  2265 last gc at  1693987208  
[2023/09/06 16:00:11 586] isr_local  2126 ASR_LOCAL_MSG_AUW  
[2023/09/06 16:00:11 587] isr_local  1558 auwl =   3200  
[2023/09/06 16:00:11 587] isr_local  2135 esr_audio_write, ret =  nil  
[2023/09/06 16:00:11 588] isr_local  2265 last gc at  1693987208  
[2023/09/06 16:00:11 673] isr_local  2126 ASR_LOCAL_MSG_AUW  
[2023/09/06 16:00:11 673] isr_local  1558 auwl =   3200  
[2023/09/06 16:00:11 673] isr_local  2135 esr_audio_write, ret =  nil  
[2023/09/06 16:00:11 673] isr_local  2265 last gc at  1693987208  
[2023/09/06 16:00:11 772] isr_local  2126 ASR_LOCAL_MSG_AUW  
[2023/09/06 16:00:11 772] isr_local  1558 auwl =   3200  
[2023/09/06 16:00:11 772] isr_local  2135 esr_audio_write, ret =  nil  
[2023/09/06 16:00:11 772] isr_local  2265 last gc at  1693987208  
[2023/09/06 16:00:11 869] isr_local  2126 ASR_LOCAL_MSG_AUW  
[2023/09/06 16:00:11 869] isr_local  1558 auwl =   2880  
[2023/09/06 16:00:11 870] isr_local  2135 esr_audio_write, ret =  nil  
[2023/09/06 16:00:11 870] isr_local  2265 last gc at  1693987208  
[2023/09/06 16:00:11 924] network    231  dns timeout!  ns1  
[2023/09/06 16:00:11 924] ns         457  ns dns failed, err =   10114  
[2023/09/06 16:00:11 925] network    445  gethttpresp2  117.121.48.5  80  ns2  
[2023/09/06 16:00:11 926] network    465  prot_type  tcp  
[2023/09/06 16:00:11 928] transport  306  [dns] [1] timeout!   
[2023/09/06 16:00:11 928] transport  74   dns_failed  
[2023/09/06 16:00:11 928] network    90   ipfromenv ,  ipcache  open.xf-yun.com  def  nil  
[2023/09/06 16:00:11 928] network    90   ipfromenv ,  ipcfg  open.xf-yun.com  def  nil  
[2023/09/06 16:00:11 928] transport  1298 [soc] connect   116.213.69.195  80  
[2023/09/06 16:00:11 928] transport  1310 mspsoc.open,prot_type=  tcp  
[2023/09/06 16:00:11 981] isr_local  669  final result will throw out next!  
[2023/09/06 16:00:11 981] isr_local  679  nRecognizeState:  1  
[2023/09/06 16:00:11 981] isr_local  680  nConfidenceScore:  89  
[2023/09/06 16:00:11 981] isr_local  728  result_type :   xml  
[2023/09/06 16:00:11 981] isr_local  729  result_encoding :   UTF-8  
[2023/09/06 16:00:11 981] isr_local  730  is iat :   false  
[2023/09/06 16:00:11 982] isr_local  469  item_count:1  
[2023/09/06 16:00:11 982] isr_local  469  item_count:1  
[2023/09/06 16:00:11 982] isr_local  293  nil  
[2023/09/06 16:00:11 982] isr_local  675  recognized end!  
[2023/09/06 16:00:11 985] isr_local  2140 ASR_LOCAL_MSG_SSE  
[2023/09/06 16:00:11 985] isr_local  1518 esr_session_end | esr_obj:stop ret =  0  
[2023/09/06 16:00:11 985] isr_local  2142 esr_session_end, ret =  0  
[2023/09/06 16:00:11 989] isr_local  2265 last gc at  1693987208  
[2023/09/06 16:00:12 034] isr_local  2182 SYS_MSG_SHUTDOWN_LOCAL  
[2023/09/06 16:00:12 095] isr_local  2265 last gc at  1693987208  
============================================================
Time  2023/09/06 16:00:12 767 
============================================================
[2023/09/06 16:00:12 767] isr_local  2168 os_type is:  Linux  
[2023/09/06 16:00:12 767] isr_local  2177 SYS_MSG_LOAD_LOCAL  
[2023/09/06 16:00:12 767] isr_local  2265 last gc at  1693987212  
[2023/09/06 16:00:12 768] isr_local  2206 SYS_MSG_REGCB_LOCAL| param0 =  msp_status_cb  
[2023/09/06 16:00:12 768] isr_local  2265 last gc at  1693987212  
[2023/09/06 16:00:12 768] isr_local  2206 SYS_MSG_REGCB_LOCAL| param0 =  local_service_cbmsg  
[2023/09/06 16:00:12 768] isr_local  2265 last gc at  1693987212  
[2023/09/06 16:00:12 769] isr_local  2114 ASR_LOCAL_MSG_SSB  
[2023/09/06 16:00:12 769] isr_local  1251 esr_session_begin | params:  engine_type=local,asr_res_path=fo|res/asr/common.jet,sample_rate=16000,grm_build_path=res/asr/GrmBuilld,local_grammar=call,result_type=xml,result_encoding=UTF-8  
[2023/09/06 16:00:12 769] isr_local  803  engine_type  :  local  
[2023/09/06 16:00:12 769] isr_local  803  asr_res_path  :  fo|res/asr/common.jet  
[2023/09/06 16:00:12 769] isr_local  803  sample_rate  :  16000  
[2023/09/06 16:00:12 769] isr_local  803  grm_build_path  :  res/asr/GrmBuilld  
[2023/09/06 16:00:12 769] isr_local  803  local_grammar  :  call  
[2023/09/06 16:00:12 769] isr_local  803  result_type  :  xml  
[2023/09/06 16:00:12 770] isr_local  803  result_encoding  :  UTF-8  
[2023/09/06 16:00:12 770] isr_local  1280 init aitalk in ssb  
[2023/09/06 16:00:12 770] isr_local  1162 esr_init | params:  engine_type=local,asr_res_path=fo|res/asr/common.jet,sample_rate=16000,grm_build_path=res/asr/GrmBuilld,local_grammar=call,result_type=xml,result_encoding=UTF-8  
[2023/09/06 16:00:12 770] isr_local  803  engine_type  :  local  
[2023/09/06 16:00:12 770] isr_local  803  asr_res_path  :  fo|res/asr/common.jet  
[2023/09/06 16:00:12 770] isr_local  803  sample_rate  :  16000  
[2023/09/06 16:00:12 770] isr_local  803  grm_build_path  :  res/asr/GrmBuilld  
[2023/09/06 16:00:12 770] isr_local  803  local_grammar  :  call  
[2023/09/06 16:00:12 770] isr_local  803  result_type  :  xml  
[2023/09/06 16:00:12 771] isr_local  803  result_encoding  :  UTF-8  
[2023/09/06 16:00:12 771] isr_local  1083  lucEsr.new   
[2023/09/06 16:00:12 771] isr_local  1000 file count =   1  
[2023/09/06 16:00:12 771] isr_local  923  file open type is:   fo  
[2023/09/06 16:00:12 771] isr_local  956  res/asr/common.jet  0  0  
[2023/09/06 16:00:12 771] isr_local  1018 speech_plus_setting  0  
[2023/09/06 16:00:12 771] isr_local  1031 2  nil  res/asr/common.jet  0  0  
[2023/09/06 16:00:12 772] isr_local  1033 res_ver  2  
[2023/09/06 16:00:12 772] isr_local  1034 res 5  62dd61c88201165be2937d82ec3543bf  
[2023/09/06 16:00:12 772] isr_local  1035 res_new_old_mark  v5pp  
[2023/09/06 16:00:12 772] isr_local  1036 res_usr_name  ""  
[2023/09/06 16:00:12 772] isr_local  1037 res_expires    
[2023/09/06 16:00:12 772] isr_local  1038 err  0  
[2023/09/06 16:00:12 772] isr_local  1054 lgi appid 5  62dd61c88201165be2937d82ec3543bf  
[2023/09/06 16:00:12 772] isr_local  1065 res_expires is null  
[2023/09/06 16:00:12 773] auth       74   aitalk  app  nil  nil  {"aitalk":{"ver":"2","bus":{"forbid":"0","nlimit":2020}}}  
[2023/09/06 16:00:12 773] auth       312  nil  
[2023/09/06 16:00:12 795] isr_local  1294 authorized_aitalk=  nil  
[2023/09/06 16:00:12 796] isr_local  1295 forbid_aitalk=  0  
[2023/09/06 16:00:12 796] auth       570  aitalk  table(88063f90) nil  nil  appid = 5e7d9f3e  
[2023/09/06 16:00:12 796] auth       579  app  nil  nil  nil  
[2023/09/06 16:00:12 797] auth       636  ath rquest  {"authorize":[{"busin":"aitalk","ver":"2.1.1"}]}  
[2023/09/06 16:00:12 800] transport  642  paramkvsport is   nil  
[2023/09/06 16:00:12 800] transport  654  ns_enable=  1  
[2023/09/06 16:00:12 801] transport  656  2017-08--24 is_ns_need_close =   nil  
[2023/09/06 16:00:12 801] transport  662  net.nettype=  standard  
[2023/09/06 16:00:12 801] transport  672  url.full=  nil  
[2023/09/06 16:00:12 801] transport  673  urltmp=  nil  
[2023/09/06 16:00:12 802] transport  677  server_url_host=, server_url_port=, server_url_path=  open.xf-yun.com  nil  /msp.do  
[2023/09/06 16:00:12 802] transport  705  url.full=  nil  
[2023/09/06 16:00:12 802] transport  890  switch 80  
[2023/09/06 16:00:12 802] transport  902  net type:  standard  
[2023/09/06 16:00:12 802] transport  903  net operator:  def  
[2023/09/06 16:00:12 803] transport  904  use proxy:  false  
[2023/09/06 16:00:12 803] auth       691  not login!  
[2023/09/06 16:00:12 803] auth       528  [session] send auth request  
[2023/09/06 16:00:12 804] transport  1102 session.domain=  open.xf-yun.com  
[2023/09/06 16:00:12 804] transport  1103 url.host=  open.xf-yun.com  
[2023/09/06 16:00:12 804] transport  1080 NAMESERVER START  
[2023/09/06 16:00:12 804] transport  1083 name =   ath  
[2023/09/06 16:00:12 804] ns         629  ntt=  standard  
[2023/09/06 16:00:12 805] transport  1086 trans,ns_inprog =  0  
[2023/09/06 16:00:12 805] ns         585  name server start  
[2023/09/06 16:00:12 805] ns         586  ns_sub =   ath  
[2023/09/06 16:00:12 805] ns         588  ns_host=  open.xf-yun.com  
[2023/09/06 16:00:12 806] ns         479  ns_host=  open.xf-yun.com  
[2023/09/06 16:00:12 806] ns         558  GET /sip/resolver?srand=0906160011.32 HTTP/1.1
Host: hdns.openspeech.cn
Connection: Keep-Alive
X-Par: ver=1.3&appid=5e7d9f3e&operator=UNKNOW&nettype=STANDARD&cver=5.0.38.1195&svc=ath&host=open.xf-yun.com&sign=6190c7a9d940073db4fb67b95a9ed10a
User-Agent: iFLYCloud

  
[2023/09/06 16:00:12 806] ns         559  net_type =  standard  
[2023/09/06 16:00:12 807] ns         560  cmwapascmnet =  
[2023/09/06 16:00:12 807] ns         561  uniwapasuninet =  
[2023/09/06 16:00:12 807] ns         562  ctwapasctnet =  
[2023/09/06 16:00:12 807] ns         579  host=  hdns.openspeech.cn  
[2023/09/06 16:00:12 808] network    263  gethostbyname  hdns.openspeech.cn  ns1  
[2023/09/06 16:00:12 809] auth       535  0  
[2023/09/06 16:00:12 810] auth       498  lver:  nil  
[2023/09/06 16:00:12 810] auth       503  cfg_ver:  nil  
[2023/09/06 16:00:12 811] transport  1849 transport_obj.send | in  
[2023/09/06 16:00:12 811] transport  1855 self.msg_flag_q  table(88081c50) 
[2023/09/06 16:00:12 811] transport  1856 self.msg_q  table(8807cc10) 
[2023/09/06 16:00:12 811] transport  1788 transport_obj.try2send | in  
[2023/09/06 16:00:12 811] transport  1789 self.soc  nil  
[2023/09/06 16:00:12 812] transport  1790 self.connected  false  
[2023/09/06 16:00:12 812] transport  1791 self.latesterr  0  
[2023/09/06 16:00:12 812] transport  1862 transport_obj.send | out  
[2023/09/06 16:00:12 813] isr_local  2038 commit path:   res/asr/GrmBuilld/temp/commit  
[2023/09/06 16:00:12 829] isr_local  2076 commit success!  
[2023/09/06 16:00:12 832] isr_local  1409 esr_session_begin | esr_obj:start ret =  0  
[2023/09/06 16:00:12 833] isr_local  2122 esr_session_begin, ret =   0  
[2023/09/06 16:00:12 833] isr_local  2265 last gc at  1693987212  
[2023/09/06 16:00:12 931] isr_local  655  local engine ready  
[2023/09/06 16:00:12 941] isr_local  585  esr_flush_buf_audio buffer audio num:  0  
[2023/09/06 16:00:12 942] isr_local  630  local engine started  
[2023/09/06 16:00:12 974] isr_local  2126 ASR_LOCAL_MSG_AUW  
[2023/09/06 16:00:12 974] isr_local  1558 auwl =   3200  
[2023/09/06 16:00:12 974] isr_local  2135 esr_audio_write, ret =  nil  
[2023/09/06 16:00:12 974] isr_local  2265 last gc at  1693987212  
[2023/09/06 16:00:13 069] isr_local  2126 ASR_LOCAL_MSG_AUW  
[2023/09/06 16:00:13 069] isr_local  1558 auwl =   3200  
[2023/09/06 16:00:13 069] isr_local  2135 esr_audio_write, ret =  nil  
[2023/09/06 16:00:13 069] isr_local  2265 last gc at  1693987212  
[2023/09/06 16:00:13 180] isr_local  2126 ASR_LOCAL_MSG_AUW  
[2023/09/06 16:00:13 181] isr_local  1558 auwl =   3200  
[2023/09/06 16:00:13 181] isr_local  2135 esr_audio_write, ret =  nil  
[2023/09/06 16:00:13 182] isr_local  2265 last gc at  1693987212  
[2023/09/06 16:00:13 281] isr_local  2126 ASR_LOCAL_MSG_AUW  
[2023/09/06 16:00:13 281] isr_local  1558 auwl =   3200  
[2023/09/06 16:00:13 282] isr_local  2135 esr_audio_write, ret =  nil  
[2023/09/06 16:00:13 282] isr_local  2265 last gc at  1693987212  
[2023/09/06 16:00:13 376] isr_local  2126 ASR_LOCAL_MSG_AUW  
[2023/09/06 16:00:13 376] isr_local  1558 auwl =   3200  
[2023/09/06 16:00:13 377] isr_local  2135 esr_audio_write, ret =  nil  
[2023/09/06 16:00:13 377] isr_local  2265 last gc at  1693987212  
[2023/09/06 16:00:13 475] isr_local  2126 ASR_LOCAL_MSG_AUW  
[2023/09/06 16:00:13 476] isr_local  1558 auwl =   3200  
[2023/09/06 16:00:13 477] isr_local  2135 esr_audio_write, ret =  nil  
[2023/09/06 16:00:13 477] isr_local  2265 last gc at  1693987212  
[2023/09/06 16:00:13 575] isr_local  2126 ASR_LOCAL_MSG_AUW  
[2023/09/06 16:00:13 576] isr_local  1558 auwl =   3200  
[2023/09/06 16:00:13 576] isr_local  2135 esr_audio_write, ret =  nil  
[2023/09/06 16:00:13 577] isr_local  2265 last gc at  1693987212  
[2023/09/06 16:00:13 665] isr_local  2126 ASR_LOCAL_MSG_AUW  
[2023/09/06 16:00:13 665] isr_local  1558 auwl =   3200  
[2023/09/06 16:00:13 665] isr_local  2135 esr_audio_write, ret =  nil  
[2023/09/06 16:00:13 665] isr_local  2265 last gc at  1693987212  
[2023/09/06 16:00:13 776] isr_local  2126 ASR_LOCAL_MSG_AUW  
[2023/09/06 16:00:13 776] isr_local  1558 auwl =   3200  
[2023/09/06 16:00:13 776] isr_local  2135 esr_audio_write, ret =  nil  
[2023/09/06 16:00:13 776] isr_local  2265 last gc at  1693987212  
[2023/09/06 16:00:13 865] isr_local  2126 ASR_LOCAL_MSG_AUW  
[2023/09/06 16:00:13 865] isr_local  1558 auwl =   3200  
[2023/09/06 16:00:13 865] isr_local  2135 esr_audio_write, ret =  nil  
[2023/09/06 16:00:13 865] isr_local  2265 last gc at  1693987212  
[2023/09/06 16:00:13 965] isr_local  2126 ASR_LOCAL_MSG_AUW  
[2023/09/06 16:00:13 965] isr_local  1558 auwl =   3200  
[2023/09/06 16:00:13 965] isr_local  2135 esr_audio_write, ret =  nil  
[2023/09/06 16:00:13 965] isr_local  2265 last gc at  1693987212  
[2023/09/06 16:00:14 065] isr_local  2126 ASR_LOCAL_MSG_AUW  
[2023/09/06 16:00:14 065] isr_local  1558 auwl =   3200  
[2023/09/06 16:00:14 065] isr_local  2135 esr_audio_write, ret =  nil  
[2023/09/06 16:00:14 065] isr_local  2265 last gc at  1693987212  
[2023/09/06 16:00:14 165] isr_local  2126 ASR_LOCAL_MSG_AUW  
[2023/09/06 16:00:14 165] isr_local  1558 auwl =   3200  
[2023/09/06 16:00:14 165] isr_local  2135 esr_audio_write, ret =  nil  
[2023/09/06 16:00:14 165] isr_local  2265 last gc at  1693987212  
[2023/09/06 16:00:14 265] isr_local  2126 ASR_LOCAL_MSG_AUW  
[2023/09/06 16:00:14 265] isr_local  1558 auwl =   3200  
[2023/09/06 16:00:14 265] isr_local  2135 esr_audio_write, ret =  nil  
[2023/09/06 16:00:14 265] isr_local  2265 last gc at  1693987212  
[2023/09/06 16:00:14 365] isr_local  2126 ASR_LOCAL_MSG_AUW  
[2023/09/06 16:00:14 365] isr_local  1558 auwl =   3200  
[2023/09/06 16:00:14 365] isr_local  2135 esr_audio_write, ret =  nil  
[2023/09/06 16:00:14 365] isr_local  2265 last gc at  1693987212  
[2023/09/06 16:00:14 465] isr_local  2126 ASR_LOCAL_MSG_AUW  
[2023/09/06 16:00:14 465] isr_local  1558 auwl =   3200  
[2023/09/06 16:00:14 465] isr_local  2135 esr_audio_write, ret =  nil  
[2023/09/06 16:00:14 465] isr_local  2265 last gc at  1693987212  
[2023/09/06 16:00:14 565] isr_local  2126 ASR_LOCAL_MSG_AUW  
[2023/09/06 16:00:14 565] isr_local  1558 auwl =   3200  
[2023/09/06 16:00:14 565] isr_local  2135 esr_audio_write, ret =  nil  
[2023/09/06 16:00:14 565] isr_local  2265 last gc at  1693987212  
[2023/09/06 16:00:14 665] isr_local  2126 ASR_LOCAL_MSG_AUW  
[2023/09/06 16:00:14 665] isr_local  1558 auwl =   3200  
[2023/09/06 16:00:14 665] isr_local  2135 esr_audio_write, ret =  nil  
[2023/09/06 16:00:14 665] isr_local  2265 last gc at  1693987212  
[2023/09/06 16:00:14 765] isr_local  2126 ASR_LOCAL_MSG_AUW  
[2023/09/06 16:00:14 765] isr_local  1558 auwl =   3200  
[2023/09/06 16:00:14 765] isr_local  2135 esr_audio_write, ret =  nil  
[2023/09/06 16:00:14 765] isr_local  2265 last gc at  1693987212  
[2023/09/06 16:00:14 879] isr_local  2126 ASR_LOCAL_MSG_AUW  
[2023/09/06 16:00:14 879] isr_local  1558 auwl =   3200  
[2023/09/06 16:00:14 880] isr_local  2135 esr_audio_write, ret =  nil  
[2023/09/06 16:00:14 881] isr_local  2265 last gc at  1693987212  
[2023/09/06 16:00:14 965] isr_local  2126 ASR_LOCAL_MSG_AUW  
[2023/09/06 16:00:14 965] isr_local  1558 auwl =   3200  
[2023/09/06 16:00:14 965] isr_local  2135 esr_audio_write, ret =  nil  
[2023/09/06 16:00:14 965] isr_local  2265 last gc at  1693987212  
[2023/09/06 16:00:15 065] isr_local  2126 ASR_LOCAL_MSG_AUW  
[2023/09/06 16:00:15 065] isr_local  1558 auwl =   3200  
[2023/09/06 16:00:15 065] isr_local  2135 esr_audio_write, ret =  nil  
[2023/09/06 16:00:15 065] isr_local  2265 last gc at  1693987212  
[2023/09/06 16:00:15 165] isr_local  2126 ASR_LOCAL_MSG_AUW  
[2023/09/06 16:00:15 165] isr_local  1558 auwl =   3200  
[2023/09/06 16:00:15 165] isr_local  2135 esr_audio_write, ret =  nil  
[2023/09/06 16:00:15 165] isr_local  2265 last gc at  1693987212  
[2023/09/06 16:00:15 265] isr_local  2126 ASR_LOCAL_MSG_AUW  
[2023/09/06 16:00:15 265] isr_local  1558 auwl =   3200  
[2023/09/06 16:00:15 265] isr_local  2135 esr_audio_write, ret =  nil  
[2023/09/06 16:00:15 265] isr_local  2265 last gc at  1693987212  
[2023/09/06 16:00:15 365] isr_local  2126 ASR_LOCAL_MSG_AUW  
[2023/09/06 16:00:15 365] isr_local  1558 auwl =   3200  
[2023/09/06 16:00:15 365] isr_local  2135 esr_audio_write, ret =  nil  
[2023/09/06 16:00:15 365] isr_local  2265 last gc at  1693987212  
[2023/09/06 16:00:15 466] isr_local  2126 ASR_LOCAL_MSG_AUW  
[2023/09/06 16:00:15 466] isr_local  1558 auwl =   3200  
[2023/09/06 16:00:15 467] isr_local  2135 esr_audio_write, ret =  nil  
[2023/09/06 16:00:15 467] isr_local  2265 last gc at  1693987212  
[2023/09/06 16:00:15 572] isr_local  2126 ASR_LOCAL_MSG_AUW  
[2023/09/06 16:00:15 572] isr_local  1558 auwl =   3200  
[2023/09/06 16:00:15 572] isr_local  2135 esr_audio_write, ret =  nil  
[2023/09/06 16:00:15 572] isr_local  2265 last gc at  1693987212  
[2023/09/06 16:00:15 665] isr_local  2126 ASR_LOCAL_MSG_AUW  
[2023/09/06 16:00:15 665] isr_local  1558 auwl =   3200  
[2023/09/06 16:00:15 665] isr_local  2135 esr_audio_write, ret =  nil  
[2023/09/06 16:00:15 665] isr_local  2265 last gc at  1693987212  
[2023/09/06 16:00:15 768] isr_local  2126 ASR_LOCAL_MSG_AUW  
[2023/09/06 16:00:15 768] isr_local  1558 auwl =   2880  
[2023/09/06 16:00:15 769] isr_local  2135 esr_audio_write, ret =  nil  
[2023/09/06 16:00:15 769] isr_local  2265 last gc at  1693987212  
[2023/09/06 16:00:15 808] network    231  dns timeout!  ns1  
[2023/09/06 16:00:15 808] ns         457  ns dns failed, err =   10114  
[2023/09/06 16:00:15 808] network    445  gethttpresp2  117.121.48.5  80  ns2  
[2023/09/06 16:00:15 808] network    465  prot_type  tcp  
[2023/09/06 16:00:15 809] transport  306  [dns] [1] timeout!   
[2023/09/06 16:00:15 809] transport  74   dns_failed  
[2023/09/06 16:00:15 809] network    90   ipfromenv ,  ipcache  open.xf-yun.com  def  nil  
[2023/09/06 16:00:15 809] network    90   ipfromenv ,  ipcfg  open.xf-yun.com  def  nil  
[2023/09/06 16:00:15 809] transport  1298 [soc] connect   116.213.69.195  80  
[2023/09/06 16:00:15 809] transport  1310 mspsoc.open,prot_type=  tcp  
[2023/09/06 16:00:15 843] isr_local  669  final result will throw out next!  
[2023/09/06 16:00:15 844] isr_local  679  nRecognizeState:  1  
[2023/09/06 16:00:15 844] isr_local  680  nConfidenceScore:  27  
[2023/09/06 16:00:15 844] isr_local  728  result_type :   xml  
[2023/09/06 16:00:15 844] isr_local  729  result_encoding :   UTF-8  
[2023/09/06 16:00:15 844] isr_local  730  is iat :   false  
[2023/09/06 16:00:15 845] isr_local  469  item_count:1  
[2023/09/06 16:00:15 845] isr_local  469  item_count:1  
[2023/09/06 16:00:15 845] isr_local  293  nil  
[2023/09/06 16:00:15 845] isr_local  675  recognized end!  
[2023/09/06 16:00:15 848] isr_local  2140 ASR_LOCAL_MSG_SSE  
[2023/09/06 16:00:15 848] isr_local  1518 esr_session_end | esr_obj:stop ret =  0  
[2023/09/06 16:00:15 848] isr_local  2142 esr_session_end, ret =  0  
[2023/09/06 16:00:15 855] isr_local  2265 last gc at  1693987212  
[2023/09/06 16:00:15 898] isr_local  2182 SYS_MSG_SHUTDOWN_LOCAL  
[2023/09/06 16:00:15 953] isr_local  2265 last gc at  1693987212  
============================================================
Time  2023/09/06 16:00:16 632 
============================================================
[2023/09/06 16:00:16 632] isr_local  2168 os_type is:  Linux  
[2023/09/06 16:00:16 632] isr_local  2177 SYS_MSG_LOAD_LOCAL  
[2023/09/06 16:00:16 632] isr_local  2265 last gc at  1693987216  
[2023/09/06 16:00:16 633] isr_local  2206 SYS_MSG_REGCB_LOCAL| param0 =  msp_status_cb  
[2023/09/06 16:00:16 633] isr_local  2265 last gc at  1693987216  
[2023/09/06 16:00:16 633] isr_local  2206 SYS_MSG_REGCB_LOCAL| param0 =  local_service_cbmsg  
[2023/09/06 16:00:16 633] isr_local  2265 last gc at  1693987216  
[2023/09/06 16:00:16 634] isr_local  2114 ASR_LOCAL_MSG_SSB  
[2023/09/06 16:00:16 634] isr_local  1251 esr_session_begin | params:  engine_type=local,asr_res_path=fo|res/asr/common.jet,sample_rate=16000,grm_build_path=res/asr/GrmBuilld,local_grammar=call,result_type=xml,result_encoding=UTF-8  
[2023/09/06 16:00:16 634] isr_local  803  engine_type  :  local  
[2023/09/06 16:00:16 634] isr_local  803  asr_res_path  :  fo|res/asr/common.jet  
[2023/09/06 16:00:16 634] isr_local  803  sample_rate  :  16000  
[2023/09/06 16:00:16 635] isr_local  803  grm_build_path  :  res/asr/GrmBuilld  
[2023/09/06 16:00:16 635] isr_local  803  local_grammar  :  call  
[2023/09/06 16:00:16 635] isr_local  803  result_type  :  xml  
[2023/09/06 16:00:16 635] isr_local  803  result_encoding  :  UTF-8  
[2023/09/06 16:00:16 635] isr_local  1280 init aitalk in ssb  
[2023/09/06 16:00:16 635] isr_local  1162 esr_init | params:  engine_type=local,asr_res_path=fo|res/asr/common.jet,sample_rate=16000,grm_build_path=res/asr/GrmBuilld,local_grammar=call,result_type=xml,result_encoding=UTF-8  
[2023/09/06 16:00:16 635] isr_local  803  engine_type  :  local  
[2023/09/06 16:00:16 635] isr_local  803  asr_res_path  :  fo|res/asr/common.jet  
[2023/09/06 16:00:16 636] isr_local  803  sample_rate  :  16000  
[2023/09/06 16:00:16 636] isr_local  803  grm_build_path  :  res/asr/GrmBuilld  
[2023/09/06 16:00:16 636] isr_local  803  local_grammar  :  call  
[2023/09/06 16:00:16 636] isr_local  803  result_type  :  xml  
[2023/09/06 16:00:16 636] isr_local  803  result_encoding  :  UTF-8  
[2023/09/06 16:00:16 636] isr_local  1083  lucEsr.new   
[2023/09/06 16:00:16 637] isr_local  1000 file count =   1  
[2023/09/06 16:00:16 637] isr_local  923  file open type is:   fo  
[2023/09/06 16:00:16 637] isr_local  956  res/asr/common.jet  0  0  
[2023/09/06 16:00:16 637] isr_local  1018 speech_plus_setting  0  
[2023/09/06 16:00:16 637] isr_local  1031 2  nil  res/asr/common.jet  0  0  
[2023/09/06 16:00:16 638] isr_local  1033 res_ver  2  
[2023/09/06 16:00:16 638] isr_local  1034 res 5  62dd61c88201165be2937d82ec3543bf  
[2023/09/06 16:00:16 638] isr_local  1035 res_new_old_mark  v5pp  
[2023/09/06 16:00:16 638] isr_local  1036 res_usr_name  ""  
[2023/09/06 16:00:16 638] isr_local  1037 res_expires    
[2023/09/06 16:00:16 638] isr_local  1038 err  0  
[2023/09/06 16:00:16 638] isr_local  1054 lgi appid 5  62dd61c88201165be2937d82ec3543bf  
[2023/09/06 16:00:16 638] isr_local  1065 res_expires is null  
[2023/09/06 16:00:16 639] auth       74   aitalk  app  nil  nil  {"aitalk":{"ver":"2","bus":{"forbid":"0","nlimit":2020}}}  
[2023/09/06 16:00:16 640] auth       312  nil  
[2023/09/06 16:00:16 666] isr_local  1294 authorized_aitalk=  nil  
[2023/09/06 16:00:16 666] isr_local  1295 forbid_aitalk=  0  
[2023/09/06 16:00:16 666] auth       570  aitalk  table(94063df0) nil  nil  appid = 5e7d9f3e  
[2023/09/06 16:00:16 666] auth       579  app  nil  nil  nil  
[2023/09/06 16:00:16 666] auth       636  ath rquest  {"authorize":[{"ver":"2.1.1","busin":"aitalk"}]}  
[2023/09/06 16:00:16 669] transport  642  paramkvsport is   nil  
[2023/09/06 16:00:16 670] transport  654  ns_enable=  1  
[2023/09/06 16:00:16 670] transport  656  2017-08--24 is_ns_need_close =   nil  
[2023/09/06 16:00:16 670] transport  662  net.nettype=  standard  
[2023/09/06 16:00:16 670] transport  672  url.full=  nil  
[2023/09/06 16:00:16 670] transport  673  urltmp=  nil  
[2023/09/06 16:00:16 670] transport  677  server_url_host=, server_url_port=, server_url_path=  open.xf-yun.com  nil  /msp.do  
[2023/09/06 16:00:16 670] transport  705  url.full=  nil  
[2023/09/06 16:00:16 670] transport  890  switch 80  
[2023/09/06 16:00:16 671] transport  902  net type:  standard  
[2023/09/06 16:00:16 671] transport  903  net operator:  def  
[2023/09/06 16:00:16 671] transport  904  use proxy:  false  
[2023/09/06 16:00:16 671] auth       691  not login!  
[2023/09/06 16:00:16 671] auth       528  [session] send auth request  
[2023/09/06 16:00:16 671] transport  1102 session.domain=  open.xf-yun.com  
[2023/09/06 16:00:16 671] transport  1103 url.host=  open.xf-yun.com  
[2023/09/06 16:00:16 672] transport  1080 NAMESERVER START  
[2023/09/06 16:00:16 672] transport  1083 name =   ath  
[2023/09/06 16:00:16 672] ns         629  ntt=  standard  
[2023/09/06 16:00:16 672] transport  1086 trans,ns_inprog =  0  
[2023/09/06 16:00:16 672] ns         585  name server start  
[2023/09/06 16:00:16 672] ns         586  ns_sub =   ath  
[2023/09/06 16:00:16 672] ns         588  ns_host=  open.xf-yun.com  
[2023/09/06 16:00:16 672] ns         479  ns_host=  open.xf-yun.com  
[2023/09/06 16:00:16 673] ns         558  GET /sip/resolver?srand=0906160011.32 HTTP/1.1
Host: hdns.openspeech.cn
Connection: Keep-Alive
X-Par: ver=1.3&appid=5e7d9f3e&operator=UNKNOW&nettype=STANDARD&cver=5.0.38.1195&svc=ath&host=open.xf-yun.com&sign=6190c7a9d940073db4fb67b95a9ed10a
User-Agent: iFLYCloud

  
[2023/09/06 16:00:16 673] ns         559  net_type =  standard  
[2023/09/06 16:00:16 673] ns         560  cmwapascmnet =  
[2023/09/06 16:00:16 673] ns         561  uniwapasuninet =  
[2023/09/06 16:00:16 673] ns         562  ctwapasctnet =  
[2023/09/06 16:00:16 673] ns         579  host=  hdns.openspeech.cn  
[2023/09/06 16:00:16 674] network    263  gethostbyname  hdns.openspeech.cn  ns1  
[2023/09/06 16:00:16 676] auth       535  0  
[2023/09/06 16:00:16 677] auth       498  lver:  nil  
[2023/09/06 16:00:16 677] auth       503  cfg_ver:  nil  
[2023/09/06 16:00:16 677] transport  1849 transport_obj.send | in  
[2023/09/06 16:00:16 677] transport  1855 self.msg_flag_q  table(940517b0) 
[2023/09/06 16:00:16 677] transport  1856 self.msg_q  table(94029060) 
[2023/09/06 16:00:16 677] transport  1788 transport_obj.try2send | in  
[2023/09/06 16:00:16 678] transport  1789 self.soc  nil  
[2023/09/06 16:00:16 678] transport  1790 self.connected  false  
[2023/09/06 16:00:16 678] transport  1791 self.latesterr  0  
[2023/09/06 16:00:16 678] transport  1862 transport_obj.send | out  
[2023/09/06 16:00:16 678] isr_local  2038 commit path:   res/asr/GrmBuilld/temp/commit  
[2023/09/06 16:00:16 691] isr_local  2076 commit success!  
[2023/09/06 16:00:16 695] isr_local  1409 esr_session_begin | esr_obj:start ret =  0  
[2023/09/06 16:00:16 695] isr_local  2122 esr_session_begin, ret =   0  
[2023/09/06 16:00:16 696] isr_local  2265 last gc at  1693987216  
[2023/09/06 16:00:16 794] isr_local  655  local engine ready  
[2023/09/06 16:00:16 796] isr_local  585  esr_flush_buf_audio buffer audio num:  0  
[2023/09/06 16:00:16 797] isr_local  630  local engine started  
[2023/09/06 16:00:16 822] isr_local  2126 ASR_LOCAL_MSG_AUW  
[2023/09/06 16:00:16 823] isr_local  1558 auwl =   3200  
[2023/09/06 16:00:16 823] isr_local  2135 esr_audio_write, ret =  nil  
[2023/09/06 16:00:16 823] isr_local  2265 last gc at  1693987216  
[2023/09/06 16:00:16 922] isr_local  2126 ASR_LOCAL_MSG_AUW  
[2023/09/06 16:00:16 922] isr_local  1558 auwl =   3200  
[2023/09/06 16:00:16 922] isr_local  2135 esr_audio_write, ret =  nil  
[2023/09/06 16:00:16 922] isr_local  2265 last gc at  1693987216  
[2023/09/06 16:00:17 025] isr_local  2126 ASR_LOCAL_MSG_AUW  
[2023/09/06 16:00:17 026] isr_local  1558 auwl =   3200  
[2023/09/06 16:00:17 027] isr_local  2135 esr_audio_write, ret =  nil  
[2023/09/06 16:00:17 027] isr_local  2265 last gc at  1693987216  
[2023/09/06 16:00:17 124] isr_local  2126 ASR_LOCAL_MSG_AUW  
[2023/09/06 16:00:17 124] isr_local  1558 auwl =   3200  
[2023/09/06 16:00:17 125] isr_local  2135 esr_audio_write, ret =  nil  
[2023/09/06 16:00:17 125] isr_local  2265 last gc at  1693987216  
[2023/09/06 16:00:17 220] isr_local  2126 ASR_LOCAL_MSG_AUW  
[2023/09/06 16:00:17 220] isr_local  1558 auwl =   3200  
[2023/09/06 16:00:17 221] isr_local  2135 esr_audio_write, ret =  nil  
[2023/09/06 16:00:17 221] isr_local  2265 last gc at  1693987216  
[2023/09/06 16:00:17 319] isr_local  2126 ASR_LOCAL_MSG_AUW  
[2023/09/06 16:00:17 320] isr_local  1558 auwl =   3200  
[2023/09/06 16:00:17 320] isr_local  2135 esr_audio_write, ret =  nil  
[2023/09/06 16:00:17 321] isr_local  2265 last gc at  1693987216  
[2023/09/06 16:00:17 420] isr_local  2126 ASR_LOCAL_MSG_AUW  
[2023/09/06 16:00:17 420] isr_local  1558 auwl =   3200  
[2023/09/06 16:00:17 421] isr_local  2135 esr_audio_write, ret =  nil  
[2023/09/06 16:00:17 421] isr_local  2265 last gc at  1693987216  
[2023/09/06 16:00:17 520] isr_local  2126 ASR_LOCAL_MSG_AUW  
[2023/09/06 16:00:17 520] isr_local  1558 auwl =   3200  
[2023/09/06 16:00:17 521] isr_local  2135 esr_audio_write, ret =  nil  
[2023/09/06 16:00:17 521] isr_local  2265 last gc at  1693987216  
[2023/09/06 16:00:17 621] isr_local  2126 ASR_LOCAL_MSG_AUW  
[2023/09/06 16:00:17 622] isr_local  1558 auwl =   3200  
[2023/09/06 16:00:17 623] isr_local  2135 esr_audio_write, ret =  nil  
[2023/09/06 16:00:17 623] isr_local  2265 last gc at  1693987216  
[2023/09/06 16:00:17 722] isr_local  2126 ASR_LOCAL_MSG_AUW  
[2023/09/06 16:00:17 722] isr_local  1558 auwl =   3200  
[2023/09/06 16:00:17 723] isr_local  2135 esr_audio_write, ret =  nil  
[2023/09/06 16:00:17 723] isr_local  2265 last gc at  1693987216  
[2023/09/06 16:00:17 820] isr_local  2126 ASR_LOCAL_MSG_AUW  
[2023/09/06 16:00:17 820] isr_local  1558 auwl =   3200  
[2023/09/06 16:00:17 821] isr_local  2135 esr_audio_write, ret =  nil  
[2023/09/06 16:00:17 821] isr_local  2265 last gc at  1693987216  
[2023/09/06 16:00:17 920] isr_local  2126 ASR_LOCAL_MSG_AUW  
[2023/09/06 16:00:17 920] isr_local  1558 auwl =   3200  
[2023/09/06 16:00:17 921] isr_local  2135 esr_audio_write, ret =  nil  
[2023/09/06 16:00:17 921] isr_local  2265 last gc at  1693987216  
[2023/09/06 16:00:18 020] isr_local  2126 ASR_LOCAL_MSG_AUW  
[2023/09/06 16:00:18 020] isr_local  1558 auwl =   3200  
[2023/09/06 16:00:18 020] isr_local  2135 esr_audio_write, ret =  nil  
[2023/09/06 16:00:18 021] isr_local  2265 last gc at  1693987216  
[2023/09/06 16:00:18 115] isr_local  2126 ASR_LOCAL_MSG_AUW  
[2023/09/06 16:00:18 116] isr_local  1558 auwl =   3200  
[2023/09/06 16:00:18 117] isr_local  2135 esr_audio_write, ret =  nil  
[2023/09/06 16:00:18 117] isr_local  2265 last gc at  1693987216  
[2023/09/06 16:00:18 215] isr_local  2126 ASR_LOCAL_MSG_AUW  
[2023/09/06 16:00:18 215] isr_local  1558 auwl =   3200  
[2023/09/06 16:00:18 216] isr_local  2135 esr_audio_write, ret =  nil  
[2023/09/06 16:00:18 216] isr_local  2265 last gc at  1693987216  
[2023/09/06 16:00:18 315] isr_local  2126 ASR_LOCAL_MSG_AUW  
[2023/09/06 16:00:18 315] isr_local  1558 auwl =   3200  
[2023/09/06 16:00:18 315] isr_local  2135 esr_audio_write, ret =  nil  
[2023/09/06 16:00:18 315] isr_local  2265 last gc at  1693987216  
[2023/09/06 16:00:18 415] isr_local  2126 ASR_LOCAL_MSG_AUW  
[2023/09/06 16:00:18 415] isr_local  1558 auwl =   3200  
[2023/09/06 16:00:18 415] isr_local  2135 esr_audio_write, ret =  nil  
[2023/09/06 16:00:18 415] isr_local  2265 last gc at  1693987216  
[2023/09/06 16:00:18 515] isr_local  2126 ASR_LOCAL_MSG_AUW  
[2023/09/06 16:00:18 516] isr_local  1558 auwl =   3200  
[2023/09/06 16:00:18 516] isr_local  2135 esr_audio_write, ret =  nil  
[2023/09/06 16:00:18 517] isr_local  2265 last gc at  1693987216  
[2023/09/06 16:00:18 615] isr_local  2126 ASR_LOCAL_MSG_AUW  
[2023/09/06 16:00:18 615] isr_local  1558 auwl =   3200  
[2023/09/06 16:00:18 615] isr_local  2135 esr_audio_write, ret =  nil  
[2023/09/06 16:00:18 615] isr_local  2265 last gc at  1693987216  
[2023/09/06 16:00:18 715] isr_local  2126 ASR_LOCAL_MSG_AUW  
[2023/09/06 16:00:18 715] isr_local  1558 auwl =   3200  
[2023/09/06 16:00:18 715] isr_local  2135 esr_audio_write, ret =  nil  
[2023/09/06 16:00:18 715] isr_local  2265 last gc at  1693987216  
[2023/09/06 16:00:18 815] isr_local  2126 ASR_LOCAL_MSG_AUW  
[2023/09/06 16:00:18 815] isr_local  1558 auwl =   3200  
[2023/09/06 16:00:18 815] isr_local  2135 esr_audio_write, ret =  nil  
[2023/09/06 16:00:18 815] isr_local  2265 last gc at  1693987216  
[2023/09/06 16:00:18 921] isr_local  2126 ASR_LOCAL_MSG_AUW  
[2023/09/06 16:00:18 921] isr_local  1558 auwl =   3200  
[2023/09/06 16:00:18 922] isr_local  2135 esr_audio_write, ret =  nil  
[2023/09/06 16:00:18 922] isr_local  2265 last gc at  1693987216  
[2023/09/06 16:00:19 017] isr_local  2126 ASR_LOCAL_MSG_AUW  
[2023/09/06 16:00:19 017] isr_local  1558 auwl =   3200  
[2023/09/06 16:00:19 017] isr_local  2135 esr_audio_write, ret =  nil  
[2023/09/06 16:00:19 017] isr_local  2265 last gc at  1693987216  
[2023/09/06 16:00:19 117] isr_local  2126 ASR_LOCAL_MSG_AUW  
[2023/09/06 16:00:19 118] isr_local  1558 auwl =   3200  
[2023/09/06 16:00:19 118] isr_local  2135 esr_audio_write, ret =  nil  
[2023/09/06 16:00:19 119] isr_local  2265 last gc at  1693987216  
[2023/09/06 16:00:19 215] isr_local  2126 ASR_LOCAL_MSG_AUW  
[2023/09/06 16:00:19 215] isr_local  1558 auwl =   3200  
[2023/09/06 16:00:19 215] isr_local  2135 esr_audio_write, ret =  nil  
[2023/09/06 16:00:19 215] isr_local  2265 last gc at  1693987216  
[2023/09/06 16:00:19 315] isr_local  2126 ASR_LOCAL_MSG_AUW  
[2023/09/06 16:00:19 315] isr_local  1558 auwl =   3200  
[2023/09/06 16:00:19 315] isr_local  2135 esr_audio_write, ret =  nil  
[2023/09/06 16:00:19 315] isr_local  2265 last gc at  1693987216  
[2023/09/06 16:00:19 415] isr_local  2126 ASR_LOCAL_MSG_AUW  
[2023/09/06 16:00:19 415] isr_local  1558 auwl =   3200  
[2023/09/06 16:00:19 415] isr_local  2135 esr_audio_write, ret =  nil  
[2023/09/06 16:00:19 415] isr_local  2265 last gc at  1693987216  
[2023/09/06 16:00:19 515] isr_local  2126 ASR_LOCAL_MSG_AUW  
[2023/09/06 16:00:19 515] isr_local  1558 auwl =   3200  
[2023/09/06 16:00:19 515] isr_local  2135 esr_audio_write, ret =  nil  
[2023/09/06 16:00:19 515] isr_local  2265 last gc at  1693987216  
[2023/09/06 16:00:19 615] isr_local  2126 ASR_LOCAL_MSG_AUW  
[2023/09/06 16:00:19 615] isr_local  1558 auwl =   2880  
[2023/09/06 16:00:19 617] isr_local  2135 esr_audio_write, ret =  nil  
[2023/09/06 16:00:19 617] isr_local  2265 last gc at  1693987216  
[2023/09/06 16:00:19 675] network    231  dns timeout!  ns1  
[2023/09/06 16:00:19 675] ns         457  ns dns failed, err =   10114  
[2023/09/06 16:00:19 676] network    445  gethttpresp2  117.121.48.5  80  ns2  
[2023/09/06 16:00:19 676] network    465  prot_type  tcp  
[2023/09/06 16:00:19 680] transport  306  [dns] [1] timeout!   
[2023/09/06 16:00:19 681] transport  74   dns_failed  
[2023/09/06 16:00:19 681] network    90   ipfromenv ,  ipcache  open.xf-yun.com  def  nil  
[2023/09/06 16:00:19 682] network    90   ipfromenv ,  ipcfg  open.xf-yun.com  def  nil  
[2023/09/06 16:00:19 682] transport  1298 [soc] connect   116.213.69.195  80  
[2023/09/06 16:00:19 683] transport  1310 mspsoc.open,prot_type=  tcp  
[2023/09/06 16:00:19 723] isr_local  669  final result will throw out next!  
[2023/09/06 16:00:19 725] isr_local  679  nRecognizeState:  1  
[2023/09/06 16:00:19 725] isr_local  680  nConfidenceScore:  53  
[2023/09/06 16:00:19 726] isr_local  728  result_type :   xml  
[2023/09/06 16:00:19 726] isr_local  729  result_encoding :   UTF-8  
[2023/09/06 16:00:19 727] isr_local  730  is iat :   false  
[2023/09/06 16:00:19 728] isr_local  469  item_count:1  
[2023/09/06 16:00:19 728] isr_local  469  item_count:1  
[2023/09/06 16:00:19 728] isr_local  293  nil  
[2023/09/06 16:00:19 729] isr_local  675  recognized end!  
[2023/09/06 16:00:19 732] isr_local  2140 ASR_LOCAL_MSG_SSE  
[2023/09/06 16:00:19 733] isr_local  1518 esr_session_end | esr_obj:stop ret =  0  
[2023/09/06 16:00:19 733] isr_local  2142 esr_session_end, ret =  0  
[2023/09/06 16:00:19 736] isr_local  2265 last gc at  1693987216  
[2023/09/06 16:00:19 744] isr_local  2182 SYS_MSG_SHUTDOWN_LOCAL  
[2023/09/06 16:00:19 854] isr_local  2265 last gc at  1693987216  
============================================================
Time  2023/09/06 16:00:20 522 
============================================================
[2023/09/06 16:00:20 522] isr_local  2168 os_type is:  Linux  
[2023/09/06 16:00:20 523] isr_local  2177 SYS_MSG_LOAD_LOCAL  
[2023/09/06 16:00:20 523] isr_local  2265 last gc at  1693987220  
[2023/09/06 16:00:20 523] isr_local  2206 SYS_MSG_REGCB_LOCAL| param0 =  msp_status_cb  
[2023/09/06 16:00:20 523] isr_local  2265 last gc at  1693987220  
[2023/09/06 16:00:20 524] isr_local  2206 SYS_MSG_REGCB_LOCAL| param0 =  local_service_cbmsg  
[2023/09/06 16:00:20 524] isr_local  2265 last gc at  1693987220  
[2023/09/06 16:00:20 524] isr_local  2114 ASR_LOCAL_MSG_SSB  
[2023/09/06 16:00:20 524] isr_local  1251 esr_session_begin | params:  engine_type=local,asr_res_path=fo|res/asr/common.jet,sample_rate=16000,grm_build_path=res/asr/GrmBuilld,local_grammar=call,result_type=xml,result_encoding=UTF-8  
[2023/09/06 16:00:20 524] isr_local  803  engine_type  :  local  
[2023/09/06 16:00:20 525] isr_local  803  asr_res_path  :  fo|res/asr/common.jet  
[2023/09/06 16:00:20 525] isr_local  803  sample_rate  :  16000  
[2023/09/06 16:00:20 525] isr_local  803  grm_build_path  :  res/asr/GrmBuilld  
[2023/09/06 16:00:20 525] isr_local  803  local_grammar  :  call  
[2023/09/06 16:00:20 525] isr_local  803  result_type  :  xml  
[2023/09/06 16:00:20 525] isr_local  803  result_encoding  :  UTF-8  
[2023/09/06 16:00:20 525] isr_local  1280 init aitalk in ssb  
[2023/09/06 16:00:20 526] isr_local  1162 esr_init | params:  engine_type=local,asr_res_path=fo|res/asr/common.jet,sample_rate=16000,grm_build_path=res/asr/GrmBuilld,local_grammar=call,result_type=xml,result_encoding=UTF-8  
[2023/09/06 16:00:20 526] isr_local  803  engine_type  :  local  
[2023/09/06 16:00:20 526] isr_local  803  asr_res_path  :  fo|res/asr/common.jet  
[2023/09/06 16:00:20 526] isr_local  803  sample_rate  :  16000  
[2023/09/06 16:00:20 526] isr_local  803  grm_build_path  :  res/asr/GrmBuilld  
[2023/09/06 16:00:20 526] isr_local  803  local_grammar  :  call  
[2023/09/06 16:00:20 526] isr_local  803  result_type  :  xml  
[2023/09/06 16:00:20 527] isr_local  803  result_encoding  :  UTF-8  
[2023/09/06 16:00:20 527] isr_local  1083  lucEsr.new   
[2023/09/06 16:00:20 527] isr_local  1000 file count =   1  
[2023/09/06 16:00:20 527] isr_local  923  file open type is:   fo  
[2023/09/06 16:00:20 527] isr_local  956  res/asr/common.jet  0  0  
[2023/09/06 16:00:20 527] isr_local  1018 speech_plus_setting  0  
[2023/09/06 16:00:20 528] isr_local  1031 2  nil  res/asr/common.jet  0  0  
[2023/09/06 16:00:20 528] isr_local  1033 res_ver  2  
[2023/09/06 16:00:20 528] isr_local  1034 res 5  62dd61c88201165be2937d82ec3543bf  
[2023/09/06 16:00:20 528] isr_local  1035 res_new_old_mark  v5pp  
[2023/09/06 16:00:20 528] isr_local  1036 res_usr_name  ""  
[2023/09/06 16:00:20 528] isr_local  1037 res_expires    
[2023/09/06 16:00:20 528] isr_local  1038 err  0  
[2023/09/06 16:00:20 529] isr_local  1054 lgi appid 5  62dd61c88201165be2937d82ec3543bf  
[2023/09/06 16:00:20 529] isr_local  1065 res_expires is null  
[2023/09/06 16:00:20 530] auth       74   aitalk  app  nil  nil  {"aitalk":{"ver":"2","bus":{"forbid":"0","nlimit":2020}}}  
[2023/09/06 16:00:20 530] auth       312  nil  
[2023/09/06 16:00:20 555] isr_local  1294 authorized_aitalk=  nil  
[2023/09/06 16:00:20 555] isr_local  1295 forbid_aitalk=  0  
[2023/09/06 16:00:20 555] auth       570  aitalk  table(700643d0) nil  nil  appid = 5e7d9f3e  
[2023/09/06 16:00:20 555] auth       579  app  nil  nil  nil  
[2023/09/06 16:00:20 555] auth       636  ath rquest  {"authorize":[{"ver":"2.1.1","busin":"aitalk"}]}  
[2023/09/06 16:00:20 558] transport  642  paramkvsport is   nil  
[2023/09/06 16:00:20 558] transport  654  ns_enable=  1  
[2023/09/06 16:00:20 558] transport  656  2017-08--24 is_ns_need_close =   nil  
[2023/09/06 16:00:20 559] transport  662  net.nettype=  standard  
[2023/09/06 16:00:20 559] transport  672  url.full=  nil  
[2023/09/06 16:00:20 559] transport  673  urltmp=  nil  
[2023/09/06 16:00:20 559] transport  677  server_url_host=, server_url_port=, server_url_path=  open.xf-yun.com  nil  /msp.do  
[2023/09/06 16:00:20 559] transport  705  url.full=  nil  
[2023/09/06 16:00:20 559] transport  890  switch 80  
[2023/09/06 16:00:20 559] transport  902  net type:  standard  
[2023/09/06 16:00:20 559] transport  903  net operator:  def  
[2023/09/06 16:00:20 559] transport  904  use proxy:  false  
[2023/09/06 16:00:20 559] auth       691  not login!  
[2023/09/06 16:00:20 560] auth       528  [session] send auth request  
[2023/09/06 16:00:20 560] transport  1102 session.domain=  open.xf-yun.com  
[2023/09/06 16:00:20 560] transport  1103 url.host=  open.xf-yun.com  
[2023/09/06 16:00:20 560] transport  1080 NAMESERVER START  
[2023/09/06 16:00:20 560] transport  1083 name =   ath  
[2023/09/06 16:00:20 560] ns         629  ntt=  standard  
[2023/09/06 16:00:20 560] transport  1086 trans,ns_inprog =  0  
[2023/09/06 16:00:20 561] ns         585  name server start  
[2023/09/06 16:00:20 561] ns         586  ns_sub =   ath  
[2023/09/06 16:00:20 561] ns         588  ns_host=  open.xf-yun.com  
[2023/09/06 16:00:20 561] ns         479  ns_host=  open.xf-yun.com  
[2023/09/06 16:00:20 561] ns         558  GET /sip/resolver?srand=0906160011.32 HTTP/1.1
Host: hdns.openspeech.cn
Connection: Keep-Alive
X-Par: ver=1.3&appid=5e7d9f3e&operator=UNKNOW&nettype=STANDARD&cver=5.0.38.1195&svc=ath&host=open.xf-yun.com&sign=6190c7a9d940073db4fb67b95a9ed10a
User-Agent: iFLYCloud

  
[2023/09/06 16:00:20 561] ns         559  net_type =  standard  
[2023/09/06 16:00:20 561] ns         560  cmwapascmnet =  
[2023/09/06 16:00:20 561] ns         561  uniwapasuninet =  
[2023/09/06 16:00:20 562] ns         562  ctwapasctnet =  
[2023/09/06 16:00:20 562] ns         579  host=  hdns.openspeech.cn  
[2023/09/06 16:00:20 562] network    263  gethostbyname  hdns.openspeech.cn  ns1  
[2023/09/06 16:00:20 563] auth       535  0  
[2023/09/06 16:00:20 563] auth       498  lver:  nil  
[2023/09/06 16:00:20 563] auth       503  cfg_ver:  nil  
[2023/09/06 16:00:20 563] transport  1849 transport_obj.send | in  
[2023/09/06 16:00:20 563] transport  1855 self.msg_flag_q  table(7007cde0) 
[2023/09/06 16:00:20 563] transport  1856 self.msg_q  table(70051f60) 
[2023/09/06 16:00:20 564] transport  1788 transport_obj.try2send | in  
[2023/09/06 16:00:20 564] transport  1789 self.soc  nil  
[2023/09/06 16:00:20 564] transport  1790 self.connected  false  
[2023/09/06 16:00:20 564] transport  1791 self.latesterr  0  
[2023/09/06 16:00:20 564] transport  1862 transport_obj.send | out  
[2023/09/06 16:00:20 564] isr_local  2038 commit path:   res/asr/GrmBuilld/temp/commit  
[2023/09/06 16:00:20 578] isr_local  2076 commit success!  
[2023/09/06 16:00:20 582] isr_local  1409 esr_session_begin | esr_obj:start ret =  0  
[2023/09/06 16:00:20 582] isr_local  2122 esr_session_begin, ret =   0  
[2023/09/06 16:00:20 582] isr_local  2265 last gc at  1693987220  
[2023/09/06 16:00:20 680] isr_local  655  local engine ready  
[2023/09/06 16:00:20 680] isr_local  585  esr_flush_buf_audio buffer audio num:  0  
[2023/09/06 16:00:20 681] isr_local  630  local engine started  
[2023/09/06 16:00:20 716] isr_local  2126 ASR_LOCAL_MSG_AUW  
[2023/09/06 16:00:20 717] isr_local  1558 auwl =   3200  
[2023/09/06 16:00:20 717] isr_local  2135 esr_audio_write, ret =  nil  
[2023/09/06 16:00:20 717] isr_local  2265 last gc at  1693987220  
[2023/09/06 16:00:20 828] isr_local  2126 ASR_LOCAL_MSG_AUW  
[2023/09/06 16:00:20 829] isr_local  1558 auwl =   3200  
[2023/09/06 16:00:20 830] isr_local  2135 esr_audio_write, ret =  nil  
[2023/09/06 16:00:20 830] isr_local  2265 last gc at  1693987220  
[2023/09/06 16:00:20 928] isr_local  2126 ASR_LOCAL_MSG_AUW  
[2023/09/06 16:00:20 929] isr_local  1558 auwl =   3200  
[2023/09/06 16:00:20 929] isr_local  2135 esr_audio_write, ret =  nil  
[2023/09/06 16:00:20 930] isr_local  2265 last gc at  1693987220  
[2023/09/06 16:00:21 027] isr_local  2126 ASR_LOCAL_MSG_AUW  
[2023/09/06 16:00:21 028] isr_local  1558 auwl =   3200  
[2023/09/06 16:00:21 029] isr_local  2135 esr_audio_write, ret =  nil  
[2023/09/06 16:00:21 029] isr_local  2265 last gc at  1693987220  
[2023/09/06 16:00:21 128] isr_local  2126 ASR_LOCAL_MSG_AUW  
[2023/09/06 16:00:21 129] isr_local  1558 auwl =   3200  
[2023/09/06 16:00:21 129] isr_local  2135 esr_audio_write, ret =  nil  
[2023/09/06 16:00:21 130] isr_local  2265 last gc at  1693987220  
[2023/09/06 16:00:21 227] isr_local  2126 ASR_LOCAL_MSG_AUW  
[2023/09/06 16:00:21 228] isr_local  1558 auwl =   3200  
[2023/09/06 16:00:21 228] isr_local  2135 esr_audio_write, ret =  nil  
[2023/09/06 16:00:21 229] isr_local  2265 last gc at  1693987220  
[2023/09/06 16:00:21 327] isr_local  2126 ASR_LOCAL_MSG_AUW  
[2023/09/06 16:00:21 328] isr_local  1558 auwl =   3200  
[2023/09/06 16:00:21 329] isr_local  2135 esr_audio_write, ret =  nil  
[2023/09/06 16:00:21 330] isr_local  2265 last gc at  1693987220  
[2023/09/06 16:00:21 427] isr_local  2126 ASR_LOCAL_MSG_AUW  
[2023/09/06 16:00:21 428] isr_local  1558 auwl =   3200  
[2023/09/06 16:00:21 429] isr_local  2135 esr_audio_write, ret =  nil  
[2023/09/06 16:00:21 430] isr_local  2265 last gc at  1693987220  
[2023/09/06 16:00:21 527] isr_local  2126 ASR_LOCAL_MSG_AUW  
[2023/09/06 16:00:21 528] isr_local  1558 auwl =   3200  
[2023/09/06 16:00:21 529] isr_local  2135 esr_audio_write, ret =  nil  
[2023/09/06 16:00:21 529] isr_local  2265 last gc at  1693987220  
[2023/09/06 16:00:21 627] isr_local  2126 ASR_LOCAL_MSG_AUW  
[2023/09/06 16:00:21 628] isr_local  1558 auwl =   3200  
[2023/09/06 16:00:21 629] isr_local  2135 esr_audio_write, ret =  nil  
[2023/09/06 16:00:21 630] isr_local  2265 last gc at  1693987220  
[2023/09/06 16:00:21 714] isr_local  2126 ASR_LOCAL_MSG_AUW  
[2023/09/06 16:00:21 714] isr_local  1558 auwl =   3200  
[2023/09/06 16:00:21 714] isr_local  2135 esr_audio_write, ret =  nil  
[2023/09/06 16:00:21 714] isr_local  2265 last gc at  1693987220  
[2023/09/06 16:00:21 813] isr_local  2126 ASR_LOCAL_MSG_AUW  
[2023/09/06 16:00:21 813] isr_local  1558 auwl =   3200  
[2023/09/06 16:00:21 813] isr_local  2135 esr_audio_write, ret =  nil  
[2023/09/06 16:00:21 813] isr_local  2265 last gc at  1693987220  
[2023/09/06 16:00:21 915] isr_local  2126 ASR_LOCAL_MSG_AUW  
[2023/09/06 16:00:21 915] isr_local  1558 auwl =   3200  
[2023/09/06 16:00:21 915] isr_local  2135 esr_audio_write, ret =  nil  
[2023/09/06 16:00:21 915] isr_local  2265 last gc at  1693987220  
[2023/09/06 16:00:22 013] isr_local  2126 ASR_LOCAL_MSG_AUW  
[2023/09/06 16:00:22 013] isr_local  1558 auwl =   3200  
[2023/09/06 16:00:22 013] isr_local  2135 esr_audio_write, ret =  nil  
[2023/09/06 16:00:22 013] isr_local  2265 last gc at  1693987220  
[2023/09/06 16:00:22 113] isr_local  2126 ASR_LOCAL_MSG_AUW  
[2023/09/06 16:00:22 113] isr_local  1558 auwl =   3200  
[2023/09/06 16:00:22 113] isr_local  2135 esr_audio_write, ret =  nil  
[2023/09/06 16:00:22 113] isr_local  2265 last gc at  1693987220  
[2023/09/06 16:00:22 213] isr_local  2126 ASR_LOCAL_MSG_AUW  
[2023/09/06 16:00:22 213] isr_local  1558 auwl =   3200  
[2023/09/06 16:00:22 213] isr_local  2135 esr_audio_write, ret =  nil  
[2023/09/06 16:00:22 213] isr_local  2265 last gc at  1693987220  
[2023/09/06 16:00:22 313] isr_local  2126 ASR_LOCAL_MSG_AUW  
[2023/09/06 16:00:22 313] isr_local  1558 auwl =   3200  
[2023/09/06 16:00:22 313] isr_local  2135 esr_audio_write, ret =  nil  
[2023/09/06 16:00:22 313] isr_local  2265 last gc at  1693987220  
[2023/09/06 16:00:22 419] isr_local  2126 ASR_LOCAL_MSG_AUW  
[2023/09/06 16:00:22 420] isr_local  1558 auwl =   3200  
[2023/09/06 16:00:22 420] isr_local  2135 esr_audio_write, ret =  nil  
[2023/09/06 16:00:22 420] isr_local  2265 last gc at  1693987220  
[2023/09/06 16:00:22 524] isr_local  2126 ASR_LOCAL_MSG_AUW  
[2023/09/06 16:00:22 524] isr_local  1558 auwl =   3200  
[2023/09/06 16:00:22 524] isr_local  2135 esr_audio_write, ret =  nil  
[2023/09/06 16:00:22 524] isr_local  2265 last gc at  1693987220  
[2023/09/06 16:00:22 613] isr_local  2126 ASR_LOCAL_MSG_AUW  
[2023/09/06 16:00:22 613] isr_local  1558 auwl =   3200  
[2023/09/06 16:00:22 613] isr_local  2135 esr_audio_write, ret =  nil  
[2023/09/06 16:00:22 613] isr_local  2265 last gc at  1693987220  
[2023/09/06 16:00:22 713] isr_local  2126 ASR_LOCAL_MSG_AUW  
[2023/09/06 16:00:22 713] isr_local  1558 auwl =   3200  
[2023/09/06 16:00:22 713] isr_local  2135 esr_audio_write, ret =  nil  
[2023/09/06 16:00:22 713] isr_local  2265 last gc at  1693987220  
[2023/09/06 16:00:22 820] isr_local  2126 ASR_LOCAL_MSG_AUW  
[2023/09/06 16:00:22 820] isr_local  1558 auwl =   3200  
[2023/09/06 16:00:22 820] isr_local  2135 esr_audio_write, ret =  nil  
[2023/09/06 16:00:22 820] isr_local  2265 last gc at  1693987220  
[2023/09/06 16:00:22 920] isr_local  2126 ASR_LOCAL_MSG_AUW  
[2023/09/06 16:00:22 920] isr_local  1558 auwl =   3200  
[2023/09/06 16:00:22 920] isr_local  2135 esr_audio_write, ret =  nil  
[2023/09/06 16:00:22 920] isr_local  2265 last gc at  1693987220  
[2023/09/06 16:00:23 019] isr_local  2126 ASR_LOCAL_MSG_AUW  
[2023/09/06 16:00:23 019] isr_local  1558 auwl =   3200  
[2023/09/06 16:00:23 020] isr_local  2135 esr_audio_write, ret =  nil  
[2023/09/06 16:00:23 020] isr_local  2265 last gc at  1693987220  
[2023/09/06 16:00:23 113] isr_local  2126 ASR_LOCAL_MSG_AUW  
[2023/09/06 16:00:23 113] isr_local  1558 auwl =   3200  
[2023/09/06 16:00:23 113] isr_local  2135 esr_audio_write, ret =  nil  
[2023/09/06 16:00:23 113] isr_local  2265 last gc at  1693987220  
[2023/09/06 16:00:23 213] isr_local  2126 ASR_LOCAL_MSG_AUW  
[2023/09/06 16:00:23 213] isr_local  1558 auwl =   3200  
[2023/09/06 16:00:23 213] isr_local  2135 esr_audio_write, ret =  nil  
[2023/09/06 16:00:23 213] isr_local  2265 last gc at  1693987220  
[2023/09/06 16:00:23 313] isr_local  2126 ASR_LOCAL_MSG_AUW  
[2023/09/06 16:00:23 313] isr_local  1558 auwl =   3200  
[2023/09/06 16:00:23 313] isr_local  2135 esr_audio_write, ret =  nil  
[2023/09/06 16:00:23 313] isr_local  2265 last gc at  1693987220  
[2023/09/06 16:00:23 413] isr_local  2126 ASR_LOCAL_MSG_AUW  
[2023/09/06 16:00:23 413] isr_local  1558 auwl =   3200  
[2023/09/06 16:00:23 413] isr_local  2135 esr_audio_write, ret =  nil  
[2023/09/06 16:00:23 414] isr_local  2265 last gc at  1693987220  
[2023/09/06 16:00:23 512] isr_local  2126 ASR_LOCAL_MSG_AUW  
[2023/09/06 16:00:23 512] isr_local  1558 auwl =   2880  
[2023/09/06 16:00:23 512] isr_local  2135 esr_audio_write, ret =  nil  
[2023/09/06 16:00:23 512] isr_local  2265 last gc at  1693987220  
[2023/09/06 16:00:23 562] network    231  dns timeout!  ns1  
[2023/09/06 16:00:23 562] ns         457  ns dns failed, err =   10114  
[2023/09/06 16:00:23 562] network    445  gethttpresp2  117.121.48.5  80  ns2  
[2023/09/06 16:00:23 562] network    465  prot_type  tcp  
[2023/09/06 16:00:23 563] transport  306  [dns] [1] timeout!   
[2023/09/06 16:00:23 563] transport  74   dns_failed  
[2023/09/06 16:00:23 563] network    90   ipfromenv ,  ipcache  open.xf-yun.com  def  nil  
[2023/09/06 16:00:23 563] network    90   ipfromenv ,  ipcfg  open.xf-yun.com  def  nil  
[2023/09/06 16:00:23 563] transport  1298 [soc] connect   116.213.69.195  80  
[2023/09/06 16:00:23 563] transport  1310 mspsoc.open,prot_type=  tcp  
[2023/09/06 16:00:23 594] isr_local  669  final result will throw out next!  
[2023/09/06 16:00:23 594] isr_local  679  nRecognizeState:  1  
[2023/09/06 16:00:23 594] isr_local  680  nConfidenceScore:  24  
[2023/09/06 16:00:23 594] isr_local  728  result_type :   xml  
[2023/09/06 16:00:23 594] isr_local  729  result_encoding :   UTF-8  
[2023/09/06 16:00:23 594] isr_local  730  is iat :   false  
[2023/09/06 16:00:23 594] isr_local  469  item_count:1  
[2023/09/06 16:00:23 596] isr_local  469  item_count:1  
[2023/09/06 16:00:23 597] isr_local  293  nil  
[2023/09/06 16:00:23 600] isr_local  675  recognized end!  
[2023/09/06 16:00:23 609] isr_local  2140 ASR_LOCAL_MSG_SSE  
[2023/09/06 16:00:23 610] isr_local  1518 esr_session_end | esr_obj:stop ret =  0  
[2023/09/06 16:00:23 612] isr_local  2142 esr_session_end, ret =  0  
[2023/09/06 16:00:23 619] isr_local  2265 last gc at  1693987220  
[2023/09/06 16:00:23 620] isr_local  2182 SYS_MSG_SHUTDOWN_LOCAL  
[2023/09/06 16:00:23 730] isr_local  2265 last gc at  1693987220  
============================================================
Time  2023/09/06 16:00:24 335 
============================================================
[2023/09/06 16:00:24 335] isr_local  2168 os_type is:  Linux  
[2023/09/06 16:00:24 336] isr_local  2177 SYS_MSG_LOAD_LOCAL  
[2023/09/06 16:00:24 336] isr_local  2265 last gc at  1693987223  
[2023/09/06 16:00:24 336] isr_local  2206 SYS_MSG_REGCB_LOCAL| param0 =  msp_status_cb  
[2023/09/06 16:00:24 336] isr_local  2265 last gc at  1693987223  
[2023/09/06 16:00:24 337] isr_local  2206 SYS_MSG_REGCB_LOCAL| param0 =  local_service_cbmsg  
[2023/09/06 16:00:24 337] isr_local  2265 last gc at  1693987223  
[2023/09/06 16:00:24 337] isr_local  2114 ASR_LOCAL_MSG_SSB  
[2023/09/06 16:00:24 338] isr_local  1251 esr_session_begin | params:  engine_type=local,asr_res_path=fo|res/asr/common.jet,sample_rate=16000,grm_build_path=res/asr/GrmBuilld,local_grammar=call,result_type=xml,result_encoding=UTF-8  
[2023/09/06 16:00:24 338] isr_local  803  engine_type  :  local  
[2023/09/06 16:00:24 338] isr_local  803  asr_res_path  :  fo|res/asr/common.jet  
[2023/09/06 16:00:24 338] isr_local  803  sample_rate  :  16000  
[2023/09/06 16:00:24 338] isr_local  803  grm_build_path  :  res/asr/GrmBuilld  
[2023/09/06 16:00:24 338] isr_local  803  local_grammar  :  call  
[2023/09/06 16:00:24 338] isr_local  803  result_type  :  xml  
[2023/09/06 16:00:24 339] isr_local  803  result_encoding  :  UTF-8  
[2023/09/06 16:00:24 339] isr_local  1280 init aitalk in ssb  
[2023/09/06 16:00:24 339] isr_local  1162 esr_init | params:  engine_type=local,asr_res_path=fo|res/asr/common.jet,sample_rate=16000,grm_build_path=res/asr/GrmBuilld,local_grammar=call,result_type=xml,result_encoding=UTF-8  
[2023/09/06 16:00:24 339] isr_local  803  engine_type  :  local  
[2023/09/06 16:00:24 339] isr_local  803  asr_res_path  :  fo|res/asr/common.jet  
[2023/09/06 16:00:24 339] isr_local  803  sample_rate  :  16000  
[2023/09/06 16:00:24 339] isr_local  803  grm_build_path  :  res/asr/GrmBuilld  
[2023/09/06 16:00:24 340] isr_local  803  local_grammar  :  call  
[2023/09/06 16:00:24 340] isr_local  803  result_type  :  xml  
[2023/09/06 16:00:24 340] isr_local  803  result_encoding  :  UTF-8  
[2023/09/06 16:00:24 340] isr_local  1083  lucEsr.new   
[2023/09/06 16:00:24 340] isr_local  1000 file count =   1  
[2023/09/06 16:00:24 340] isr_local  923  file open type is:   fo  
[2023/09/06 16:00:24 341] isr_local  956  res/asr/common.jet  0  0  
[2023/09/06 16:00:24 341] isr_local  1018 speech_plus_setting  0  
[2023/09/06 16:00:24 341] isr_local  1031 2  nil  res/asr/common.jet  0  0  
[2023/09/06 16:00:24 341] isr_local  1033 res_ver  2  
[2023/09/06 16:00:24 341] isr_local  1034 res 5  62dd61c88201165be2937d82ec3543bf  
[2023/09/06 16:00:24 341] isr_local  1035 res_new_old_mark  v5pp  
[2023/09/06 16:00:24 341] isr_local  1036 res_usr_name  ""  
[2023/09/06 16:00:24 342] isr_local  1037 res_expires    
[2023/09/06 16:00:24 342] isr_local  1038 err  0  
[2023/09/06 16:00:24 342] isr_local  1054 lgi appid 5  62dd61c88201165be2937d82ec3543bf  
[2023/09/06 16:00:24 342] isr_local  1065 res_expires is null  
[2023/09/06 16:00:24 343] auth       74   aitalk  app  nil  nil  {"aitalk":{"ver":"2","bus":{"forbid":"0","nlimit":2020}}}  
[2023/09/06 16:00:24 343] auth       312  nil  
[2023/09/06 16:00:24 369] isr_local  1294 authorized_aitalk=  nil  
[2023/09/06 16:00:24 369] isr_local  1295 forbid_aitalk=  0  
[2023/09/06 16:00:24 369] auth       570  aitalk  table(6c064790) nil  nil  appid = 5e7d9f3e  
[2023/09/06 16:00:24 369] auth       579  app  nil  nil  nil  
[2023/09/06 16:00:24 369] auth       636  ath rquest  {"authorize":[{"ver":"2.1.1","busin":"aitalk"}]}  
[2023/09/06 16:00:24 372] transport  642  paramkvsport is   nil  
[2023/09/06 16:00:24 372] transport  654  ns_enable=  1  
[2023/09/06 16:00:24 372] transport  656  2017-08--24 is_ns_need_close =   nil  
[2023/09/06 16:00:24 372] transport  662  net.nettype=  standard  
[2023/09/06 16:00:24 373] transport  672  url.full=  nil  
[2023/09/06 16:00:24 373] transport  673  urltmp=  nil  
[2023/09/06 16:00:24 373] transport  677  server_url_host=, server_url_port=, server_url_path=  open.xf-yun.com  nil  /msp.do  
[2023/09/06 16:00:24 373] transport  705  url.full=  nil  
[2023/09/06 16:00:24 373] transport  890  switch 80  
[2023/09/06 16:00:24 373] transport  902  net type:  standard  
[2023/09/06 16:00:24 373] transport  903  net operator:  def  
[2023/09/06 16:00:24 373] transport  904  use proxy:  false  
[2023/09/06 16:00:24 373] auth       691  not login!  
[2023/09/06 16:00:24 374] auth       528  [session] send auth request  
[2023/09/06 16:00:24 374] transport  1102 session.domain=  open.xf-yun.com  
[2023/09/06 16:00:24 374] transport  1103 url.host=  open.xf-yun.com  
[2023/09/06 16:00:24 374] transport  1080 NAMESERVER START  
[2023/09/06 16:00:24 374] transport  1083 name =   ath  
[2023/09/06 16:00:24 374] ns         629  ntt=  standard  
[2023/09/06 16:00:24 374] transport  1086 trans,ns_inprog =  0  
[2023/09/06 16:00:24 374] ns         585  name server start  
[2023/09/06 16:00:24 375] ns         586  ns_sub =   ath  
[2023/09/06 16:00:24 375] ns         588  ns_host=  open.xf-yun.com  
[2023/09/06 16:00:24 375] ns         479  ns_host=  open.xf-yun.com  
[2023/09/06 16:00:24 375] ns         558  GET /sip/resolver?srand=0906160011.32 HTTP/1.1
Host: hdns.openspeech.cn
Connection: Keep-Alive
X-Par: ver=1.3&appid=5e7d9f3e&operator=UNKNOW&nettype=STANDARD&cver=5.0.38.1195&svc=ath&host=open.xf-yun.com&sign=6190c7a9d940073db4fb67b95a9ed10a
User-Agent: iFLYCloud

  
[2023/09/06 16:00:24 375] ns         559  net_type =  standard  
[2023/09/06 16:00:24 375] ns         560  cmwapascmnet =  
[2023/09/06 16:00:24 376] ns         561  uniwapasuninet =  
[2023/09/06 16:00:24 376] ns         562  ctwapasctnet =  
[2023/09/06 16:00:24 376] ns         579  host=  hdns.openspeech.cn  
[2023/09/06 16:00:24 376] network    263  gethostbyname  hdns.openspeech.cn  ns1  
[2023/09/06 16:00:24 376] auth       535  0  
[2023/09/06 16:00:24 377] auth       498  lver:  nil  
[2023/09/06 16:00:24 377] auth       503  cfg_ver:  nil  
[2023/09/06 16:00:24 377] transport  1849 transport_obj.send | in  
[2023/09/06 16:00:24 377] transport  1855 self.msg_flag_q  table(6c007450) 
[2023/09/06 16:00:24 377] transport  1856 self.msg_q  table(6c012120) 
[2023/09/06 16:00:24 377] transport  1788 transport_obj.try2send | in  
[2023/09/06 16:00:24 377] transport  1789 self.soc  nil  
[2023/09/06 16:00:24 378] transport  1790 self.connected  false  
[2023/09/06 16:00:24 378] transport  1791 self.latesterr  0  
[2023/09/06 16:00:24 378] transport  1862 transport_obj.send | out  
[2023/09/06 16:00:24 378] isr_local  2038 commit path:   res/asr/GrmBuilld/temp/commit  
[2023/09/06 16:00:24 392] isr_local  2076 commit success!  
[2023/09/06 16:00:24 396] isr_local  1409 esr_session_begin | esr_obj:start ret =  0  
[2023/09/06 16:00:24 396] isr_local  2122 esr_session_begin, ret =   0  
[2023/09/06 16:00:24 396] isr_local  2265 last gc at  1693987223  
[2023/09/06 16:00:24 496] isr_local  655  local engine ready  
[2023/09/06 16:00:24 497] isr_local  585  esr_flush_buf_audio buffer audio num:  0  
[2023/09/06 16:00:24 498] isr_local  630  local engine started  
[2023/09/06 16:00:24 536] isr_local  2126 ASR_LOCAL_MSG_AUW  
[2023/09/06 16:00:24 536] isr_local  1558 auwl =   3200  
[2023/09/06 16:00:24 537] isr_local  2135 esr_audio_write, ret =  nil  
[2023/09/06 16:00:24 537] isr_local  2265 last gc at  1693987223  
[2023/09/06 16:00:24 631] isr_local  2126 ASR_LOCAL_MSG_AUW  
[2023/09/06 16:00:24 631] isr_local  1558 auwl =   3200  
[2023/09/06 16:00:24 632] isr_local  2135 esr_audio_write, ret =  nil  
[2023/09/06 16:00:24 632] isr_local  2265 last gc at  1693987223  
[2023/09/06 16:00:24 729] isr_local  2126 ASR_LOCAL_MSG_AUW  
[2023/09/06 16:00:24 729] isr_local  1558 auwl =   3200  
[2023/09/06 16:00:24 729] isr_local  2135 esr_audio_write, ret =  nil  
[2023/09/06 16:00:24 729] isr_local  2265 last gc at  1693987223  
[2023/09/06 16:00:24 841] isr_local  2126 ASR_LOCAL_MSG_AUW  
[2023/09/06 16:00:24 841] isr_local  1558 auwl =   3200  
[2023/09/06 16:00:24 842] isr_local  2135 esr_audio_write, ret =  nil  
[2023/09/06 16:00:24 842] isr_local  2265 last gc at  1693987223  
[2023/09/06 16:00:24 941] isr_local  2126 ASR_LOCAL_MSG_AUW  
[2023/09/06 16:00:24 942] isr_local  1558 auwl =   3200  
[2023/09/06 16:00:24 943] isr_local  2135 esr_audio_write, ret =  nil  
[2023/09/06 16:00:24 943] isr_local  2265 last gc at  1693987223  
[2023/09/06 16:00:25 041] isr_local  2126 ASR_LOCAL_MSG_AUW  
[2023/09/06 16:00:25 041] isr_local  1558 auwl =   3200  
[2023/09/06 16:00:25 042] isr_local  2135 esr_audio_write, ret =  nil  
[2023/09/06 16:00:25 043] isr_local  2265 last gc at  1693987223  
[2023/09/06 16:00:25 141] isr_local  2126 ASR_LOCAL_MSG_AUW  
[2023/09/06 16:00:25 141] isr_local  1558 auwl =   3200  
[2023/09/06 16:00:25 142] isr_local  2135 esr_audio_write, ret =  nil  
[2023/09/06 16:00:25 142] isr_local  2265 last gc at  1693987223  
[2023/09/06 16:00:25 240] isr_local  2126 ASR_LOCAL_MSG_AUW  
[2023/09/06 16:00:25 241] isr_local  1558 auwl =   3200  
[2023/09/06 16:00:25 242] isr_local  2135 esr_audio_write, ret =  nil  
[2023/09/06 16:00:25 242] isr_local  2265 last gc at  1693987223  
[2023/09/06 16:00:25 332] isr_local  2126 ASR_LOCAL_MSG_AUW  
[2023/09/06 16:00:25 332] isr_local  1558 auwl =   3200  
[2023/09/06 16:00:25 332] isr_local  2135 esr_audio_write, ret =  nil  
[2023/09/06 16:00:25 332] isr_local  2265 last gc at  1693987223  
[2023/09/06 16:00:25 431] isr_local  2126 ASR_LOCAL_MSG_AUW  
[2023/09/06 16:00:25 431] isr_local  1558 auwl =   3200  
[2023/09/06 16:00:25 432] isr_local  2135 esr_audio_write, ret =  nil  
[2023/09/06 16:00:25 432] isr_local  2265 last gc at  1693987223  
[2023/09/06 16:00:25 530] isr_local  2126 ASR_LOCAL_MSG_AUW  
[2023/09/06 16:00:25 530] isr_local  1558 auwl =   3200  
[2023/09/06 16:00:25 530] isr_local  2135 esr_audio_write, ret =  nil  
[2023/09/06 16:00:25 530] isr_local  2265 last gc at  1693987223  
[2023/09/06 16:00:25 630] isr_local  2126 ASR_LOCAL_MSG_AUW  
[2023/09/06 16:00:25 630] isr_local  1558 auwl =   3200  
[2023/09/06 16:00:25 630] isr_local  2135 esr_audio_write, ret =  nil  
[2023/09/06 16:00:25 630] isr_local  2265 last gc at  1693987223  
[2023/09/06 16:00:25 730] isr_local  2126 ASR_LOCAL_MSG_AUW  
[2023/09/06 16:00:25 730] isr_local  1558 auwl =   3200  
[2023/09/06 16:00:25 730] isr_local  2135 esr_audio_write, ret =  nil  
[2023/09/06 16:00:25 730] isr_local  2265 last gc at  1693987223  
[2023/09/06 16:00:25 827] isr_local  2126 ASR_LOCAL_MSG_AUW  
[2023/09/06 16:00:25 827] isr_local  1558 auwl =   3200  
[2023/09/06 16:00:25 827] isr_local  2135 esr_audio_write, ret =  nil  
[2023/09/06 16:00:25 828] isr_local  2265 last gc at  1693987223  
[2023/09/06 16:00:25 926] isr_local  2126 ASR_LOCAL_MSG_AUW  
[2023/09/06 16:00:25 926] isr_local  1558 auwl =   3200  
[2023/09/06 16:00:25 926] isr_local  2135 esr_audio_write, ret =  nil  
[2023/09/06 16:00:25 926] isr_local  2265 last gc at  1693987223  
[2023/09/06 16:00:26 027] isr_local  2126 ASR_LOCAL_MSG_AUW  
[2023/09/06 16:00:26 027] isr_local  1558 auwl =   3200  
[2023/09/06 16:00:26 028] isr_local  2135 esr_audio_write, ret =  nil  
[2023/09/06 16:00:26 028] isr_local  2265 last gc at  1693987223  
[2023/09/06 16:00:26 126] isr_local  2126 ASR_LOCAL_MSG_AUW  
[2023/09/06 16:00:26 126] isr_local  1558 auwl =   3200  
[2023/09/06 16:00:26 126] isr_local  2135 esr_audio_write, ret =  nil  
[2023/09/06 16:00:26 126] isr_local  2265 last gc at  1693987223  
[2023/09/06 16:00:26 226] isr_local  2126 ASR_LOCAL_MSG_AUW  
[2023/09/06 16:00:26 226] isr_local  1558 auwl =   3200  
[2023/09/06 16:00:26 226] isr_local  2135 esr_audio_write, ret =  nil  
[2023/09/06 16:00:26 226] isr_local  2265 last gc at  1693987223  
[2023/09/06 16:00:26 326] isr_local  2126 ASR_LOCAL_MSG_AUW  
[2023/09/06 16:00:26 326] isr_local  1558 auwl =   3200  
[2023/09/06 16:00:26 326] isr_local  2135 esr_audio_write, ret =  nil  
[2023/09/06 16:00:26 326] isr_local  2265 last gc at  1693987223  
[2023/09/06 16:00:26 426] isr_local  2126 ASR_LOCAL_MSG_AUW  
[2023/09/06 16:00:26 426] isr_local  1558 auwl =   3200  
[2023/09/06 16:00:26 426] isr_local  2135 esr_audio_write, ret =  nil  
[2023/09/06 16:00:26 426] isr_local  2265 last gc at  1693987223  
[2023/09/06 16:00:26 527] isr_local  2126 ASR_LOCAL_MSG_AUW  
[2023/09/06 16:00:26 527] isr_local  1558 auwl =   3200  
[2023/09/06 16:00:26 528] isr_local  2135 esr_audio_write, ret =  nil  
[2023/09/06 16:00:26 528] isr_local  2265 last gc at  1693987223  
[2023/09/06 16:00:26 627] isr_local  2126 ASR_LOCAL_MSG_AUW  
[2023/09/06 16:00:26 627] isr_local  1558 auwl =   3200  
[2023/09/06 16:00:26 628] isr_local  2135 esr_audio_write, ret =  nil  
[2023/09/06 16:00:26 628] isr_local  2265 last gc at  1693987223  
[2023/09/06 16:00:26 731] isr_local  2126 ASR_LOCAL_MSG_AUW  
[2023/09/06 16:00:26 731] isr_local  1558 auwl =   3200  
[2023/09/06 16:00:26 731] isr_local  2135 esr_audio_write, ret =  nil  
[2023/09/06 16:00:26 731] isr_local  2265 last gc at  1693987223  
[2023/09/06 16:00:26 826] isr_local  2126 ASR_LOCAL_MSG_AUW  
[2023/09/06 16:00:26 826] isr_local  1558 auwl =   3200  
[2023/09/06 16:00:26 826] isr_local  2135 esr_audio_write, ret =  nil  
[2023/09/06 16:00:26 826] isr_local  2265 last gc at  1693987223  
[2023/09/06 16:00:26 929] isr_local  2126 ASR_LOCAL_MSG_AUW  
[2023/09/06 16:00:26 929] isr_local  1558 auwl =   3200  
[2023/09/06 16:00:26 929] isr_local  2135 esr_audio_write, ret =  nil  
[2023/09/06 16:00:26 929] isr_local  2265 last gc at  1693987223  
[2023/09/06 16:00:27 026] isr_local  2126 ASR_LOCAL_MSG_AUW  
[2023/09/06 16:00:27 026] isr_local  1558 auwl =   3200  
[2023/09/06 16:00:27 026] isr_local  2135 esr_audio_write, ret =  nil  
[2023/09/06 16:00:27 026] isr_local  2265 last gc at  1693987223  
[2023/09/06 16:00:27 126] isr_local  2126 ASR_LOCAL_MSG_AUW  
[2023/09/06 16:00:27 126] isr_local  1558 auwl =   3200  
[2023/09/06 16:00:27 126] isr_local  2135 esr_audio_write, ret =  nil  
[2023/09/06 16:00:27 126] isr_local  2265 last gc at  1693987223  
[2023/09/06 16:00:27 226] isr_local  2126 ASR_LOCAL_MSG_AUW  
[2023/09/06 16:00:27 226] isr_local  1558 auwl =   3200  
[2023/09/06 16:00:27 226] isr_local  2135 esr_audio_write, ret =  nil  
[2023/09/06 16:00:27 226] isr_local  2265 last gc at  1693987223  
[2023/09/06 16:00:27 324] isr_local  2126 ASR_LOCAL_MSG_AUW  
[2023/09/06 16:00:27 324] isr_local  1558 auwl =   2880  
[2023/09/06 16:00:27 324] isr_local  2135 esr_audio_write, ret =  nil  
[2023/09/06 16:00:27 324] isr_local  2265 last gc at  1693987223  
[2023/09/06 16:00:27 377] transport  306  [dns] [1] timeout!   
[2023/09/06 16:00:27 377] transport  74   dns_failed  
[2023/09/06 16:00:27 377] network    90   ipfromenv ,  ipcache  open.xf-yun.com  def  nil  
[2023/09/06 16:00:27 377] network    90   ipfromenv ,  ipcfg  open.xf-yun.com  def  nil  
[2023/09/06 16:00:27 377] transport  1298 [soc] connect   116.213.69.195  80  
[2023/09/06 16:00:27 377] transport  1310 mspsoc.open,prot_type=  tcp  
[2023/09/06 16:00:27 378] network    231  dns timeout!  ns1  
[2023/09/06 16:00:27 378] ns         457  ns dns failed, err =   10114  
[2023/09/06 16:00:27 379] network    445  gethttpresp2  117.121.48.5  80  ns2  
[2023/09/06 16:00:27 379] network    465  prot_type  tcp  
[2023/09/06 16:00:27 410] isr_local  669  final result will throw out next!  
[2023/09/06 16:00:27 410] isr_local  679  nRecognizeState:  1  
[2023/09/06 16:00:27 410] isr_local  680  nConfidenceScore:  27  
[2023/09/06 16:00:27 410] isr_local  728  result_type :   xml  
[2023/09/06 16:00:27 410] isr_local  729  result_encoding :   UTF-8  
[2023/09/06 16:00:27 410] isr_local  730  is iat :   false  
[2023/09/06 16:00:27 411] isr_local  469  item_count:1  
[2023/09/06 16:00:27 411] isr_local  293  nil  
[2023/09/06 16:00:27 411] isr_local  675  recognized end!  
[2023/09/06 16:00:27 428] isr_local  2140 ASR_LOCAL_MSG_SSE  
[2023/09/06 16:00:27 428] isr_local  1518 esr_session_end | esr_obj:stop ret =  0  
[2023/09/06 16:00:27 429] isr_local  2142 esr_session_end, ret =  0  
[2023/09/06 16:00:27 448] isr_local  2265 last gc at  1693987223  
[2023/09/06 16:00:27 459] isr_local  2182 SYS_MSG_SHUTDOWN_LOCAL  
[2023/09/06 16:00:27 515] isr_local  2265 last gc at  1693987223  
============================================================
Time  2023/09/06 16:00:28 213 
============================================================
[2023/09/06 16:00:28 213] isr_local  2168 os_type is:  Linux  
[2023/09/06 16:00:28 213] isr_local  2177 SYS_MSG_LOAD_LOCAL  
[2023/09/06 16:00:28 213] isr_local  2265 last gc at  1693987227  
[2023/09/06 16:00:28 214] isr_local  2206 SYS_MSG_REGCB_LOCAL| param0 =  msp_status_cb  
[2023/09/06 16:00:28 214] isr_local  2265 last gc at  1693987227  
[2023/09/06 16:00:28 214] isr_local  2206 SYS_MSG_REGCB_LOCAL| param0 =  local_service_cbmsg  
[2023/09/06 16:00:28 215] isr_local  2265 last gc at  1693987227  
[2023/09/06 16:00:28 215] isr_local  2114 ASR_LOCAL_MSG_SSB  
[2023/09/06 16:00:28 215] isr_local  1251 esr_session_begin | params:  engine_type=local,asr_res_path=fo|res/asr/common.jet,sample_rate=16000,grm_build_path=res/asr/GrmBuilld,local_grammar=call,result_type=xml,result_encoding=UTF-8  
[2023/09/06 16:00:28 215] isr_local  803  engine_type  :  local  
[2023/09/06 16:00:28 215] isr_local  803  asr_res_path  :  fo|res/asr/common.jet  
[2023/09/06 16:00:28 216] isr_local  803  sample_rate  :  16000  
[2023/09/06 16:00:28 216] isr_local  803  grm_build_path  :  res/asr/GrmBuilld  
[2023/09/06 16:00:28 216] isr_local  803  local_grammar  :  call  
[2023/09/06 16:00:28 216] isr_local  803  result_type  :  xml  
[2023/09/06 16:00:28 216] isr_local  803  result_encoding  :  UTF-8  
[2023/09/06 16:00:28 216] isr_local  1280 init aitalk in ssb  
[2023/09/06 16:00:28 216] isr_local  1162 esr_init | params:  engine_type=local,asr_res_path=fo|res/asr/common.jet,sample_rate=16000,grm_build_path=res/asr/GrmBuilld,local_grammar=call,result_type=xml,result_encoding=UTF-8  
[2023/09/06 16:00:28 216] isr_local  803  engine_type  :  local  
[2023/09/06 16:00:28 217] isr_local  803  asr_res_path  :  fo|res/asr/common.jet  
[2023/09/06 16:00:28 217] isr_local  803  sample_rate  :  16000  
[2023/09/06 16:00:28 217] isr_local  803  grm_build_path  :  res/asr/GrmBuilld  
[2023/09/06 16:00:28 217] isr_local  803  local_grammar  :  call  
[2023/09/06 16:00:28 217] isr_local  803  result_type  :  xml  
[2023/09/06 16:00:28 217] isr_local  803  result_encoding  :  UTF-8  
[2023/09/06 16:00:28 217] isr_local  1083  lucEsr.new   
[2023/09/06 16:00:28 218] isr_local  1000 file count =   1  
[2023/09/06 16:00:28 218] isr_local  923  file open type is:   fo  
[2023/09/06 16:00:28 218] isr_local  956  res/asr/common.jet  0  0  
[2023/09/06 16:00:28 218] isr_local  1018 speech_plus_setting  0  
[2023/09/06 16:00:28 218] isr_local  1031 2  nil  res/asr/common.jet  0  0  
[2023/09/06 16:00:28 219] isr_local  1033 res_ver  2  
[2023/09/06 16:00:28 219] isr_local  1034 res 5  62dd61c88201165be2937d82ec3543bf  
[2023/09/06 16:00:28 219] isr_local  1035 res_new_old_mark  v5pp  
[2023/09/06 16:00:28 219] isr_local  1036 res_usr_name  ""  
[2023/09/06 16:00:28 219] isr_local  1037 res_expires    
[2023/09/06 16:00:28 219] isr_local  1038 err  0  
[2023/09/06 16:00:28 219] isr_local  1054 lgi appid 5  62dd61c88201165be2937d82ec3543bf  
[2023/09/06 16:00:28 220] isr_local  1065 res_expires is null  
[2023/09/06 16:00:28 220] auth       74   aitalk  app  nil  nil  {"aitalk":{"ver":"2","bus":{"forbid":"0","nlimit":2020}}}  
[2023/09/06 16:00:28 221] auth       312  nil  
[2023/09/06 16:00:28 248] isr_local  1294 authorized_aitalk=  nil  
[2023/09/06 16:00:28 248] isr_local  1295 forbid_aitalk=  0  
[2023/09/06 16:00:28 249] auth       570  aitalk  table(800643d0) nil  nil  appid = 5e7d9f3e  
[2023/09/06 16:00:28 249] auth       579  app  nil  nil  nil  
[2023/09/06 16:00:28 249] auth       636  ath rquest  {"authorize":[{"busin":"aitalk","ver":"2.1.1"}]}  
[2023/09/06 16:00:28 253] transport  642  paramkvsport is   nil  
[2023/09/06 16:00:28 253] transport  654  ns_enable=  1  
[2023/09/06 16:00:28 253] transport  656  2017-08--24 is_ns_need_close =   nil  
[2023/09/06 16:00:28 254] transport  662  net.nettype=  standard  
[2023/09/06 16:00:28 254] transport  672  url.full=  nil  
[2023/09/06 16:00:28 254] transport  673  urltmp=  nil  
[2023/09/06 16:00:28 254] transport  677  server_url_host=, server_url_port=, server_url_path=  open.xf-yun.com  nil  /msp.do  
[2023/09/06 16:00:28 254] transport  705  url.full=  nil  
[2023/09/06 16:00:28 255] transport  890  switch 80  
[2023/09/06 16:00:28 255] transport  902  net type:  standard  
[2023/09/06 16:00:28 255] transport  903  net operator:  def  
[2023/09/06 16:00:28 255] transport  904  use proxy:  false  
[2023/09/06 16:00:28 256] auth       691  not login!  
[2023/09/06 16:00:28 256] auth       528  [session] send auth request  
[2023/09/06 16:00:28 256] transport  1102 session.domain=  open.xf-yun.com  
[2023/09/06 16:00:28 256] transport  1103 url.host=  open.xf-yun.com  
[2023/09/06 16:00:28 257] transport  1080 NAMESERVER START  
[2023/09/06 16:00:28 257] transport  1083 name =   ath  
[2023/09/06 16:00:28 257] ns         629  ntt=  standard  
[2023/09/06 16:00:28 257] transport  1086 trans,ns_inprog =  0  
[2023/09/06 16:00:28 258] ns         585  name server start  
[2023/09/06 16:00:28 258] ns         586  ns_sub =   ath  
[2023/09/06 16:00:28 258] ns         588  ns_host=  open.xf-yun.com  
[2023/09/06 16:00:28 258] ns         479  ns_host=  open.xf-yun.com  
[2023/09/06 16:00:28 259] ns         558  GET /sip/resolver?srand=0906160011.32 HTTP/1.1
Host: hdns.openspeech.cn
Connection: Keep-Alive
X-Par: ver=1.3&appid=5e7d9f3e&operator=UNKNOW&nettype=STANDARD&cver=5.0.38.1195&svc=ath&host=open.xf-yun.com&sign=6190c7a9d940073db4fb67b95a9ed10a
User-Agent: iFLYCloud

  
[2023/09/06 16:00:28 259] ns         559  net_type =  standard  
[2023/09/06 16:00:28 259] ns         560  cmwapascmnet =  
[2023/09/06 16:00:28 260] ns         561  uniwapasuninet =  
[2023/09/06 16:00:28 260] ns         562  ctwapasctnet =  
[2023/09/06 16:00:28 260] ns         579  host=  hdns.openspeech.cn  
[2023/09/06 16:00:28 260] network    263  gethostbyname  hdns.openspeech.cn  ns1  
[2023/09/06 16:00:28 261] auth       535  0  
[2023/09/06 16:00:28 263] auth       498  lver:  nil  
[2023/09/06 16:00:28 263] auth       503  cfg_ver:  nil  
[2023/09/06 16:00:28 263] transport  1849 transport_obj.send | in  
[2023/09/06 16:00:28 264] transport  1855 self.msg_flag_q  table(80088df0) 
[2023/09/06 16:00:28 264] transport  1856 self.msg_q  table(8002c8a0) 
[2023/09/06 16:00:28 264] transport  1788 transport_obj.try2send | in  
[2023/09/06 16:00:28 264] transport  1789 self.soc  nil  
[2023/09/06 16:00:28 264] transport  1790 self.connected  false  
[2023/09/06 16:00:28 265] transport  1791 self.latesterr  0  
[2023/09/06 16:00:28 265] transport  1862 transport_obj.send | out  
[2023/09/06 16:00:28 266] isr_local  2038 commit path:   res/asr/GrmBuilld/temp/commit  
[2023/09/06 16:00:28 280] isr_local  2076 commit success!  
[2023/09/06 16:00:28 285] isr_local  1409 esr_session_begin | esr_obj:start ret =  0  
[2023/09/06 16:00:28 286] isr_local  2122 esr_session_begin, ret =   0  
[2023/09/06 16:00:28 286] isr_local  2265 last gc at  1693987227  
[2023/09/06 16:00:28 391] isr_local  655  local engine ready  
[2023/09/06 16:00:28 392] isr_local  585  esr_flush_buf_audio buffer audio num:  0  
[2023/09/06 16:00:28 393] isr_local  630  local engine started  
[2023/09/06 16:00:28 406] isr_local  2126 ASR_LOCAL_MSG_AUW  
[2023/09/06 16:00:28 406] isr_local  1558 auwl =   3200  
[2023/09/06 16:00:28 406] isr_local  2135 esr_audio_write, ret =  nil  
[2023/09/06 16:00:28 407] isr_local  2265 last gc at  1693987227  
[2023/09/06 16:00:28 498] isr_local  2126 ASR_LOCAL_MSG_AUW  
[2023/09/06 16:00:28 498] isr_local  1558 auwl =   3200  
[2023/09/06 16:00:28 498] isr_local  2135 esr_audio_write, ret =  nil  
[2023/09/06 16:00:28 498] isr_local  2265 last gc at  1693987227  
[2023/09/06 16:00:28 597] isr_local  2126 ASR_LOCAL_MSG_AUW  
[2023/09/06 16:00:28 597] isr_local  1558 auwl =   3200  
[2023/09/06 16:00:28 597] isr_local  2135 esr_audio_write, ret =  nil  
[2023/09/06 16:00:28 597] isr_local  2265 last gc at  1693987227  
[2023/09/06 16:00:28 708] isr_local  2126 ASR_LOCAL_MSG_AUW  
[2023/09/06 16:00:28 709] isr_local  1558 auwl =   3200  
[2023/09/06 16:00:28 710] isr_local  2135 esr_audio_write, ret =  nil  
[2023/09/06 16:00:28 711] isr_local  2265 last gc at  1693987227  
[2023/09/06 16:00:28 809] isr_local  2126 ASR_LOCAL_MSG_AUW  
[2023/09/06 16:00:28 809] isr_local  1558 auwl =   3200  
[2023/09/06 16:00:28 811] isr_local  2135 esr_audio_write, ret =  nil  
[2023/09/06 16:00:28 812] isr_local  2265 last gc at  1693987227  
[2023/09/06 16:00:28 908] isr_local  2126 ASR_LOCAL_MSG_AUW  
[2023/09/06 16:00:28 908] isr_local  1558 auwl =   3200  
[2023/09/06 16:00:28 909] isr_local  2135 esr_audio_write, ret =  nil  
[2023/09/06 16:00:28 910] isr_local  2265 last gc at  1693987227  
[2023/09/06 16:00:29 009] isr_local  2126 ASR_LOCAL_MSG_AUW  
[2023/09/06 16:00:29 010] isr_local  1558 auwl =   3200  
[2023/09/06 16:00:29 011] isr_local  2135 esr_audio_write, ret =  nil  
[2023/09/06 16:00:29 011] isr_local  2265 last gc at  1693987227  
[2023/09/06 16:00:29 109] isr_local  2126 ASR_LOCAL_MSG_AUW  
[2023/09/06 16:00:29 110] isr_local  1558 auwl =   3200  
[2023/09/06 16:00:29 111] isr_local  2135 esr_audio_write, ret =  nil  
[2023/09/06 16:00:29 112] isr_local  2265 last gc at  1693987227  
[2023/09/06 16:00:29 208] isr_local  2126 ASR_LOCAL_MSG_AUW  
[2023/09/06 16:00:29 209] isr_local  1558 auwl =   3200  
[2023/09/06 16:00:29 210] isr_local  2135 esr_audio_write, ret =  nil  
[2023/09/06 16:00:29 210] isr_local  2265 last gc at  1693987227  
[2023/09/06 16:00:29 308] isr_local  2126 ASR_LOCAL_MSG_AUW  
[2023/09/06 16:00:29 309] isr_local  1558 auwl =   3200  
[2023/09/06 16:00:29 310] isr_local  2135 esr_audio_write, ret =  nil  
[2023/09/06 16:00:29 310] isr_local  2265 last gc at  1693987227  
[2023/09/06 16:00:29 408] isr_local  2126 ASR_LOCAL_MSG_AUW  
[2023/09/06 16:00:29 409] isr_local  1558 auwl =   3200  
[2023/09/06 16:00:29 409] isr_local  2135 esr_audio_write, ret =  nil  
[2023/09/06 16:00:29 410] isr_local  2265 last gc at  1693987227  
[2023/09/06 16:00:29 508] isr_local  2126 ASR_LOCAL_MSG_AUW  
[2023/09/06 16:00:29 509] isr_local  1558 auwl =   3200  
[2023/09/06 16:00:29 509] isr_local  2135 esr_audio_write, ret =  nil  
[2023/09/06 16:00:29 510] isr_local  2265 last gc at  1693987227  
[2023/09/06 16:00:29 608] isr_local  2126 ASR_LOCAL_MSG_AUW  
[2023/09/06 16:00:29 609] isr_local  1558 auwl =   3200  
[2023/09/06 16:00:29 610] isr_local  2135 esr_audio_write, ret =  nil  
[2023/09/06 16:00:29 611] isr_local  2265 last gc at  1693987227  
[2023/09/06 16:00:29 706] isr_local  2126 ASR_LOCAL_MSG_AUW  
[2023/09/06 16:00:29 706] isr_local  1558 auwl =   3200  
[2023/09/06 16:00:29 706] isr_local  2135 esr_audio_write, ret =  nil  
[2023/09/06 16:00:29 706] isr_local  2265 last gc at  1693987227  
[2023/09/06 16:00:29 805] isr_local  2126 ASR_LOCAL_MSG_AUW  
[2023/09/06 16:00:29 805] isr_local  1558 auwl =   3200  
[2023/09/06 16:00:29 805] isr_local  2135 esr_audio_write, ret =  nil  
[2023/09/06 16:00:29 805] isr_local  2265 last gc at  1693987227  
[2023/09/06 16:00:29 898] isr_local  2126 ASR_LOCAL_MSG_AUW  
[2023/09/06 16:00:29 898] isr_local  1558 auwl =   3200  
[2023/09/06 16:00:29 898] isr_local  2135 esr_audio_write, ret =  nil  
[2023/09/06 16:00:29 898] isr_local  2265 last gc at  1693987227  
[2023/09/06 16:00:29 998] isr_local  2126 ASR_LOCAL_MSG_AUW  
[2023/09/06 16:00:29 998] isr_local  1558 auwl =   3200  
[2023/09/06 16:00:29 998] isr_local  2135 esr_audio_write, ret =  nil  
[2023/09/06 16:00:29 998] isr_local  2265 last gc at  1693987227  
[2023/09/06 16:00:30 107] isr_local  2126 ASR_LOCAL_MSG_AUW  
[2023/09/06 16:00:30 107] isr_local  1558 auwl =   3200  
[2023/09/06 16:00:30 107] isr_local  2135 esr_audio_write, ret =  nil  
[2023/09/06 16:00:30 107] isr_local  2265 last gc at  1693987227  
[2023/09/06 16:00:30 195] isr_local  2126 ASR_LOCAL_MSG_AUW  
[2023/09/06 16:00:30 196] isr_local  1558 auwl =   3200  
[2023/09/06 16:00:30 196] isr_local  2135 esr_audio_write, ret =  nil  
[2023/09/06 16:00:30 196] isr_local  2265 last gc at  1693987227  
[2023/09/06 16:00:30 298] isr_local  2126 ASR_LOCAL_MSG_AUW  
[2023/09/06 16:00:30 298] isr_local  1558 auwl =   3200  
[2023/09/06 16:00:30 298] isr_local  2135 esr_audio_write, ret =  nil  
[2023/09/06 16:00:30 298] isr_local  2265 last gc at  1693987227  
[2023/09/06 16:00:30 395] isr_local  2126 ASR_LOCAL_MSG_AUW  
[2023/09/06 16:00:30 395] isr_local  1558 auwl =   3200  
[2023/09/06 16:00:30 395] isr_local  2135 esr_audio_write, ret =  nil  
[2023/09/06 16:00:30 395] isr_local  2265 last gc at  1693987227  
[2023/09/06 16:00:30 501] isr_local  2126 ASR_LOCAL_MSG_AUW  
[2023/09/06 16:00:30 501] isr_local  1558 auwl =   3200  
[2023/09/06 16:00:30 501] isr_local  2135 esr_audio_write, ret =  nil  
[2023/09/06 16:00:30 502] isr_local  2265 last gc at  1693987227  
[2023/09/06 16:00:30 597] isr_local  2126 ASR_LOCAL_MSG_AUW  
[2023/09/06 16:00:30 597] isr_local  1558 auwl =   3200  
[2023/09/06 16:00:30 597] isr_local  2135 esr_audio_write, ret =  nil  
[2023/09/06 16:00:30 597] isr_local  2265 last gc at  1693987227  
[2023/09/06 16:00:30 699] isr_local  2126 ASR_LOCAL_MSG_AUW  
[2023/09/06 16:00:30 699] isr_local  1558 auwl =   3200  
[2023/09/06 16:00:30 699] isr_local  2135 esr_audio_write, ret =  nil  
[2023/09/06 16:00:30 700] isr_local  2265 last gc at  1693987227  
[2023/09/06 16:00:30 809] isr_local  2126 ASR_LOCAL_MSG_AUW  
[2023/09/06 16:00:30 810] isr_local  1558 auwl =   3200  
[2023/09/06 16:00:30 811] isr_local  2135 esr_audio_write, ret =  nil  
[2023/09/06 16:00:30 811] isr_local  2265 last gc at  1693987227  
[2023/09/06 16:00:30 908] isr_local  2126 ASR_LOCAL_MSG_AUW  
[2023/09/06 16:00:30 909] isr_local  1558 auwl =   3200  
[2023/09/06 16:00:30 910] isr_local  2135 esr_audio_write, ret =  nil  
[2023/09/06 16:00:30 910] isr_local  2265 last gc at  1693987227  
[2023/09/06 16:00:31 008] isr_local  2126 ASR_LOCAL_MSG_AUW  
[2023/09/06 16:00:31 009] isr_local  1558 auwl =   3200  
[2023/09/06 16:00:31 009] isr_local  2135 esr_audio_write, ret =  nil  
[2023/09/06 16:00:31 010] isr_local  2265 last gc at  1693987227  
[2023/09/06 16:00:31 108] isr_local  2126 ASR_LOCAL_MSG_AUW  
[2023/09/06 16:00:31 109] isr_local  1558 auwl =   3200  
[2023/09/06 16:00:31 110] isr_local  2135 esr_audio_write, ret =  nil  
[2023/09/06 16:00:31 110] isr_local  2265 last gc at  1693987227  
[2023/09/06 16:00:31 199] isr_local  2126 ASR_LOCAL_MSG_AUW  
[2023/09/06 16:00:31 199] isr_local  1558 auwl =   2880  
[2023/09/06 16:00:31 202] isr_local  2135 esr_audio_write, ret =  nil  
[2023/09/06 16:00:31 203] isr_local  2265 last gc at  1693987227  
[2023/09/06 16:00:31 261] network    231  dns timeout!  ns1  
[2023/09/06 16:00:31 261] ns         457  ns dns failed, err =   10114  
[2023/09/06 16:00:31 261] network    445  gethttpresp2  117.121.48.5  80  ns2  
[2023/09/06 16:00:31 262] network    465  prot_type  tcp  
[2023/09/06 16:00:31 263] transport  306  [dns] [1] timeout!   
[2023/09/06 16:00:31 263] transport  74   dns_failed  
[2023/09/06 16:00:31 263] network    90   ipfromenv ,  ipcache  open.xf-yun.com  def  nil  
[2023/09/06 16:00:31 263] network    90   ipfromenv ,  ipcfg  open.xf-yun.com  def  nil  
[2023/09/06 16:00:31 263] transport  1298 [soc] connect   116.213.69.195  80  
[2023/09/06 16:00:31 264] transport  1310 mspsoc.open,prot_type=  tcp  
[2023/09/06 16:00:31 294] isr_local  669  final result will throw out next!  
[2023/09/06 16:00:31 294] isr_local  679  nRecognizeState:  1  
[2023/09/06 16:00:31 294] isr_local  680  nConfidenceScore:  45  
[2023/09/06 16:00:31 295] isr_local  728  result_type :   xml  
[2023/09/06 16:00:31 295] isr_local  729  result_encoding :   UTF-8  
[2023/09/06 16:00:31 295] isr_local  730  is iat :   false  
[2023/09/06 16:00:31 296] isr_local  469  item_count:1  
[2023/09/06 16:00:31 296] isr_local  469  item_count:1  
[2023/09/06 16:00:31 296] isr_local  293  nil  
[2023/09/06 16:00:31 297] isr_local  675  recognized end!  
[2023/09/06 16:00:31 302] isr_local  2140 ASR_LOCAL_MSG_SSE  
[2023/09/06 16:00:31 303] isr_local  1518 esr_session_end | esr_obj:stop ret =  0  
[2023/09/06 16:00:31 303] isr_local  2142 esr_session_end, ret =  0  
[2023/09/06 16:00:31 308] isr_local  2265 last gc at  1693987227  
[2023/09/06 16:00:31 328] isr_local  2182 SYS_MSG_SHUTDOWN_LOCAL  
[2023/09/06 16:00:31 383] isr_local  2265 last gc at  1693987227  
============================================================
Time  2023/09/06 16:02:00 138 
============================================================
[2023/09/06 16:02:00 138] isr_local  2168 os_type is:  Linux  
[2023/09/06 16:02:00 139] isr_local  2177 SYS_MSG_LOAD_LOCAL  
[2023/09/06 16:02:00 139] isr_local  2265 last gc at  1693987319  
[2023/09/06 16:02:00 140] isr_local  2206 SYS_MSG_REGCB_LOCAL| param0 =  msp_status_cb  
[2023/09/06 16:02:00 140] isr_local  2265 last gc at  1693987319  
[2023/09/06 16:02:00 141] isr_local  2206 SYS_MSG_REGCB_LOCAL| param0 =  local_service_cbmsg  
[2023/09/06 16:02:00 141] isr_local  2265 last gc at  1693987319  
[2023/09/06 16:02:00 141] isr_local  2114 ASR_LOCAL_MSG_SSB  
[2023/09/06 16:02:00 141] isr_local  1251 esr_session_begin | params:  engine_type=local,asr_res_path=fo|res/asr/common.jet,sample_rate=16000,grm_build_path=res/asr/GrmBuilld,local_grammar=call,result_type=xml,result_encoding=UTF-8  
[2023/09/06 16:02:00 142] isr_local  803  engine_type  :  local  
[2023/09/06 16:02:00 142] isr_local  803  asr_res_path  :  fo|res/asr/common.jet  
[2023/09/06 16:02:00 142] isr_local  803  sample_rate  :  16000  
[2023/09/06 16:02:00 142] isr_local  803  grm_build_path  :  res/asr/GrmBuilld  
[2023/09/06 16:02:00 142] isr_local  803  local_grammar  :  call  
[2023/09/06 16:02:00 142] isr_local  803  result_type  :  xml  
[2023/09/06 16:02:00 142] isr_local  803  result_encoding  :  UTF-8  
[2023/09/06 16:02:00 143] isr_local  1280 init aitalk in ssb  
[2023/09/06 16:02:00 143] isr_local  1162 esr_init | params:  engine_type=local,asr_res_path=fo|res/asr/common.jet,sample_rate=16000,grm_build_path=res/asr/GrmBuilld,local_grammar=call,result_type=xml,result_encoding=UTF-8  
[2023/09/06 16:02:00 143] isr_local  803  engine_type  :  local  
[2023/09/06 16:02:00 143] isr_local  803  asr_res_path  :  fo|res/asr/common.jet  
[2023/09/06 16:02:00 143] isr_local  803  sample_rate  :  16000  
[2023/09/06 16:02:00 143] isr_local  803  grm_build_path  :  res/asr/GrmBuilld  
[2023/09/06 16:02:00 143] isr_local  803  local_grammar  :  call  
[2023/09/06 16:02:00 144] isr_local  803  result_type  :  xml  
[2023/09/06 16:02:00 144] isr_local  803  result_encoding  :  UTF-8  
[2023/09/06 16:02:00 144] isr_local  1083  lucEsr.new   
[2023/09/06 16:02:00 144] isr_local  1000 file count =   1  
[2023/09/06 16:02:00 144] isr_local  923  file open type is:   fo  
[2023/09/06 16:02:00 144] isr_local  956  res/asr/common.jet  0  0  
[2023/09/06 16:02:00 145] isr_local  1018 speech_plus_setting  0  
[2023/09/06 16:02:00 145] isr_local  1031 2  nil  res/asr/common.jet  0  0  
[2023/09/06 16:02:00 145] isr_local  1033 res_ver  2  
[2023/09/06 16:02:00 145] isr_local  1034 res 5  62dd61c88201165be2937d82ec3543bf  
[2023/09/06 16:02:00 145] isr_local  1035 res_new_old_mark  v5pp  
[2023/09/06 16:02:00 145] isr_local  1036 res_usr_name  ""  
[2023/09/06 16:02:00 146] isr_local  1037 res_expires    
[2023/09/06 16:02:00 146] isr_local  1038 err  0  
[2023/09/06 16:02:00 146] isr_local  1054 lgi appid 5  62dd61c88201165be2937d82ec3543bf  
[2023/09/06 16:02:00 146] isr_local  1065 res_expires is null  
[2023/09/06 16:02:00 147] auth       74   aitalk  app  nil  nil  {"aitalk":{"ver":"2","bus":{"forbid":"0","nlimit":2020}}}  
[2023/09/06 16:02:00 147] auth       312  nil  
[2023/09/06 16:02:00 175] isr_local  1294 authorized_aitalk=  nil  
[2023/09/06 16:02:00 175] isr_local  1295 forbid_aitalk=  0  
[2023/09/06 16:02:00 175] auth       570  aitalk  table(64063fa0) nil  nil  appid = 5e7d9f3e  
[2023/09/06 16:02:00 175] auth       579  app  nil  nil  nil  
[2023/09/06 16:02:00 175] auth       636  ath rquest  {"authorize":[{"ver":"2.1.1","busin":"aitalk"}]}  
[2023/09/06 16:02:00 178] transport  642  paramkvsport is   nil  
[2023/09/06 16:02:00 178] transport  654  ns_enable=  1  
[2023/09/06 16:02:00 178] transport  656  2017-08--24 is_ns_need_close =   nil  
[2023/09/06 16:02:00 178] transport  662  net.nettype=  standard  
[2023/09/06 16:02:00 179] transport  672  url.full=  nil  
[2023/09/06 16:02:00 179] transport  673  urltmp=  nil  
[2023/09/06 16:02:00 179] transport  677  server_url_host=, server_url_port=, server_url_path=  open.xf-yun.com  nil  /msp.do  
[2023/09/06 16:02:00 179] transport  705  url.full=  nil  
[2023/09/06 16:02:00 179] transport  890  switch 80  
[2023/09/06 16:02:00 179] transport  902  net type:  standard  
[2023/09/06 16:02:00 179] transport  903  net operator:  def  
[2023/09/06 16:02:00 179] transport  904  use proxy:  false  
[2023/09/06 16:02:00 179] auth       691  not login!  
[2023/09/06 16:02:00 180] auth       528  [session] send auth request  
[2023/09/06 16:02:00 180] transport  1102 session.domain=  open.xf-yun.com  
[2023/09/06 16:02:00 180] transport  1103 url.host=  open.xf-yun.com  
[2023/09/06 16:02:00 180] transport  1080 NAMESERVER START  
[2023/09/06 16:02:00 180] transport  1083 name =   ath  
[2023/09/06 16:02:00 180] ns         629  ntt=  standard  
[2023/09/06 16:02:00 180] transport  1086 trans,ns_inprog =  0  
[2023/09/06 16:02:00 181] ns         585  name server start  
[2023/09/06 16:02:00 181] ns         586  ns_sub =   ath  
[2023/09/06 16:02:00 181] ns         588  ns_host=  open.xf-yun.com  
[2023/09/06 16:02:00 181] ns         479  ns_host=  open.xf-yun.com  
[2023/09/06 16:02:00 181] ns         558  GET /sip/resolver?srand=0906160211.32 HTTP/1.1
Host: hdns.openspeech.cn
Connection: Keep-Alive
X-Par: ver=1.3&appid=5e7d9f3e&operator=UNKNOW&nettype=STANDARD&cver=5.0.38.1195&svc=ath&host=open.xf-yun.com&sign=63cfb6945fd89c558ea9d34b27af748c
User-Agent: iFLYCloud

  
[2023/09/06 16:02:00 181] ns         559  net_type =  standard  
[2023/09/06 16:02:00 181] ns         560  cmwapascmnet =  
[2023/09/06 16:02:00 181] ns         561  uniwapasuninet =  
[2023/09/06 16:02:00 182] ns         562  ctwapasctnet =  
[2023/09/06 16:02:00 182] ns         579  host=  hdns.openspeech.cn  
[2023/09/06 16:02:00 182] network    263  gethostbyname  hdns.openspeech.cn  ns1  
[2023/09/06 16:02:00 182] auth       535  0  
[2023/09/06 16:02:00 183] auth       498  lver:  nil  
[2023/09/06 16:02:00 183] auth       503  cfg_ver:  nil  
[2023/09/06 16:02:00 183] transport  1849 transport_obj.send | in  
[2023/09/06 16:02:00 183] transport  1855 self.msg_flag_q  table(64026130) 
[2023/09/06 16:02:00 183] transport  1856 self.msg_q  table(6402bcd0) 
[2023/09/06 16:02:00 183] transport  1788 transport_obj.try2send | in  
[2023/09/06 16:02:00 183] transport  1789 self.soc  nil  
[2023/09/06 16:02:00 183] transport  1790 self.connected  false  
[2023/09/06 16:02:00 183] transport  1791 self.latesterr  0  
[2023/09/06 16:02:00 184] transport  1862 transport_obj.send | out  
[2023/09/06 16:02:00 184] isr_local  2038 commit path:   res/asr/GrmBuilld/temp/commit  
[2023/09/06 16:02:00 197] isr_local  2076 commit success!  
[2023/09/06 16:02:00 202] isr_local  1409 esr_session_begin | esr_obj:start ret =  0  
[2023/09/06 16:02:00 202] isr_local  2122 esr_session_begin, ret =   0  
[2023/09/06 16:02:00 202] isr_local  2265 last gc at  1693987319  
[2023/09/06 16:02:00 299] isr_local  655  local engine ready  
[2023/09/06 16:02:00 299] isr_local  585  esr_flush_buf_audio buffer audio num:  0  
[2023/09/06 16:02:00 301] isr_local  630  local engine started  
[2023/09/06 16:02:00 330] isr_local  2126 ASR_LOCAL_MSG_AUW  
[2023/09/06 16:02:00 330] isr_local  1558 auwl =   3200  
[2023/09/06 16:02:00 331] isr_local  2135 esr_audio_write, ret =  nil  
[2023/09/06 16:02:00 331] isr_local  2265 last gc at  1693987319  
[2023/09/06 16:02:00 430] isr_local  2126 ASR_LOCAL_MSG_AUW  
[2023/09/06 16:02:00 430] isr_local  1558 auwl =   3200  
[2023/09/06 16:02:00 431] isr_local  2135 esr_audio_write, ret =  nil  
[2023/09/06 16:02:00 431] isr_local  2265 last gc at  1693987319  
[2023/09/06 16:02:00 534] isr_local  2126 ASR_LOCAL_MSG_AUW  
[2023/09/06 16:02:00 534] isr_local  1558 auwl =   3200  
[2023/09/06 16:02:00 535] isr_local  2135 esr_audio_write, ret =  nil  
[2023/09/06 16:02:00 535] isr_local  2265 last gc at  1693987319  
[2023/09/06 16:02:00 639] isr_local  2126 ASR_LOCAL_MSG_AUW  
[2023/09/06 16:02:00 640] isr_local  1558 auwl =   3200  
[2023/09/06 16:02:00 641] isr_local  2135 esr_audio_write, ret =  nil  
[2023/09/06 16:02:00 641] isr_local  2265 last gc at  1693987319  
[2023/09/06 16:02:00 739] isr_local  2126 ASR_LOCAL_MSG_AUW  
[2023/09/06 16:02:00 740] isr_local  1558 auwl =   3200  
[2023/09/06 16:02:00 741] isr_local  2135 esr_audio_write, ret =  nil  
[2023/09/06 16:02:00 741] isr_local  2265 last gc at  1693987319  
[2023/09/06 16:02:00 839] isr_local  2126 ASR_LOCAL_MSG_AUW  
[2023/09/06 16:02:00 840] isr_local  1558 auwl =   3200  
[2023/09/06 16:02:00 840] isr_local  2135 esr_audio_write, ret =  nil  
[2023/09/06 16:02:00 841] isr_local  2265 last gc at  1693987319  
[2023/09/06 16:02:00 940] isr_local  2126 ASR_LOCAL_MSG_AUW  
[2023/09/06 16:02:00 941] isr_local  1558 auwl =   3200  
[2023/09/06 16:02:00 942] isr_local  2135 esr_audio_write, ret =  nil  
[2023/09/06 16:02:00 942] isr_local  2265 last gc at  1693987319  
[2023/09/06 16:02:01 040] isr_local  2126 ASR_LOCAL_MSG_AUW  
[2023/09/06 16:02:01 040] isr_local  1558 auwl =   3200  
[2023/09/06 16:02:01 041] isr_local  2135 esr_audio_write, ret =  nil  
[2023/09/06 16:02:01 042] isr_local  2265 last gc at  1693987319  
[2023/09/06 16:02:01 140] isr_local  2126 ASR_LOCAL_MSG_AUW  
[2023/09/06 16:02:01 140] isr_local  1558 auwl =   3200  
[2023/09/06 16:02:01 141] isr_local  2135 esr_audio_write, ret =  nil  
[2023/09/06 16:02:01 141] isr_local  2265 last gc at  1693987319  
[2023/09/06 16:02:01 239] isr_local  2126 ASR_LOCAL_MSG_AUW  
[2023/09/06 16:02:01 240] isr_local  1558 auwl =   3200  
[2023/09/06 16:02:01 241] isr_local  2135 esr_audio_write, ret =  nil  
[2023/09/06 16:02:01 241] isr_local  2265 last gc at  1693987319  
[2023/09/06 16:02:01 340] isr_local  2126 ASR_LOCAL_MSG_AUW  
[2023/09/06 16:02:01 340] isr_local  1558 auwl =   3200  
[2023/09/06 16:02:01 341] isr_local  2135 esr_audio_write, ret =  nil  
[2023/09/06 16:02:01 341] isr_local  2265 last gc at  1693987319  
[2023/09/06 16:02:01 439] isr_local  2126 ASR_LOCAL_MSG_AUW  
[2023/09/06 16:02:01 440] isr_local  1558 auwl =   3200  
[2023/09/06 16:02:01 440] isr_local  2135 esr_audio_write, ret =  nil  
[2023/09/06 16:02:01 441] isr_local  2265 last gc at  1693987319  
[2023/09/06 16:02:01 539] isr_local  2126 ASR_LOCAL_MSG_AUW  
[2023/09/06 16:02:01 540] isr_local  1558 auwl =   3200  
[2023/09/06 16:02:01 541] isr_local  2135 esr_audio_write, ret =  nil  
[2023/09/06 16:02:01 541] isr_local  2265 last gc at  1693987319  
[2023/09/06 16:02:01 630] isr_local  2126 ASR_LOCAL_MSG_AUW  
[2023/09/06 16:02:01 630] isr_local  1558 auwl =   3200  
[2023/09/06 16:02:01 630] isr_local  2135 esr_audio_write, ret =  nil  
[2023/09/06 16:02:01 631] isr_local  2265 last gc at  1693987319  
[2023/09/06 16:02:01 728] isr_local  2126 ASR_LOCAL_MSG_AUW  
[2023/09/06 16:02:01 729] isr_local  1558 auwl =   3200  
[2023/09/06 16:02:01 729] isr_local  2135 esr_audio_write, ret =  nil  
[2023/09/06 16:02:01 729] isr_local  2265 last gc at  1693987319  
[2023/09/06 16:02:01 840] isr_local  2126 ASR_LOCAL_MSG_AUW  
[2023/09/06 16:02:01 840] isr_local  1558 auwl =   3200  
[2023/09/06 16:02:01 842] isr_local  2135 esr_audio_write, ret =  nil  
[2023/09/06 16:02:01 843] isr_local  2265 last gc at  1693987319  
[2023/09/06 16:02:01 939] isr_local  2126 ASR_LOCAL_MSG_AUW  
[2023/09/06 16:02:01 940] isr_local  1558 auwl =   3200  
[2023/09/06 16:02:01 942] isr_local  2135 esr_audio_write, ret =  nil  
[2023/09/06 16:02:01 942] isr_local  2265 last gc at  1693987319  
[2023/09/06 16:02:02 039] isr_local  2126 ASR_LOCAL_MSG_AUW  
[2023/09/06 16:02:02 040] isr_local  1558 auwl =   3200  
[2023/09/06 16:02:02 041] isr_local  2135 esr_audio_write, ret =  nil  
[2023/09/06 16:02:02 041] isr_local  2265 last gc at  1693987319  
[2023/09/06 16:02:02 140] isr_local  2126 ASR_LOCAL_MSG_AUW  
[2023/09/06 16:02:02 140] isr_local  1558 auwl =   3200  
[2023/09/06 16:02:02 141] isr_local  2135 esr_audio_write, ret =  nil  
[2023/09/06 16:02:02 141] isr_local  2265 last gc at  1693987319  
[2023/09/06 16:02:02 239] isr_local  2126 ASR_LOCAL_MSG_AUW  
[2023/09/06 16:02:02 240] isr_local  1558 auwl =   3200  
[2023/09/06 16:02:02 242] isr_local  2135 esr_audio_write, ret =  nil  
[2023/09/06 16:02:02 242] isr_local  2265 last gc at  1693987319  
[2023/09/06 16:02:02 339] isr_local  2126 ASR_LOCAL_MSG_AUW  
[2023/09/06 16:02:02 340] isr_local  1558 auwl =   3200  
[2023/09/06 16:02:02 340] isr_local  2135 esr_audio_write, ret =  nil  
[2023/09/06 16:02:02 341] isr_local  2265 last gc at  1693987319  
[2023/09/06 16:02:02 442] isr_local  2126 ASR_LOCAL_MSG_AUW  
[2023/09/06 16:02:02 443] isr_local  1558 auwl =   3200  
[2023/09/06 16:02:02 444] isr_local  2135 esr_audio_write, ret =  nil  
[2023/09/06 16:02:02 444] isr_local  2265 last gc at  1693987319  
[2023/09/06 16:02:02 541] isr_local  2126 ASR_LOCAL_MSG_AUW  
[2023/09/06 16:02:02 542] isr_local  1558 auwl =   3200  
[2023/09/06 16:02:02 543] isr_local  2135 esr_audio_write, ret =  nil  
[2023/09/06 16:02:02 544] isr_local  2265 last gc at  1693987319  
[2023/09/06 16:02:02 642] isr_local  2126 ASR_LOCAL_MSG_AUW  
[2023/09/06 16:02:02 643] isr_local  1558 auwl =   3200  
[2023/09/06 16:02:02 644] isr_local  2135 esr_audio_write, ret =  nil  
[2023/09/06 16:02:02 644] isr_local  2265 last gc at  1693987319  
[2023/09/06 16:02:02 730] isr_local  2126 ASR_LOCAL_MSG_AUW  
[2023/09/06 16:02:02 730] isr_local  1558 auwl =   3200  
[2023/09/06 16:02:02 730] isr_local  2135 esr_audio_write, ret =  nil  
[2023/09/06 16:02:02 730] isr_local  2265 last gc at  1693987319  
[2023/09/06 16:02:02 834] isr_local  2126 ASR_LOCAL_MSG_AUW  
[2023/09/06 16:02:02 835] isr_local  1558 auwl =   3200  
[2023/09/06 16:02:02 835] isr_local  2135 esr_audio_write, ret =  nil  
[2023/09/06 16:02:02 835] isr_local  2265 last gc at  1693987319  
[2023/09/06 16:02:02 941] isr_local  2126 ASR_LOCAL_MSG_AUW  
[2023/09/06 16:02:02 941] isr_local  1558 auwl =   3200  
[2023/09/06 16:02:02 942] isr_local  2135 esr_audio_write, ret =  nil  
[2023/09/06 16:02:02 943] isr_local  2265 last gc at  1693987319  
[2023/09/06 16:02:03 041] isr_local  2126 ASR_LOCAL_MSG_AUW  
[2023/09/06 16:02:03 041] isr_local  1558 auwl =   3200  
[2023/09/06 16:02:03 042] isr_local  2135 esr_audio_write, ret =  nil  
[2023/09/06 16:02:03 042] isr_local  2265 last gc at  1693987319  
[2023/09/06 16:02:03 128] isr_local  2126 ASR_LOCAL_MSG_AUW  
[2023/09/06 16:02:03 129] isr_local  1558 auwl =   2560  
[2023/09/06 16:02:03 133] isr_local  2135 esr_audio_write, ret =  nil  
[2023/09/06 16:02:03 134] isr_local  2265 last gc at  1693987319  
[2023/09/06 16:02:03 183] transport  306  [dns] [1] timeout!   
[2023/09/06 16:02:03 184] transport  74   dns_failed  
[2023/09/06 16:02:03 184] network    90   ipfromenv ,  ipcache  open.xf-yun.com  def  nil  
[2023/09/06 16:02:03 185] network    90   ipfromenv ,  ipcfg  open.xf-yun.com  def  nil  
[2023/09/06 16:02:03 186] transport  1298 [soc] connect   116.213.69.195  80  
[2023/09/06 16:02:03 188] transport  1310 mspsoc.open,prot_type=  tcp  
[2023/09/06 16:02:03 196] network    231  dns timeout!  ns1  
[2023/09/06 16:02:03 196] ns         457  ns dns failed, err =   10114  
[2023/09/06 16:02:03 197] network    445  gethttpresp2  117.121.48.5  80  ns2  
[2023/09/06 16:02:03 198] network    465  prot_type  tcp  
[2023/09/06 16:02:03 233] isr_local  669  final result will throw out next!  
[2023/09/06 16:02:03 235] isr_local  679  nRecognizeState:  1  
[2023/09/06 16:02:03 235] isr_local  680  nConfidenceScore:  54  
[2023/09/06 16:02:03 235] isr_local  728  result_type :   xml  
[2023/09/06 16:02:03 236] isr_local  729  result_encoding :   UTF-8  
[2023/09/06 16:02:03 236] isr_local  730  is iat :   false  
[2023/09/06 16:02:03 238] isr_local  469  item_count:1  
[2023/09/06 16:02:03 238] isr_local  469  item_count:1  
[2023/09/06 16:02:03 240] isr_local  293  nil  
[2023/09/06 16:02:03 244] isr_local  675  recognized end!  
[2023/09/06 16:02:03 261] isr_local  2140 ASR_LOCAL_MSG_SSE  
[2023/09/06 16:02:03 262] isr_local  1518 esr_session_end | esr_obj:stop ret =  0  
[2023/09/06 16:02:03 266] isr_local  2142 esr_session_end, ret =  0  
[2023/09/06 16:02:03 284] isr_local  2265 last gc at  1693987319  
[2023/09/06 16:02:03 303] isr_local  2182 SYS_MSG_SHUTDOWN_LOCAL  
[2023/09/06 16:02:03 318] isr_local  2265 last gc at  1693987319  
============================================================
Time  2023/09/06 16:02:04 941 
============================================================
[2023/09/06 16:02:04 941] isr_local  2168 os_type is:  Linux  
[2023/09/06 16:02:04 942] isr_local  2177 SYS_MSG_LOAD_LOCAL  
[2023/09/06 16:02:04 942] isr_local  2265 last gc at  1693987324  
[2023/09/06 16:02:04 942] isr_local  2206 SYS_MSG_REGCB_LOCAL| param0 =  msp_status_cb  
[2023/09/06 16:02:04 943] isr_local  2265 last gc at  1693987324  
[2023/09/06 16:02:04 943] isr_local  2206 SYS_MSG_REGCB_LOCAL| param0 =  local_service_cbmsg  
[2023/09/06 16:02:04 943] isr_local  2265 last gc at  1693987324  
[2023/09/06 16:02:04 944] isr_local  2114 ASR_LOCAL_MSG_SSB  
[2023/09/06 16:02:04 944] isr_local  1251 esr_session_begin | params:  engine_type=local,asr_res_path=fo|res/asr/common.jet,sample_rate=16000,grm_build_path=res/asr/GrmBuilld,local_grammar=call,result_type=xml,result_encoding=UTF-8  
[2023/09/06 16:02:04 944] isr_local  803  engine_type  :  local  
[2023/09/06 16:02:04 945] isr_local  803  asr_res_path  :  fo|res/asr/common.jet  
[2023/09/06 16:02:04 945] isr_local  803  sample_rate  :  16000  
[2023/09/06 16:02:04 945] isr_local  803  grm_build_path  :  res/asr/GrmBuilld  
[2023/09/06 16:02:04 945] isr_local  803  local_grammar  :  call  
[2023/09/06 16:02:04 945] isr_local  803  result_type  :  xml  
[2023/09/06 16:02:04 945] isr_local  803  result_encoding  :  UTF-8  
[2023/09/06 16:02:04 946] isr_local  1280 init aitalk in ssb  
[2023/09/06 16:02:04 946] isr_local  1162 esr_init | params:  engine_type=local,asr_res_path=fo|res/asr/common.jet,sample_rate=16000,grm_build_path=res/asr/GrmBuilld,local_grammar=call,result_type=xml,result_encoding=UTF-8  
[2023/09/06 16:02:04 946] isr_local  803  engine_type  :  local  
[2023/09/06 16:02:04 946] isr_local  803  asr_res_path  :  fo|res/asr/common.jet  
[2023/09/06 16:02:04 946] isr_local  803  sample_rate  :  16000  
[2023/09/06 16:02:04 946] isr_local  803  grm_build_path  :  res/asr/GrmBuilld  
[2023/09/06 16:02:04 947] isr_local  803  local_grammar  :  call  
[2023/09/06 16:02:04 947] isr_local  803  result_type  :  xml  
[2023/09/06 16:02:04 947] isr_local  803  result_encoding  :  UTF-8  
[2023/09/06 16:02:04 947] isr_local  1083  lucEsr.new   
[2023/09/06 16:02:04 948] isr_local  1000 file count =   1  
[2023/09/06 16:02:04 948] isr_local  923  file open type is:   fo  
[2023/09/06 16:02:04 948] isr_local  956  res/asr/common.jet  0  0  
[2023/09/06 16:02:04 948] isr_local  1018 speech_plus_setting  0  
[2023/09/06 16:02:04 948] isr_local  1031 2  nil  res/asr/common.jet  0  0  
[2023/09/06 16:02:04 949] isr_local  1033 res_ver  2  
[2023/09/06 16:02:04 949] isr_local  1034 res 5  62dd61c88201165be2937d82ec3543bf  
[2023/09/06 16:02:04 949] isr_local  1035 res_new_old_mark  v5pp  
[2023/09/06 16:02:04 949] isr_local  1036 res_usr_name  ""  
[2023/09/06 16:02:04 949] isr_local  1037 res_expires    
[2023/09/06 16:02:04 950] isr_local  1038 err  0  
[2023/09/06 16:02:04 950] isr_local  1054 lgi appid 5  62dd61c88201165be2937d82ec3543bf  
[2023/09/06 16:02:04 950] isr_local  1065 res_expires is null  
[2023/09/06 16:02:04 951] auth       74   aitalk  app  nil  nil  {"aitalk":{"ver":"2","bus":{"forbid":"0","nlimit":2020}}}  
[2023/09/06 16:02:04 952] auth       312  nil  
[2023/09/06 16:02:04 979] isr_local  1294 authorized_aitalk=  nil  
[2023/09/06 16:02:04 979] isr_local  1295 forbid_aitalk=  0  
[2023/09/06 16:02:04 979] auth       570  aitalk  table(98063e70) nil  nil  appid = 5e7d9f3e  
[2023/09/06 16:02:04 980] auth       579  app  nil  nil  nil  
[2023/09/06 16:02:04 980] auth       636  ath rquest  {"authorize":[{"busin":"aitalk","ver":"2.1.1"}]}  
[2023/09/06 16:02:04 984] transport  642  paramkvsport is   nil  
[2023/09/06 16:02:04 984] transport  654  ns_enable=  1  
[2023/09/06 16:02:04 984] transport  656  2017-08--24 is_ns_need_close =   nil  
[2023/09/06 16:02:04 984] transport  662  net.nettype=  standard  
[2023/09/06 16:02:04 984] transport  672  url.full=  nil  
[2023/09/06 16:02:04 984] transport  673  urltmp=  nil  
[2023/09/06 16:02:04 985] transport  677  server_url_host=, server_url_port=, server_url_path=  open.xf-yun.com  nil  /msp.do  
[2023/09/06 16:02:04 985] transport  705  url.full=  nil  
[2023/09/06 16:02:04 985] transport  890  switch 80  
[2023/09/06 16:02:04 985] transport  902  net type:  standard  
[2023/09/06 16:02:04 985] transport  903  net operator:  def  
[2023/09/06 16:02:04 985] transport  904  use proxy:  false  
[2023/09/06 16:02:04 985] auth       691  not login!  
[2023/09/06 16:02:04 986] auth       528  [session] send auth request  
[2023/09/06 16:02:04 986] transport  1102 session.domain=  open.xf-yun.com  
[2023/09/06 16:02:04 986] transport  1103 url.host=  open.xf-yun.com  
[2023/09/06 16:02:04 986] transport  1080 NAMESERVER START  
[2023/09/06 16:02:04 986] transport  1083 name =   ath  
[2023/09/06 16:02:04 986] ns         629  ntt=  standard  
[2023/09/06 16:02:04 986] transport  1086 trans,ns_inprog =  0  
[2023/09/06 16:02:04 987] ns         585  name server start  
[2023/09/06 16:02:04 987] ns         586  ns_sub =   ath  
[2023/09/06 16:02:04 987] ns         588  ns_host=  open.xf-yun.com  
[2023/09/06 16:02:04 987] ns         479  ns_host=  open.xf-yun.com  
[2023/09/06 16:02:04 987] ns         558  GET /sip/resolver?srand=0906160211.32 HTTP/1.1
Host: hdns.openspeech.cn
Connection: Keep-Alive
X-Par: ver=1.3&appid=5e7d9f3e&operator=UNKNOW&nettype=STANDARD&cver=5.0.38.1195&svc=ath&host=open.xf-yun.com&sign=63cfb6945fd89c558ea9d34b27af748c
User-Agent: iFLYCloud

  
[2023/09/06 16:02:04 987] ns         559  net_type =  standard  
[2023/09/06 16:02:04 988] ns         560  cmwapascmnet =  
[2023/09/06 16:02:04 988] ns         561  uniwapasuninet =  
[2023/09/06 16:02:04 988] ns         562  ctwapasctnet =  
[2023/09/06 16:02:04 988] ns         579  host=  hdns.openspeech.cn  
[2023/09/06 16:02:04 988] network    263  gethostbyname  hdns.openspeech.cn  ns1  
[2023/09/06 16:02:04 989] auth       535  0  
[2023/09/06 16:02:04 989] auth       498  lver:  nil  
[2023/09/06 16:02:04 989] auth       503  cfg_ver:  nil  
[2023/09/06 16:02:04 989] transport  1849 transport_obj.send | in  
[2023/09/06 16:02:04 990] transport  1855 self.msg_flag_q  table(980811e0) 
[2023/09/06 16:02:04 990] transport  1856 self.msg_q  table(9802b5d0) 
[2023/09/06 16:02:04 990] transport  1788 transport_obj.try2send | in  
[2023/09/06 16:02:04 990] transport  1789 self.soc  nil  
[2023/09/06 16:02:04 990] transport  1790 self.connected  false  
[2023/09/06 16:02:04 990] transport  1791 self.latesterr  0  
[2023/09/06 16:02:04 990] transport  1862 transport_obj.send | out  
[2023/09/06 16:02:04 991] isr_local  2038 commit path:   res/asr/GrmBuilld/temp/commit  
[2023/09/06 16:02:05 008] isr_local  2076 commit success!  
[2023/09/06 16:02:05 012] isr_local  1409 esr_session_begin | esr_obj:start ret =  0  
[2023/09/06 16:02:05 012] isr_local  2122 esr_session_begin, ret =   0  
[2023/09/06 16:02:05 013] isr_local  2265 last gc at  1693987324  
[2023/09/06 16:02:05 109] isr_local  655  local engine ready  
[2023/09/06 16:02:05 109] isr_local  585  esr_flush_buf_audio buffer audio num:  0  
[2023/09/06 16:02:05 110] isr_local  630  local engine started  
[2023/09/06 16:02:05 140] isr_local  2126 ASR_LOCAL_MSG_AUW  
[2023/09/06 16:02:05 141] isr_local  1558 auwl =   3200  
[2023/09/06 16:02:05 141] isr_local  2135 esr_audio_write, ret =  nil  
[2023/09/06 16:02:05 141] isr_local  2265 last gc at  1693987324  
[2023/09/06 16:02:05 227] isr_local  2126 ASR_LOCAL_MSG_AUW  
[2023/09/06 16:02:05 227] isr_local  1558 auwl =   3200  
[2023/09/06 16:02:05 227] isr_local  2135 esr_audio_write, ret =  nil  
[2023/09/06 16:02:05 227] isr_local  2265 last gc at  1693987324  
[2023/09/06 16:02:05 333] isr_local  2126 ASR_LOCAL_MSG_AUW  
[2023/09/06 16:02:05 333] isr_local  1558 auwl =   3200  
[2023/09/06 16:02:05 334] isr_local  2135 esr_audio_write, ret =  nil  
[2023/09/06 16:02:05 334] isr_local  2265 last gc at  1693987324  
[2023/09/06 16:02:05 438] isr_local  2126 ASR_LOCAL_MSG_AUW  
[2023/09/06 16:02:05 439] isr_local  1558 auwl =   3200  
[2023/09/06 16:02:05 440] isr_local  2135 esr_audio_write, ret =  nil  
[2023/09/06 16:02:05 440] isr_local  2265 last gc at  1693987324  
[2023/09/06 16:02:05 535] isr_local  2126 ASR_LOCAL_MSG_AUW  
[2023/09/06 16:02:05 535] isr_local  1558 auwl =   3200  
[2023/09/06 16:02:05 536] isr_local  2135 esr_audio_write, ret =  nil  
[2023/09/06 16:02:05 536] isr_local  2265 last gc at  1693987324  
[2023/09/06 16:02:05 635] isr_local  2126 ASR_LOCAL_MSG_AUW  
[2023/09/06 16:02:05 635] isr_local  1558 auwl =   3200  
[2023/09/06 16:02:05 636] isr_local  2135 esr_audio_write, ret =  nil  
[2023/09/06 16:02:05 636] isr_local  2265 last gc at  1693987324  
[2023/09/06 16:02:05 734] isr_local  2126 ASR_LOCAL_MSG_AUW  
[2023/09/06 16:02:05 735] isr_local  1558 auwl =   3200  
[2023/09/06 16:02:05 735] isr_local  2135 esr_audio_write, ret =  nil  
[2023/09/06 16:02:05 736] isr_local  2265 last gc at  1693987324  
[2023/09/06 16:02:05 824] isr_local  2126 ASR_LOCAL_MSG_AUW  
[2023/09/06 16:02:05 825] isr_local  1558 auwl =   3200  
[2023/09/06 16:02:05 825] isr_local  2135 esr_audio_write, ret =  nil  
[2023/09/06 16:02:05 826] isr_local  2265 last gc at  1693987324  
[2023/09/06 16:02:05 924] isr_local  2126 ASR_LOCAL_MSG_AUW  
[2023/09/06 16:02:05 925] isr_local  1558 auwl =   3200  
[2023/09/06 16:02:05 925] isr_local  2135 esr_audio_write, ret =  nil  
[2023/09/06 16:02:05 926] isr_local  2265 last gc at  1693987324  
[2023/09/06 16:02:06 025] isr_local  2126 ASR_LOCAL_MSG_AUW  
[2023/09/06 16:02:06 025] isr_local  1558 auwl =   3200  
[2023/09/06 16:02:06 026] isr_local  2135 esr_audio_write, ret =  nil  
[2023/09/06 16:02:06 026] isr_local  2265 last gc at  1693987324  
[2023/09/06 16:02:06 131] isr_local  2126 ASR_LOCAL_MSG_AUW  
[2023/09/06 16:02:06 132] isr_local  1558 auwl =   3200  
[2023/09/06 16:02:06 132] isr_local  2135 esr_audio_write, ret =  nil  
[2023/09/06 16:02:06 133] isr_local  2265 last gc at  1693987324  
[2023/09/06 16:02:06 231] isr_local  2126 ASR_LOCAL_MSG_AUW  
[2023/09/06 16:02:06 231] isr_local  1558 auwl =   3200  
[2023/09/06 16:02:06 232] isr_local  2135 esr_audio_write, ret =  nil  
[2023/09/06 16:02:06 232] isr_local  2265 last gc at  1693987324  
[2023/09/06 16:02:06 324] isr_local  2126 ASR_LOCAL_MSG_AUW  
[2023/09/06 16:02:06 325] isr_local  1558 auwl =   3200  
[2023/09/06 16:02:06 325] isr_local  2135 esr_audio_write, ret =  nil  
[2023/09/06 16:02:06 326] isr_local  2265 last gc at  1693987324  
[2023/09/06 16:02:06 431] isr_local  2126 ASR_LOCAL_MSG_AUW  
[2023/09/06 16:02:06 432] isr_local  1558 auwl =   3200  
[2023/09/06 16:02:06 432] isr_local  2135 esr_audio_write, ret =  nil  
[2023/09/06 16:02:06 433] isr_local  2265 last gc at  1693987324  
[2023/09/06 16:02:06 531] isr_local  2126 ASR_LOCAL_MSG_AUW  
[2023/09/06 16:02:06 531] isr_local  1558 auwl =   3200  
[2023/09/06 16:02:06 532] isr_local  2135 esr_audio_write, ret =  nil  
[2023/09/06 16:02:06 532] isr_local  2265 last gc at  1693987324  
[2023/09/06 16:02:06 624] isr_local  2126 ASR_LOCAL_MSG_AUW  
[2023/09/06 16:02:06 625] isr_local  1558 auwl =   3200  
[2023/09/06 16:02:06 625] isr_local  2135 esr_audio_write, ret =  nil  
[2023/09/06 16:02:06 626] isr_local  2265 last gc at  1693987324  
[2023/09/06 16:02:06 732] isr_local  2126 ASR_LOCAL_MSG_AUW  
[2023/09/06 16:02:06 733] isr_local  1558 auwl =   3200  
[2023/09/06 16:02:06 733] isr_local  2135 esr_audio_write, ret =  nil  
[2023/09/06 16:02:06 734] isr_local  2265 last gc at  1693987324  
[2023/09/06 16:02:06 836] isr_local  2126 ASR_LOCAL_MSG_AUW  
[2023/09/06 16:02:06 837] isr_local  1558 auwl =   3200  
[2023/09/06 16:02:06 837] isr_local  2135 esr_audio_write, ret =  nil  
[2023/09/06 16:02:06 838] isr_local  2265 last gc at  1693987324  
[2023/09/06 16:02:06 924] isr_local  2126 ASR_LOCAL_MSG_AUW  
[2023/09/06 16:02:06 925] isr_local  1558 auwl =   3200  
[2023/09/06 16:02:06 925] isr_local  2135 esr_audio_write, ret =  nil  
[2023/09/06 16:02:06 926] isr_local  2265 last gc at  1693987324  
[2023/09/06 16:02:07 025] isr_local  2126 ASR_LOCAL_MSG_AUW  
[2023/09/06 16:02:07 025] isr_local  1558 auwl =   3200  
[2023/09/06 16:02:07 026] isr_local  2135 esr_audio_write, ret =  nil  
[2023/09/06 16:02:07 026] isr_local  2265 last gc at  1693987324  
[2023/09/06 16:02:07 124] isr_local  2126 ASR_LOCAL_MSG_AUW  
[2023/09/06 16:02:07 124] isr_local  1558 auwl =   3200  
[2023/09/06 16:02:07 125] isr_local  2135 esr_audio_write, ret =  nil  
[2023/09/06 16:02:07 125] isr_local  2265 last gc at  1693987324  
[2023/09/06 16:02:07 224] isr_local  2126 ASR_LOCAL_MSG_AUW  
[2023/09/06 16:02:07 224] isr_local  1558 auwl =   3200  
[2023/09/06 16:02:07 225] isr_local  2135 esr_audio_write, ret =  nil  
[2023/09/06 16:02:07 225] isr_local  2265 last gc at  1693987324  
[2023/09/06 16:02:07 326] isr_local  2126 ASR_LOCAL_MSG_AUW  
[2023/09/06 16:02:07 328] isr_local  1558 auwl =   3200  
[2023/09/06 16:02:07 329] isr_local  2135 esr_audio_write, ret =  nil  
[2023/09/06 16:02:07 329] isr_local  2265 last gc at  1693987324  
[2023/09/06 16:02:07 424] isr_local  2126 ASR_LOCAL_MSG_AUW  
[2023/09/06 16:02:07 424] isr_local  1558 auwl =   3200  
[2023/09/06 16:02:07 424] isr_local  2135 esr_audio_write, ret =  nil  
[2023/09/06 16:02:07 424] isr_local  2265 last gc at  1693987324  
[2023/09/06 16:02:07 527] isr_local  2126 ASR_LOCAL_MSG_AUW  
[2023/09/06 16:02:07 527] isr_local  1558 auwl =   3200  
[2023/09/06 16:02:07 527] isr_local  2135 esr_audio_write, ret =  nil  
[2023/09/06 16:02:07 527] isr_local  2265 last gc at  1693987324  
[2023/09/06 16:02:07 625] isr_local  2126 ASR_LOCAL_MSG_AUW  
[2023/09/06 16:02:07 625] isr_local  1558 auwl =   3200  
[2023/09/06 16:02:07 625] isr_local  2135 esr_audio_write, ret =  nil  
[2023/09/06 16:02:07 626] isr_local  2265 last gc at  1693987324  
[2023/09/06 16:02:07 724] isr_local  2126 ASR_LOCAL_MSG_AUW  
[2023/09/06 16:02:07 724] isr_local  1558 auwl =   3200  
[2023/09/06 16:02:07 724] isr_local  2135 esr_audio_write, ret =  nil  
[2023/09/06 16:02:07 724] isr_local  2265 last gc at  1693987324  
[2023/09/06 16:02:07 824] isr_local  2126 ASR_LOCAL_MSG_AUW  
[2023/09/06 16:02:07 824] isr_local  1558 auwl =   3200  
[2023/09/06 16:02:07 824] isr_local  2135 esr_audio_write, ret =  nil  
[2023/09/06 16:02:07 824] isr_local  2265 last gc at  1693987324  
[2023/09/06 16:02:07 926] isr_local  2126 ASR_LOCAL_MSG_AUW  
[2023/09/06 16:02:07 926] isr_local  1558 auwl =   2560  
[2023/09/06 16:02:07 926] isr_local  2135 esr_audio_write, ret =  nil  
[2023/09/06 16:02:07 926] isr_local  2265 last gc at  1693987324  
[2023/09/06 16:02:07 988] network    231  dns timeout!  ns1  
[2023/09/06 16:02:07 989] ns         457  ns dns failed, err =   10114  
[2023/09/06 16:02:07 989] network    445  gethttpresp2  117.121.48.5  80  ns2  
[2023/09/06 16:02:07 989] network    465  prot_type  tcp  
[2023/09/06 16:02:07 990] transport  306  [dns] [1] timeout!   
[2023/09/06 16:02:07 990] transport  74   dns_failed  
[2023/09/06 16:02:07 990] network    90   ipfromenv ,  ipcache  open.xf-yun.com  def  nil  
[2023/09/06 16:02:07 990] network    90   ipfromenv ,  ipcfg  open.xf-yun.com  def  nil  
[2023/09/06 16:02:07 990] transport  1298 [soc] connect   116.213.69.195  80  
[2023/09/06 16:02:07 990] transport  1310 mspsoc.open,prot_type=  tcp  
[2023/09/06 16:02:08 020] isr_local  669  final result will throw out next!  
[2023/09/06 16:02:08 021] isr_local  679  nRecognizeState:  1  
[2023/09/06 16:02:08 021] isr_local  680  nConfidenceScore:  6  
[2023/09/06 16:02:08 021] isr_local  728  result_type :   xml  
[2023/09/06 16:02:08 021] isr_local  729  result_encoding :   UTF-8  
[2023/09/06 16:02:08 021] isr_local  730  is iat :   false  
[2023/09/06 16:02:08 021] isr_local  469  item_count:1  
[2023/09/06 16:02:08 022] isr_local  293  nil  
[2023/09/06 16:02:08 022] isr_local  675  recognized end!  
[2023/09/06 16:02:08 025] isr_local  2140 ASR_LOCAL_MSG_SSE  
[2023/09/06 16:02:08 025] isr_local  1518 esr_session_end | esr_obj:stop ret =  0  
[2023/09/06 16:02:08 025] isr_local  2142 esr_session_end, ret =  0  
[2023/09/06 16:02:08 028] isr_local  2265 last gc at  1693987324  
[2023/09/06 16:02:08 080] isr_local  2182 SYS_MSG_SHUTDOWN_LOCAL  
[2023/09/06 16:02:08 138] isr_local  2265 last gc at  1693987324  
============================================================
Time  2023/09/06 16:02:08 795 
============================================================
[2023/09/06 16:02:08 795] isr_local  2168 os_type is:  Linux  
[2023/09/06 16:02:08 796] isr_local  2177 SYS_MSG_LOAD_LOCAL  
[2023/09/06 16:02:08 796] isr_local  2265 last gc at  1693987328  
[2023/09/06 16:02:08 796] isr_local  2206 SYS_MSG_REGCB_LOCAL| param0 =  msp_status_cb  
[2023/09/06 16:02:08 796] isr_local  2265 last gc at  1693987328  
[2023/09/06 16:02:08 797] isr_local  2206 SYS_MSG_REGCB_LOCAL| param0 =  local_service_cbmsg  
[2023/09/06 16:02:08 797] isr_local  2265 last gc at  1693987328  
[2023/09/06 16:02:08 797] isr_local  2114 ASR_LOCAL_MSG_SSB  
[2023/09/06 16:02:08 797] isr_local  1251 esr_session_begin | params:  engine_type=local,asr_res_path=fo|res/asr/common.jet,sample_rate=16000,grm_build_path=res/asr/GrmBuilld,local_grammar=call,result_type=xml,result_encoding=UTF-8  
[2023/09/06 16:02:08 798] isr_local  803  engine_type  :  local  
[2023/09/06 16:02:08 798] isr_local  803  asr_res_path  :  fo|res/asr/common.jet  
[2023/09/06 16:02:08 798] isr_local  803  sample_rate  :  16000  
[2023/09/06 16:02:08 798] isr_local  803  grm_build_path  :  res/asr/GrmBuilld  
[2023/09/06 16:02:08 798] isr_local  803  local_grammar  :  call  
[2023/09/06 16:02:08 798] isr_local  803  result_type  :  xml  
[2023/09/06 16:02:08 798] isr_local  803  result_encoding  :  UTF-8  
[2023/09/06 16:02:08 799] isr_local  1280 init aitalk in ssb  
[2023/09/06 16:02:08 799] isr_local  1162 esr_init | params:  engine_type=local,asr_res_path=fo|res/asr/common.jet,sample_rate=16000,grm_build_path=res/asr/GrmBuilld,local_grammar=call,result_type=xml,result_encoding=UTF-8  
[2023/09/06 16:02:08 799] isr_local  803  engine_type  :  local  
[2023/09/06 16:02:08 799] isr_local  803  asr_res_path  :  fo|res/asr/common.jet  
[2023/09/06 16:02:08 799] isr_local  803  sample_rate  :  16000  
[2023/09/06 16:02:08 799] isr_local  803  grm_build_path  :  res/asr/GrmBuilld  
[2023/09/06 16:02:08 799] isr_local  803  local_grammar  :  call  
[2023/09/06 16:02:08 800] isr_local  803  result_type  :  xml  
[2023/09/06 16:02:08 800] isr_local  803  result_encoding  :  UTF-8  
[2023/09/06 16:02:08 800] isr_local  1083  lucEsr.new   
[2023/09/06 16:02:08 800] isr_local  1000 file count =   1  
[2023/09/06 16:02:08 800] isr_local  923  file open type is:   fo  
[2023/09/06 16:02:08 800] isr_local  956  res/asr/common.jet  0  0  
[2023/09/06 16:02:08 801] isr_local  1018 speech_plus_setting  0  
[2023/09/06 16:02:08 801] isr_local  1031 2  nil  res/asr/common.jet  0  0  
[2023/09/06 16:02:08 801] isr_local  1033 res_ver  2  
[2023/09/06 16:02:08 801] isr_local  1034 res 5  62dd61c88201165be2937d82ec3543bf  
[2023/09/06 16:02:08 801] isr_local  1035 res_new_old_mark  v5pp  
[2023/09/06 16:02:08 801] isr_local  1036 res_usr_name  ""  
[2023/09/06 16:02:08 802] isr_local  1037 res_expires    
[2023/09/06 16:02:08 802] isr_local  1038 err  0  
[2023/09/06 16:02:08 802] isr_local  1054 lgi appid 5  62dd61c88201165be2937d82ec3543bf  
[2023/09/06 16:02:08 802] isr_local  1065 res_expires is null  
[2023/09/06 16:02:08 803] auth       74   aitalk  app  nil  nil  {"aitalk":{"ver":"2","bus":{"forbid":"0","nlimit":2020}}}  
[2023/09/06 16:02:08 803] auth       312  nil  
[2023/09/06 16:02:08 829] isr_local  1294 authorized_aitalk=  nil  
[2023/09/06 16:02:08 829] isr_local  1295 forbid_aitalk=  0  
[2023/09/06 16:02:08 829] auth       570  aitalk  table(90063df0) nil  nil  appid = 5e7d9f3e  
[2023/09/06 16:02:08 829] auth       579  app  nil  nil  nil  
[2023/09/06 16:02:08 830] auth       636  ath rquest  {"authorize":[{"busin":"aitalk","ver":"2.1.1"}]}  
[2023/09/06 16:02:08 832] transport  642  paramkvsport is   nil  
[2023/09/06 16:02:08 833] transport  654  ns_enable=  1  
[2023/09/06 16:02:08 833] transport  656  2017-08--24 is_ns_need_close =   nil  
[2023/09/06 16:02:08 833] transport  662  net.nettype=  standard  
[2023/09/06 16:02:08 833] transport  672  url.full=  nil  
[2023/09/06 16:02:08 833] transport  673  urltmp=  nil  
[2023/09/06 16:02:08 833] transport  677  server_url_host=, server_url_port=, server_url_path=  open.xf-yun.com  nil  /msp.do  
[2023/09/06 16:02:08 833] transport  705  url.full=  nil  
[2023/09/06 16:02:08 833] transport  890  switch 80  
[2023/09/06 16:02:08 834] transport  902  net type:  standard  
[2023/09/06 16:02:08 834] transport  903  net operator:  def  
[2023/09/06 16:02:08 834] transport  904  use proxy:  false  
[2023/09/06 16:02:08 834] auth       691  not login!  
[2023/09/06 16:02:08 834] auth       528  [session] send auth request  
[2023/09/06 16:02:08 834] transport  1102 session.domain=  open.xf-yun.com  
[2023/09/06 16:02:08 834] transport  1103 url.host=  open.xf-yun.com  
[2023/09/06 16:02:08 834] transport  1080 NAMESERVER START  
[2023/09/06 16:02:08 835] transport  1083 name =   ath  
[2023/09/06 16:02:08 835] ns         629  ntt=  standard  
[2023/09/06 16:02:08 835] transport  1086 trans,ns_inprog =  0  
[2023/09/06 16:02:08 835] ns         585  name server start  
[2023/09/06 16:02:08 835] ns         586  ns_sub =   ath  
[2023/09/06 16:02:08 835] ns         588  ns_host=  open.xf-yun.com  
[2023/09/06 16:02:08 835] ns         479  ns_host=  open.xf-yun.com  
[2023/09/06 16:02:08 835] ns         558  GET /sip/resolver?srand=0906160211.32 HTTP/1.1
Host: hdns.openspeech.cn
Connection: Keep-Alive
X-Par: ver=1.3&appid=5e7d9f3e&operator=UNKNOW&nettype=STANDARD&cver=5.0.38.1195&svc=ath&host=open.xf-yun.com&sign=63cfb6945fd89c558ea9d34b27af748c
User-Agent: iFLYCloud

  
[2023/09/06 16:02:08 836] ns         559  net_type =  standard  
[2023/09/06 16:02:08 836] ns         560  cmwapascmnet =  
[2023/09/06 16:02:08 836] ns         561  uniwapasuninet =  
[2023/09/06 16:02:08 836] ns         562  ctwapasctnet =  
[2023/09/06 16:02:08 836] ns         579  host=  hdns.openspeech.cn  
[2023/09/06 16:02:08 836] network    263  gethostbyname  hdns.openspeech.cn  ns1  
[2023/09/06 16:02:08 837] auth       535  0  
[2023/09/06 16:02:08 837] auth       498  lver:  nil  
[2023/09/06 16:02:08 837] auth       503  cfg_ver:  nil  
[2023/09/06 16:02:08 837] transport  1849 transport_obj.send | in  
[2023/09/06 16:02:08 837] transport  1855 self.msg_flag_q  table(900a2880) 
[2023/09/06 16:02:08 838] transport  1856 self.msg_q  table(9007cfb0) 
[2023/09/06 16:02:08 838] transport  1788 transport_obj.try2send | in  
[2023/09/06 16:02:08 838] transport  1789 self.soc  nil  
[2023/09/06 16:02:08 838] transport  1790 self.connected  false  
[2023/09/06 16:02:08 838] transport  1791 self.latesterr  0  
[2023/09/06 16:02:08 838] transport  1862 transport_obj.send | out  
[2023/09/06 16:02:08 839] isr_local  2038 commit path:   res/asr/GrmBuilld/temp/commit  
[2023/09/06 16:02:08 849] isr_local  2076 commit success!  
[2023/09/06 16:02:08 853] isr_local  1409 esr_session_begin | esr_obj:start ret =  0  
[2023/09/06 16:02:08 853] isr_local  2122 esr_session_begin, ret =   0  
[2023/09/06 16:02:08 854] isr_local  2265 last gc at  1693987328  
[2023/09/06 16:02:08 952] isr_local  655  local engine ready  
[2023/09/06 16:02:08 953] isr_local  585  esr_flush_buf_audio buffer audio num:  0  
[2023/09/06 16:02:08 954] isr_local  630  local engine started  
[2023/09/06 16:02:08 976] isr_local  2126 ASR_LOCAL_MSG_AUW  
[2023/09/06 16:02:08 977] isr_local  1558 auwl =   3200  
[2023/09/06 16:02:08 977] isr_local  2135 esr_audio_write, ret =  nil  
[2023/09/06 16:02:08 977] isr_local  2265 last gc at  1693987328  
[2023/09/06 16:02:09 075] isr_local  2126 ASR_LOCAL_MSG_AUW  
[2023/09/06 16:02:09 076] isr_local  1558 auwl =   3200  
[2023/09/06 16:02:09 076] isr_local  2135 esr_audio_write, ret =  nil  
[2023/09/06 16:02:09 076] isr_local  2265 last gc at  1693987328  
[2023/09/06 16:02:09 185] isr_local  2126 ASR_LOCAL_MSG_AUW  
[2023/09/06 16:02:09 186] isr_local  1558 auwl =   3200  
[2023/09/06 16:02:09 187] isr_local  2135 esr_audio_write, ret =  nil  
[2023/09/06 16:02:09 188] isr_local  2265 last gc at  1693987328  
[2023/09/06 16:02:09 286] isr_local  2126 ASR_LOCAL_MSG_AUW  
[2023/09/06 16:02:09 287] isr_local  1558 auwl =   3200  
[2023/09/06 16:02:09 288] isr_local  2135 esr_audio_write, ret =  nil  
[2023/09/06 16:02:09 288] isr_local  2265 last gc at  1693987328  
[2023/09/06 16:02:09 383] isr_local  2126 ASR_LOCAL_MSG_AUW  
[2023/09/06 16:02:09 383] isr_local  1558 auwl =   3200  
[2023/09/06 16:02:09 384] isr_local  2135 esr_audio_write, ret =  nil  
[2023/09/06 16:02:09 384] isr_local  2265 last gc at  1693987328  
[2023/09/06 16:02:09 483] isr_local  2126 ASR_LOCAL_MSG_AUW  
[2023/09/06 16:02:09 483] isr_local  1558 auwl =   3200  
[2023/09/06 16:02:09 484] isr_local  2135 esr_audio_write, ret =  nil  
[2023/09/06 16:02:09 484] isr_local  2265 last gc at  1693987328  
[2023/09/06 16:02:09 576] isr_local  2126 ASR_LOCAL_MSG_AUW  
[2023/09/06 16:02:09 576] isr_local  1558 auwl =   3200  
[2023/09/06 16:02:09 577] isr_local  2135 esr_audio_write, ret =  nil  
[2023/09/06 16:02:09 577] isr_local  2265 last gc at  1693987328  
[2023/09/06 16:02:09 676] isr_local  2126 ASR_LOCAL_MSG_AUW  
[2023/09/06 16:02:09 676] isr_local  1558 auwl =   3200  
[2023/09/06 16:02:09 677] isr_local  2135 esr_audio_write, ret =  nil  
[2023/09/06 16:02:09 677] isr_local  2265 last gc at  1693987328  
[2023/09/06 16:02:09 775] isr_local  2126 ASR_LOCAL_MSG_AUW  
[2023/09/06 16:02:09 776] isr_local  1558 auwl =   3200  
[2023/09/06 16:02:09 776] isr_local  2135 esr_audio_write, ret =  nil  
[2023/09/06 16:02:09 777] isr_local  2265 last gc at  1693987328  
[2023/09/06 16:02:09 876] isr_local  2126 ASR_LOCAL_MSG_AUW  
[2023/09/06 16:02:09 876] isr_local  1558 auwl =   3200  
[2023/09/06 16:02:09 877] isr_local  2135 esr_audio_write, ret =  nil  
[2023/09/06 16:02:09 877] isr_local  2265 last gc at  1693987328  
[2023/09/06 16:02:09 976] isr_local  2126 ASR_LOCAL_MSG_AUW  
[2023/09/06 16:02:09 976] isr_local  1558 auwl =   3200  
[2023/09/06 16:02:09 977] isr_local  2135 esr_audio_write, ret =  nil  
[2023/09/06 16:02:09 977] isr_local  2265 last gc at  1693987328  
[2023/09/06 16:02:10 082] isr_local  2126 ASR_LOCAL_MSG_AUW  
[2023/09/06 16:02:10 082] isr_local  1558 auwl =   3200  
[2023/09/06 16:02:10 083] isr_local  2135 esr_audio_write, ret =  nil  
[2023/09/06 16:02:10 083] isr_local  2265 last gc at  1693987328  
[2023/09/06 16:02:10 182] isr_local  2126 ASR_LOCAL_MSG_AUW  
[2023/09/06 16:02:10 183] isr_local  1558 auwl =   3200  
[2023/09/06 16:02:10 183] isr_local  2135 esr_audio_write, ret =  nil  
[2023/09/06 16:02:10 184] isr_local  2265 last gc at  1693987328  
[2023/09/06 16:02:10 285] isr_local  2126 ASR_LOCAL_MSG_AUW  
[2023/09/06 16:02:10 285] isr_local  1558 auwl =   3200  
[2023/09/06 16:02:10 286] isr_local  2135 esr_audio_write, ret =  nil  
[2023/09/06 16:02:10 286] isr_local  2265 last gc at  1693987328  
[2023/09/06 16:02:10 386] isr_local  2126 ASR_LOCAL_MSG_AUW  
[2023/09/06 16:02:10 386] isr_local  1558 auwl =   3200  
[2023/09/06 16:02:10 388] isr_local  2135 esr_audio_write, ret =  nil  
[2023/09/06 16:02:10 389] isr_local  2265 last gc at  1693987328  
[2023/09/06 16:02:10 485] isr_local  2126 ASR_LOCAL_MSG_AUW  
[2023/09/06 16:02:10 486] isr_local  1558 auwl =   3200  
[2023/09/06 16:02:10 487] isr_local  2135 esr_audio_write, ret =  nil  
[2023/09/06 16:02:10 487] isr_local  2265 last gc at  1693987328  
[2023/09/06 16:02:10 585] isr_local  2126 ASR_LOCAL_MSG_AUW  
[2023/09/06 16:02:10 586] isr_local  1558 auwl =   3200  
[2023/09/06 16:02:10 586] isr_local  2135 esr_audio_write, ret =  nil  
[2023/09/06 16:02:10 587] isr_local  2265 last gc at  1693987328  
[2023/09/06 16:02:10 686] isr_local  2126 ASR_LOCAL_MSG_AUW  
[2023/09/06 16:02:10 688] isr_local  1558 auwl =   3200  
[2023/09/06 16:02:10 688] isr_local  2135 esr_audio_write, ret =  nil  
[2023/09/06 16:02:10 689] isr_local  2265 last gc at  1693987328  
[2023/09/06 16:02:10 785] isr_local  2126 ASR_LOCAL_MSG_AUW  
[2023/09/06 16:02:10 786] isr_local  1558 auwl =   3200  
[2023/09/06 16:02:10 786] isr_local  2135 esr_audio_write, ret =  nil  
[2023/09/06 16:02:10 787] isr_local  2265 last gc at  1693987328  
[2023/09/06 16:02:10 886] isr_local  2126 ASR_LOCAL_MSG_AUW  
[2023/09/06 16:02:10 886] isr_local  1558 auwl =   3200  
[2023/09/06 16:02:10 887] isr_local  2135 esr_audio_write, ret =  nil  
[2023/09/06 16:02:10 887] isr_local  2265 last gc at  1693987328  
[2023/09/06 16:02:10 977] isr_local  2126 ASR_LOCAL_MSG_AUW  
[2023/09/06 16:02:10 977] isr_local  1558 auwl =   3200  
[2023/09/06 16:02:10 977] isr_local  2135 esr_audio_write, ret =  nil  
[2023/09/06 16:02:10 978] isr_local  2265 last gc at  1693987328  
[2023/09/06 16:02:11 075] isr_local  2126 ASR_LOCAL_MSG_AUW  
[2023/09/06 16:02:11 075] isr_local  1558 auwl =   3200  
[2023/09/06 16:02:11 075] isr_local  2135 esr_audio_write, ret =  nil  
[2023/09/06 16:02:11 075] isr_local  2265 last gc at  1693987328  
[2023/09/06 16:02:11 175] isr_local  2126 ASR_LOCAL_MSG_AUW  
[2023/09/06 16:02:11 175] isr_local  1558 auwl =   3200  
[2023/09/06 16:02:11 175] isr_local  2135 esr_audio_write, ret =  nil  
[2023/09/06 16:02:11 175] isr_local  2265 last gc at  1693987328  
[2023/09/06 16:02:11 275] isr_local  2126 ASR_LOCAL_MSG_AUW  
[2023/09/06 16:02:11 275] isr_local  1558 auwl =   3200  
[2023/09/06 16:02:11 275] isr_local  2135 esr_audio_write, ret =  nil  
[2023/09/06 16:02:11 275] isr_local  2265 last gc at  1693987328  
[2023/09/06 16:02:11 380] isr_local  2126 ASR_LOCAL_MSG_AUW  
[2023/09/06 16:02:11 380] isr_local  1558 auwl =   3200  
[2023/09/06 16:02:11 381] isr_local  2135 esr_audio_write, ret =  nil  
[2023/09/06 16:02:11 381] isr_local  2265 last gc at  1693987328  
[2023/09/06 16:02:11 472] isr_local  2126 ASR_LOCAL_MSG_AUW  
[2023/09/06 16:02:11 472] isr_local  1558 auwl =   3200  
[2023/09/06 16:02:11 472] isr_local  2135 esr_audio_write, ret =  nil  
[2023/09/06 16:02:11 472] isr_local  2265 last gc at  1693987328  
[2023/09/06 16:02:11 575] isr_local  2126 ASR_LOCAL_MSG_AUW  
[2023/09/06 16:02:11 575] isr_local  1558 auwl =   3200  
[2023/09/06 16:02:11 575] isr_local  2135 esr_audio_write, ret =  nil  
[2023/09/06 16:02:11 575] isr_local  2265 last gc at  1693987328  
[2023/09/06 16:02:11 675] isr_local  2126 ASR_LOCAL_MSG_AUW  
[2023/09/06 16:02:11 675] isr_local  1558 auwl =   3200  
[2023/09/06 16:02:11 675] isr_local  2135 esr_audio_write, ret =  nil  
[2023/09/06 16:02:11 675] isr_local  2265 last gc at  1693987328  
[2023/09/06 16:02:11 771] isr_local  2126 ASR_LOCAL_MSG_AUW  
[2023/09/06 16:02:11 771] isr_local  1558 auwl =   2560  
[2023/09/06 16:02:11 771] isr_local  2135 esr_audio_write, ret =  nil  
[2023/09/06 16:02:11 771] isr_local  2265 last gc at  1693987328  
[2023/09/06 16:02:11 837] network    231  dns timeout!  ns1  
[2023/09/06 16:02:11 838] ns         457  ns dns failed, err =   10114  
[2023/09/06 16:02:11 839] network    445  gethttpresp2  117.121.48.5  80  ns2  
[2023/09/06 16:02:11 839] network    465  prot_type  tcp  
[2023/09/06 16:02:11 843] transport  306  [dns] [1] timeout!   
[2023/09/06 16:02:11 844] transport  74   dns_failed  
[2023/09/06 16:02:11 844] network    90   ipfromenv ,  ipcache  open.xf-yun.com  def  nil  
[2023/09/06 16:02:11 845] network    90   ipfromenv ,  ipcfg  open.xf-yun.com  def  nil  
[2023/09/06 16:02:11 845] transport  1298 [soc] connect   116.213.69.195  80  
[2023/09/06 16:02:11 846] transport  1310 mspsoc.open,prot_type=  tcp  
[2023/09/06 16:02:11 875] isr_local  669  final result will throw out next!  
[2023/09/06 16:02:11 875] isr_local  679  nRecognizeState:  1  
[2023/09/06 16:02:11 875] isr_local  680  nConfidenceScore:  70  
[2023/09/06 16:02:11 875] isr_local  728  result_type :   xml  
[2023/09/06 16:02:11 875] isr_local  729  result_encoding :   UTF-8  
[2023/09/06 16:02:11 876] isr_local  730  is iat :   false  
[2023/09/06 16:02:11 876] isr_local  469  item_count:1  
[2023/09/06 16:02:11 876] isr_local  469  item_count:1  
[2023/09/06 16:02:11 877] isr_local  293  nil  
[2023/09/06 16:02:11 877] isr_local  675  recognized end!  
[2023/09/06 16:02:11 880] isr_local  2140 ASR_LOCAL_MSG_SSE  
[2023/09/06 16:02:11 880] isr_local  1518 esr_session_end | esr_obj:stop ret =  0  
[2023/09/06 16:02:11 880] isr_local  2142 esr_session_end, ret =  0  
[2023/09/06 16:02:11 901] isr_local  2265 last gc at  1693987328  
[2023/09/06 16:02:11 948] isr_local  638  local engine already stopped! stop cmd ignored  
[2023/09/06 16:02:12 042] isr_local  2182 SYS_MSG_SHUTDOWN_LOCAL  
[2023/09/06 16:02:12 101] isr_local  2265 last gc at  1693987328  
============================================================
Time  2023/09/06 16:02:12 766 
============================================================
[2023/09/06 16:02:12 767] isr_local  2168 os_type is:  Linux  
[2023/09/06 16:02:12 767] isr_local  2177 SYS_MSG_LOAD_LOCAL  
[2023/09/06 16:02:12 767] isr_local  2265 last gc at  1693987332  
[2023/09/06 16:02:12 768] isr_local  2206 SYS_MSG_REGCB_LOCAL| param0 =  msp_status_cb  
[2023/09/06 16:02:12 768] isr_local  2265 last gc at  1693987332  
[2023/09/06 16:02:12 768] isr_local  2206 SYS_MSG_REGCB_LOCAL| param0 =  local_service_cbmsg  
[2023/09/06 16:02:12 769] isr_local  2265 last gc at  1693987332  
[2023/09/06 16:02:12 769] isr_local  2114 ASR_LOCAL_MSG_SSB  
[2023/09/06 16:02:12 769] isr_local  1251 esr_session_begin | params:  engine_type=local,asr_res_path=fo|res/asr/common.jet,sample_rate=16000,grm_build_path=res/asr/GrmBuilld,local_grammar=call,result_type=xml,result_encoding=UTF-8  
[2023/09/06 16:02:12 769] isr_local  803  engine_type  :  local  
[2023/09/06 16:02:12 770] isr_local  803  asr_res_path  :  fo|res/asr/common.jet  
[2023/09/06 16:02:12 770] isr_local  803  sample_rate  :  16000  
[2023/09/06 16:02:12 770] isr_local  803  grm_build_path  :  res/asr/GrmBuilld  
[2023/09/06 16:02:12 770] isr_local  803  local_grammar  :  call  
[2023/09/06 16:02:12 770] isr_local  803  result_type  :  xml  
[2023/09/06 16:02:12 770] isr_local  803  result_encoding  :  UTF-8  
[2023/09/06 16:02:12 770] isr_local  1280 init aitalk in ssb  
[2023/09/06 16:02:12 771] isr_local  1162 esr_init | params:  engine_type=local,asr_res_path=fo|res/asr/common.jet,sample_rate=16000,grm_build_path=res/asr/GrmBuilld,local_grammar=call,result_type=xml,result_encoding=UTF-8  
[2023/09/06 16:02:12 771] isr_local  803  engine_type  :  local  
[2023/09/06 16:02:12 771] isr_local  803  asr_res_path  :  fo|res/asr/common.jet  
[2023/09/06 16:02:12 771] isr_local  803  sample_rate  :  16000  
[2023/09/06 16:02:12 771] isr_local  803  grm_build_path  :  res/asr/GrmBuilld  
[2023/09/06 16:02:12 771] isr_local  803  local_grammar  :  call  
[2023/09/06 16:02:12 772] isr_local  803  result_type  :  xml  
[2023/09/06 16:02:12 772] isr_local  803  result_encoding  :  UTF-8  
[2023/09/06 16:02:12 772] isr_local  1083  lucEsr.new   
[2023/09/06 16:02:12 772] isr_local  1000 file count =   1  
[2023/09/06 16:02:12 773] isr_local  923  file open type is:   fo  
[2023/09/06 16:02:12 773] isr_local  956  res/asr/common.jet  0  0  
[2023/09/06 16:02:12 773] isr_local  1018 speech_plus_setting  0  
[2023/09/06 16:02:12 773] isr_local  1031 2  nil  res/asr/common.jet  0  0  
[2023/09/06 16:02:12 773] isr_local  1033 res_ver  2  
[2023/09/06 16:02:12 774] isr_local  1034 res 5  62dd61c88201165be2937d82ec3543bf  
[2023/09/06 16:02:12 774] isr_local  1035 res_new_old_mark  v5pp  
[2023/09/06 16:02:12 774] isr_local  1036 res_usr_name  ""  
[2023/09/06 16:02:12 774] isr_local  1037 res_expires    
[2023/09/06 16:02:12 774] isr_local  1038 err  0  
[2023/09/06 16:02:12 774] isr_local  1054 lgi appid 5  62dd61c88201165be2937d82ec3543bf  
[2023/09/06 16:02:12 774] isr_local  1065 res_expires is null  
[2023/09/06 16:02:12 776] auth       74   aitalk  app  nil  nil  {"aitalk":{"ver":"2","bus":{"forbid":"0","nlimit":2020}}}  
[2023/09/06 16:02:12 776] auth       312  nil  
[2023/09/06 16:02:12 801] isr_local  1294 authorized_aitalk=  nil  
[2023/09/06 16:02:12 801] isr_local  1295 forbid_aitalk=  0  
[2023/09/06 16:02:12 801] auth       570  aitalk  table(6c063fc0) nil  nil  appid = 5e7d9f3e  
[2023/09/06 16:02:12 801] auth       579  app  nil  nil  nil  
[2023/09/06 16:02:12 802] auth       636  ath rquest  {"authorize":[{"ver":"2.1.1","busin":"aitalk"}]}  
[2023/09/06 16:02:12 804] transport  642  paramkvsport is   nil  
[2023/09/06 16:02:12 804] transport  654  ns_enable=  1  
[2023/09/06 16:02:12 805] transport  656  2017-08--24 is_ns_need_close =   nil  
[2023/09/06 16:02:12 805] transport  662  net.nettype=  standard  
[2023/09/06 16:02:12 805] transport  672  url.full=  nil  
[2023/09/06 16:02:12 805] transport  673  urltmp=  nil  
[2023/09/06 16:02:12 805] transport  677  server_url_host=, server_url_port=, server_url_path=  open.xf-yun.com  nil  /msp.do  
[2023/09/06 16:02:12 805] transport  705  url.full=  nil  
[2023/09/06 16:02:12 805] transport  890  switch 80  
[2023/09/06 16:02:12 805] transport  902  net type:  standard  
[2023/09/06 16:02:12 805] transport  903  net operator:  def  
[2023/09/06 16:02:12 806] transport  904  use proxy:  false  
[2023/09/06 16:02:12 806] auth       691  not login!  
[2023/09/06 16:02:12 806] auth       528  [session] send auth request  
[2023/09/06 16:02:12 806] transport  1102 session.domain=  open.xf-yun.com  
[2023/09/06 16:02:12 806] transport  1103 url.host=  open.xf-yun.com  
[2023/09/06 16:02:12 806] transport  1080 NAMESERVER START  
[2023/09/06 16:02:12 806] transport  1083 name =   ath  
[2023/09/06 16:02:12 806] ns         629  ntt=  standard  
[2023/09/06 16:02:12 807] transport  1086 trans,ns_inprog =  0  
[2023/09/06 16:02:12 807] ns         585  name server start  
[2023/09/06 16:02:12 807] ns         586  ns_sub =   ath  
[2023/09/06 16:02:12 807] ns         588  ns_host=  open.xf-yun.com  
[2023/09/06 16:02:12 807] ns         479  ns_host=  open.xf-yun.com  
[2023/09/06 16:02:12 807] ns         558  GET /sip/resolver?srand=0906160211.32 HTTP/1.1
Host: hdns.openspeech.cn
Connection: Keep-Alive
X-Par: ver=1.3&appid=5e7d9f3e&operator=UNKNOW&nettype=STANDARD&cver=5.0.38.1195&svc=ath&host=open.xf-yun.com&sign=63cfb6945fd89c558ea9d34b27af748c
User-Agent: iFLYCloud

  
[2023/09/06 16:02:12 807] ns         559  net_type =  standard  
[2023/09/06 16:02:12 807] ns         560  cmwapascmnet =  
[2023/09/06 16:02:12 808] ns         561  uniwapasuninet =  
[2023/09/06 16:02:12 808] ns         562  ctwapasctnet =  
[2023/09/06 16:02:12 808] ns         579  host=  hdns.openspeech.cn  
[2023/09/06 16:02:12 808] network    263  gethostbyname  hdns.openspeech.cn  ns1  
[2023/09/06 16:02:12 811] auth       535  0  
[2023/09/06 16:02:12 811] auth       498  lver:  nil  
[2023/09/06 16:02:12 811] auth       503  cfg_ver:  nil  
[2023/09/06 16:02:12 811] transport  1849 transport_obj.send | in  
[2023/09/06 16:02:12 812] transport  1855 self.msg_flag_q  table(6c0721f0) 
[2023/09/06 16:02:12 812] transport  1856 self.msg_q  table(6c072680) 
[2023/09/06 16:02:12 812] transport  1788 transport_obj.try2send | in  
[2023/09/06 16:02:12 812] transport  1789 self.soc  nil  
[2023/09/06 16:02:12 812] transport  1790 self.connected  false  
[2023/09/06 16:02:12 812] transport  1791 self.latesterr  0  
[2023/09/06 16:02:12 812] transport  1862 transport_obj.send | out  
[2023/09/06 16:02:12 813] isr_local  2038 commit path:   res/asr/GrmBuilld/temp/commit  
[2023/09/06 16:02:12 824] isr_local  2076 commit success!  
[2023/09/06 16:02:12 828] isr_local  1409 esr_session_begin | esr_obj:start ret =  0  
[2023/09/06 16:02:12 828] isr_local  2122 esr_session_begin, ret =   0  
[2023/09/06 16:02:12 828] isr_local  2265 last gc at  1693987332  
[2023/09/06 16:02:12 926] isr_local  655  local engine ready  
[2023/09/06 16:02:12 926] isr_local  585  esr_flush_buf_audio buffer audio num:  0  
[2023/09/06 16:02:12 927] isr_local  630  local engine started  
[2023/09/06 16:02:12 965] isr_local  2126 ASR_LOCAL_MSG_AUW  
[2023/09/06 16:02:12 965] isr_local  1558 auwl =   3200  
[2023/09/06 16:02:12 966] isr_local  2135 esr_audio_write, ret =  nil  
[2023/09/06 16:02:12 966] isr_local  2265 last gc at  1693987332  
[2023/09/06 16:02:13 062] isr_local  2126 ASR_LOCAL_MSG_AUW  
[2023/09/06 16:02:13 062] isr_local  1558 auwl =   3200  
[2023/09/06 16:02:13 062] isr_local  2135 esr_audio_write, ret =  nil  
[2023/09/06 16:02:13 062] isr_local  2265 last gc at  1693987332  
[2023/09/06 16:02:13 165] isr_local  2126 ASR_LOCAL_MSG_AUW  
[2023/09/06 16:02:13 165] isr_local  1558 auwl =   3200  
[2023/09/06 16:02:13 166] isr_local  2135 esr_audio_write, ret =  nil  
[2023/09/06 16:02:13 166] isr_local  2265 last gc at  1693987332  
[2023/09/06 16:02:13 272] isr_local  2126 ASR_LOCAL_MSG_AUW  
[2023/09/06 16:02:13 272] isr_local  1558 auwl =   3200  
[2023/09/06 16:02:13 273] isr_local  2135 esr_audio_write, ret =  nil  
[2023/09/06 16:02:13 274] isr_local  2265 last gc at  1693987332  
[2023/09/06 16:02:13 371] isr_local  2126 ASR_LOCAL_MSG_AUW  
[2023/09/06 16:02:13 372] isr_local  1558 auwl =   3200  
[2023/09/06 16:02:13 373] isr_local  2135 esr_audio_write, ret =  nil  
[2023/09/06 16:02:13 373] isr_local  2265 last gc at  1693987332  
[2023/09/06 16:02:13 471] isr_local  2126 ASR_LOCAL_MSG_AUW  
[2023/09/06 16:02:13 472] isr_local  1558 auwl =   3200  
[2023/09/06 16:02:13 473] isr_local  2135 esr_audio_write, ret =  nil  
[2023/09/06 16:02:13 473] isr_local  2265 last gc at  1693987332  
[2023/09/06 16:02:13 573] isr_local  2126 ASR_LOCAL_MSG_AUW  
[2023/09/06 16:02:13 574] isr_local  1558 auwl =   3200  
[2023/09/06 16:02:13 575] isr_local  2135 esr_audio_write, ret =  nil  
[2023/09/06 16:02:13 575] isr_local  2265 last gc at  1693987332  
[2023/09/06 16:02:13 658] isr_local  2126 ASR_LOCAL_MSG_AUW  
[2023/09/06 16:02:13 659] isr_local  1558 auwl =   3200  
[2023/09/06 16:02:13 659] isr_local  2135 esr_audio_write, ret =  nil  
[2023/09/06 16:02:13 659] isr_local  2265 last gc at  1693987332  
[2023/09/06 16:02:13 762] isr_local  2126 ASR_LOCAL_MSG_AUW  
[2023/09/06 16:02:13 762] isr_local  1558 auwl =   3200  
[2023/09/06 16:02:13 763] isr_local  2135 esr_audio_write, ret =  nil  
[2023/09/06 16:02:13 763] isr_local  2265 last gc at  1693987332  
[2023/09/06 16:02:13 861] isr_local  2126 ASR_LOCAL_MSG_AUW  
[2023/09/06 16:02:13 861] isr_local  1558 auwl =   3200  
[2023/09/06 16:02:13 861] isr_local  2135 esr_audio_write, ret =  nil  
[2023/09/06 16:02:13 861] isr_local  2265 last gc at  1693987332  
[2023/09/06 16:02:13 961] isr_local  2126 ASR_LOCAL_MSG_AUW  
[2023/09/06 16:02:13 961] isr_local  1558 auwl =   3200  
[2023/09/06 16:02:13 961] isr_local  2135 esr_audio_write, ret =  nil  
[2023/09/06 16:02:13 961] isr_local  2265 last gc at  1693987332  
[2023/09/06 16:02:14 061] isr_local  2126 ASR_LOCAL_MSG_AUW  
[2023/09/06 16:02:14 061] isr_local  1558 auwl =   3200  
[2023/09/06 16:02:14 061] isr_local  2135 esr_audio_write, ret =  nil  
[2023/09/06 16:02:14 061] isr_local  2265 last gc at  1693987332  
[2023/09/06 16:02:14 168] isr_local  2126 ASR_LOCAL_MSG_AUW  
[2023/09/06 16:02:14 168] isr_local  1558 auwl =   3200  
[2023/09/06 16:02:14 168] isr_local  2135 esr_audio_write, ret =  nil  
[2023/09/06 16:02:14 168] isr_local  2265 last gc at  1693987332  
[2023/09/06 16:02:14 261] isr_local  2126 ASR_LOCAL_MSG_AUW  
[2023/09/06 16:02:14 261] isr_local  1558 auwl =   3200  
[2023/09/06 16:02:14 261] isr_local  2135 esr_audio_write, ret =  nil  
[2023/09/06 16:02:14 261] isr_local  2265 last gc at  1693987332  
[2023/09/06 16:02:14 361] isr_local  2126 ASR_LOCAL_MSG_AUW  
[2023/09/06 16:02:14 361] isr_local  1558 auwl =   3200  
[2023/09/06 16:02:14 361] isr_local  2135 esr_audio_write, ret =  nil  
[2023/09/06 16:02:14 362] isr_local  2265 last gc at  1693987332  
[2023/09/06 16:02:14 461] isr_local  2126 ASR_LOCAL_MSG_AUW  
[2023/09/06 16:02:14 461] isr_local  1558 auwl =   3200  
[2023/09/06 16:02:14 461] isr_local  2135 esr_audio_write, ret =  nil  
[2023/09/06 16:02:14 461] isr_local  2265 last gc at  1693987332  
[2023/09/06 16:02:14 568] isr_local  2126 ASR_LOCAL_MSG_AUW  
[2023/09/06 16:02:14 569] isr_local  1558 auwl =   3200  
[2023/09/06 16:02:14 569] isr_local  2135 esr_audio_write, ret =  nil  
[2023/09/06 16:02:14 569] isr_local  2265 last gc at  1693987332  
[2023/09/06 16:02:14 673] isr_local  2126 ASR_LOCAL_MSG_AUW  
[2023/09/06 16:02:14 674] isr_local  1558 auwl =   3200  
[2023/09/06 16:02:14 674] isr_local  2135 esr_audio_write, ret =  nil  
[2023/09/06 16:02:14 675] isr_local  2265 last gc at  1693987332  
[2023/09/06 16:02:14 763] isr_local  2126 ASR_LOCAL_MSG_AUW  
[2023/09/06 16:02:14 764] isr_local  1558 auwl =   3200  
[2023/09/06 16:02:14 764] isr_local  2135 esr_audio_write, ret =  nil  
[2023/09/06 16:02:14 764] isr_local  2265 last gc at  1693987332  
[2023/09/06 16:02:14 862] isr_local  2126 ASR_LOCAL_MSG_AUW  
[2023/09/06 16:02:14 862] isr_local  1558 auwl =   3200  
[2023/09/06 16:02:14 862] isr_local  2135 esr_audio_write, ret =  nil  
[2023/09/06 16:02:14 862] isr_local  2265 last gc at  1693987332  
[2023/09/06 16:02:14 963] isr_local  2126 ASR_LOCAL_MSG_AUW  
[2023/09/06 16:02:14 963] isr_local  1558 auwl =   3200  
[2023/09/06 16:02:14 963] isr_local  2135 esr_audio_write, ret =  nil  
[2023/09/06 16:02:14 963] isr_local  2265 last gc at  1693987332  
[2023/09/06 16:02:15 062] isr_local  2126 ASR_LOCAL_MSG_AUW  
[2023/09/06 16:02:15 062] isr_local  1558 auwl =   3200  
[2023/09/06 16:02:15 062] isr_local  2135 esr_audio_write, ret =  nil  
[2023/09/06 16:02:15 062] isr_local  2265 last gc at  1693987332  
[2023/09/06 16:02:15 161] isr_local  2126 ASR_LOCAL_MSG_AUW  
[2023/09/06 16:02:15 161] isr_local  1558 auwl =   3200  
[2023/09/06 16:02:15 162] isr_local  2135 esr_audio_write, ret =  nil  
[2023/09/06 16:02:15 162] isr_local  2265 last gc at  1693987332  
[2023/09/06 16:02:15 261] isr_local  2126 ASR_LOCAL_MSG_AUW  
[2023/09/06 16:02:15 261] isr_local  1558 auwl =   3200  
[2023/09/06 16:02:15 261] isr_local  2135 esr_audio_write, ret =  nil  
[2023/09/06 16:02:15 261] isr_local  2265 last gc at  1693987332  
[2023/09/06 16:02:15 361] isr_local  2126 ASR_LOCAL_MSG_AUW  
[2023/09/06 16:02:15 361] isr_local  1558 auwl =   3200  
[2023/09/06 16:02:15 361] isr_local  2135 esr_audio_write, ret =  nil  
[2023/09/06 16:02:15 361] isr_local  2265 last gc at  1693987332  
[2023/09/06 16:02:15 461] isr_local  2126 ASR_LOCAL_MSG_AUW  
[2023/09/06 16:02:15 461] isr_local  1558 auwl =   3200  
[2023/09/06 16:02:15 461] isr_local  2135 esr_audio_write, ret =  nil  
[2023/09/06 16:02:15 461] isr_local  2265 last gc at  1693987332  
[2023/09/06 16:02:15 561] isr_local  2126 ASR_LOCAL_MSG_AUW  
[2023/09/06 16:02:15 561] isr_local  1558 auwl =   3200  
[2023/09/06 16:02:15 561] isr_local  2135 esr_audio_write, ret =  nil  
[2023/09/06 16:02:15 561] isr_local  2265 last gc at  1693987332  
[2023/09/06 16:02:15 661] isr_local  2126 ASR_LOCAL_MSG_AUW  
[2023/09/06 16:02:15 661] isr_local  1558 auwl =   3200  
[2023/09/06 16:02:15 661] isr_local  2135 esr_audio_write, ret =  nil  
[2023/09/06 16:02:15 661] isr_local  2265 last gc at  1693987332  
[2023/09/06 16:02:15 755] isr_local  2126 ASR_LOCAL_MSG_AUW  
[2023/09/06 16:02:15 755] isr_local  1558 auwl =   2880  
[2023/09/06 16:02:15 755] isr_local  2135 esr_audio_write, ret =  nil  
[2023/09/06 16:02:15 755] isr_local  2265 last gc at  1693987332  
[2023/09/06 16:02:15 812] transport  306  [dns] [1] timeout!   
[2023/09/06 16:02:15 812] transport  74   dns_failed  
[2023/09/06 16:02:15 812] network    90   ipfromenv ,  ipcache  open.xf-yun.com  def  nil  
[2023/09/06 16:02:15 812] network    90   ipfromenv ,  ipcfg  open.xf-yun.com  def  nil  
[2023/09/06 16:02:15 812] transport  1298 [soc] connect   116.213.69.195  80  
[2023/09/06 16:02:15 813] transport  1310 mspsoc.open,prot_type=  tcp  
[2023/09/06 16:02:15 813] network    231  dns timeout!  ns1  
[2023/09/06 16:02:15 813] ns         457  ns dns failed, err =   10114  
[2023/09/06 16:02:15 813] network    445  gethttpresp2  117.121.48.5  80  ns2  
[2023/09/06 16:02:15 813] network    465  prot_type  tcp  
[2023/09/06 16:02:15 827] isr_local  669  final result will throw out next!  
[2023/09/06 16:02:15 827] isr_local  679  nRecognizeState:  1  
[2023/09/06 16:02:15 827] isr_local  680  nConfidenceScore:  27  
[2023/09/06 16:02:15 827] isr_local  728  result_type :   xml  
[2023/09/06 16:02:15 827] isr_local  729  result_encoding :   UTF-8  
[2023/09/06 16:02:15 827] isr_local  730  is iat :   false  
[2023/09/06 16:02:15 828] isr_local  469  item_count:1  
[2023/09/06 16:02:15 828] isr_local  469  item_count:1  
[2023/09/06 16:02:15 828] isr_local  293  nil  
[2023/09/06 16:02:15 828] isr_local  675  recognized end!  
[2023/09/06 16:02:15 831] isr_local  2140 ASR_LOCAL_MSG_SSE  
[2023/09/06 16:02:15 831] isr_local  1518 esr_session_end | esr_obj:stop ret =  0  
[2023/09/06 16:02:15 832] isr_local  2142 esr_session_end, ret =  0  
[2023/09/06 16:02:15 835] isr_local  2265 last gc at  1693987332  
[2023/09/06 16:02:15 886] isr_local  2182 SYS_MSG_SHUTDOWN_LOCAL  
[2023/09/06 16:02:15 941] isr_local  2265 last gc at  1693987332  
============================================================
Time  2023/09/06 16:02:16 542 
============================================================
[2023/09/06 16:02:16 542] isr_local  2168 os_type is:  Linux  
[2023/09/06 16:02:16 542] isr_local  2177 SYS_MSG_LOAD_LOCAL  
[2023/09/06 16:02:16 542] isr_local  2265 last gc at  1693987336  
[2023/09/06 16:02:16 543] isr_local  2206 SYS_MSG_REGCB_LOCAL| param0 =  msp_status_cb  
[2023/09/06 16:02:16 543] isr_local  2265 last gc at  1693987336  
[2023/09/06 16:02:16 543] isr_local  2206 SYS_MSG_REGCB_LOCAL| param0 =  local_service_cbmsg  
[2023/09/06 16:02:16 544] isr_local  2265 last gc at  1693987336  
[2023/09/06 16:02:16 544] isr_local  2114 ASR_LOCAL_MSG_SSB  
[2023/09/06 16:02:16 544] isr_local  1251 esr_session_begin | params:  engine_type=local,asr_res_path=fo|res/asr/common.jet,sample_rate=16000,grm_build_path=res/asr/GrmBuilld,local_grammar=call,result_type=xml,result_encoding=UTF-8  
[2023/09/06 16:02:16 544] isr_local  803  engine_type  :  local  
[2023/09/06 16:02:16 544] isr_local  803  asr_res_path  :  fo|res/asr/common.jet  
[2023/09/06 16:02:16 545] isr_local  803  sample_rate  :  16000  
[2023/09/06 16:02:16 545] isr_local  803  grm_build_path  :  res/asr/GrmBuilld  
[2023/09/06 16:02:16 545] isr_local  803  local_grammar  :  call  
[2023/09/06 16:02:16 545] isr_local  803  result_type  :  xml  
[2023/09/06 16:02:16 545] isr_local  803  result_encoding  :  UTF-8  
[2023/09/06 16:02:16 545] isr_local  1280 init aitalk in ssb  
[2023/09/06 16:02:16 545] isr_local  1162 esr_init | params:  engine_type=local,asr_res_path=fo|res/asr/common.jet,sample_rate=16000,grm_build_path=res/asr/GrmBuilld,local_grammar=call,result_type=xml,result_encoding=UTF-8  
[2023/09/06 16:02:16 546] isr_local  803  engine_type  :  local  
[2023/09/06 16:02:16 546] isr_local  803  asr_res_path  :  fo|res/asr/common.jet  
[2023/09/06 16:02:16 546] isr_local  803  sample_rate  :  16000  
[2023/09/06 16:02:16 546] isr_local  803  grm_build_path  :  res/asr/GrmBuilld  
[2023/09/06 16:02:16 546] isr_local  803  local_grammar  :  call  
[2023/09/06 16:02:16 546] isr_local  803  result_type  :  xml  
[2023/09/06 16:02:16 546] isr_local  803  result_encoding  :  UTF-8  
[2023/09/06 16:02:16 547] isr_local  1083  lucEsr.new   
[2023/09/06 16:02:16 547] isr_local  1000 file count =   1  
[2023/09/06 16:02:16 547] isr_local  923  file open type is:   fo  
[2023/09/06 16:02:16 547] isr_local  956  res/asr/common.jet  0  0  
[2023/09/06 16:02:16 547] isr_local  1018 speech_plus_setting  0  
[2023/09/06 16:02:16 547] isr_local  1031 2  nil  res/asr/common.jet  0  0  
[2023/09/06 16:02:16 548] isr_local  1033 res_ver  2  
[2023/09/06 16:02:16 548] isr_local  1034 res 5  62dd61c88201165be2937d82ec3543bf  
[2023/09/06 16:02:16 548] isr_local  1035 res_new_old_mark  v5pp  
[2023/09/06 16:02:16 548] isr_local  1036 res_usr_name  ""  
[2023/09/06 16:02:16 548] isr_local  1037 res_expires    
[2023/09/06 16:02:16 548] isr_local  1038 err  0  
[2023/09/06 16:02:16 549] isr_local  1054 lgi appid 5  62dd61c88201165be2937d82ec3543bf  
[2023/09/06 16:02:16 549] isr_local  1065 res_expires is null  
[2023/09/06 16:02:16 550] auth       74   aitalk  app  nil  nil  {"aitalk":{"ver":"2","bus":{"forbid":"0","nlimit":2020}}}  
[2023/09/06 16:02:16 550] auth       312  nil  
[2023/09/06 16:02:16 579] isr_local  1294 authorized_aitalk=  nil  
[2023/09/06 16:02:16 579] isr_local  1295 forbid_aitalk=  0  
[2023/09/06 16:02:16 579] auth       570  aitalk  table(6c063fa0) nil  nil  appid = 5e7d9f3e  
[2023/09/06 16:02:16 579] auth       579  app  nil  nil  nil  
[2023/09/06 16:02:16 580] auth       636  ath rquest  {"authorize":[{"ver":"2.1.1","busin":"aitalk"}]}  
[2023/09/06 16:02:16 582] transport  642  paramkvsport is   nil  
[2023/09/06 16:02:16 582] transport  654  ns_enable=  1  
[2023/09/06 16:02:16 583] transport  656  2017-08--24 is_ns_need_close =   nil  
[2023/09/06 16:02:16 583] transport  662  net.nettype=  standard  
[2023/09/06 16:02:16 583] transport  672  url.full=  nil  
[2023/09/06 16:02:16 583] transport  673  urltmp=  nil  
[2023/09/06 16:02:16 583] transport  677  server_url_host=, server_url_port=, server_url_path=  open.xf-yun.com  nil  /msp.do  
[2023/09/06 16:02:16 583] transport  705  url.full=  nil  
[2023/09/06 16:02:16 583] transport  890  switch 80  
[2023/09/06 16:02:16 583] transport  902  net type:  standard  
[2023/09/06 16:02:16 583] transport  903  net operator:  def  
[2023/09/06 16:02:16 584] transport  904  use proxy:  false  
[2023/09/06 16:02:16 584] auth       691  not login!  
[2023/09/06 16:02:16 584] auth       528  [session] send auth request  
[2023/09/06 16:02:16 584] transport  1102 session.domain=  open.xf-yun.com  
[2023/09/06 16:02:16 584] transport  1103 url.host=  open.xf-yun.com  
[2023/09/06 16:02:16 584] transport  1080 NAMESERVER START  
[2023/09/06 16:02:16 584] transport  1083 name =   ath  
[2023/09/06 16:02:16 584] ns         629  ntt=  standard  
[2023/09/06 16:02:16 585] transport  1086 trans,ns_inprog =  0  
[2023/09/06 16:02:16 585] ns         585  name server start  
[2023/09/06 16:02:16 585] ns         586  ns_sub =   ath  
[2023/09/06 16:02:16 585] ns         588  ns_host=  open.xf-yun.com  
[2023/09/06 16:02:16 585] ns         479  ns_host=  open.xf-yun.com  
[2023/09/06 16:02:16 585] ns         558  GET /sip/resolver?srand=0906160211.32 HTTP/1.1
Host: hdns.openspeech.cn
Connection: Keep-Alive
X-Par: ver=1.3&appid=5e7d9f3e&operator=UNKNOW&nettype=STANDARD&cver=5.0.38.1195&svc=ath&host=open.xf-yun.com&sign=63cfb6945fd89c558ea9d34b27af748c
User-Agent: iFLYCloud

  
[2023/09/06 16:02:16 585] ns         559  net_type =  standard  
[2023/09/06 16:02:16 586] ns         560  cmwapascmnet =  
[2023/09/06 16:02:16 586] ns         561  uniwapasuninet =  
[2023/09/06 16:02:16 586] ns         562  ctwapasctnet =  
[2023/09/06 16:02:16 586] ns         579  host=  hdns.openspeech.cn  
[2023/09/06 16:02:16 586] network    263  gethostbyname  hdns.openspeech.cn  ns1  
[2023/09/06 16:02:16 589] auth       535  0  
[2023/09/06 16:02:16 589] auth       498  lver:  nil  
[2023/09/06 16:02:16 589] auth       503  cfg_ver:  nil  
[2023/09/06 16:02:16 590] transport  1849 transport_obj.send | in  
[2023/09/06 16:02:16 590] transport  1855 self.msg_flag_q  table(6c0392a0) 
[2023/09/06 16:02:16 590] transport  1856 self.msg_q  table(6c02c2d0) 
[2023/09/06 16:02:16 590] transport  1788 transport_obj.try2send | in  
[2023/09/06 16:02:16 590] transport  1789 self.soc  nil  
[2023/09/06 16:02:16 590] transport  1790 self.connected  false  
[2023/09/06 16:02:16 590] transport  1791 self.latesterr  0  
[2023/09/06 16:02:16 590] transport  1862 transport_obj.send | out  
[2023/09/06 16:02:16 591] isr_local  2038 commit path:   res/asr/GrmBuilld/temp/commit  
[2023/09/06 16:02:16 602] isr_local  2076 commit success!  
[2023/09/06 16:02:16 606] isr_local  1409 esr_session_begin | esr_obj:start ret =  0  
[2023/09/06 16:02:16 607] isr_local  2122 esr_session_begin, ret =   0  
[2023/09/06 16:02:16 607] isr_local  2265 last gc at  1693987336  
[2023/09/06 16:02:16 704] isr_local  655  local engine ready  
[2023/09/06 16:02:16 705] isr_local  585  esr_flush_buf_audio buffer audio num:  0  
[2023/09/06 16:02:16 706] isr_local  630  local engine started  
[2023/09/06 16:02:16 734] isr_local  2126 ASR_LOCAL_MSG_AUW  
[2023/09/06 16:02:16 735] isr_local  1558 auwl =   3200  
[2023/09/06 16:02:16 735] isr_local  2135 esr_audio_write, ret =  nil  
[2023/09/06 16:02:16 735] isr_local  2265 last gc at  1693987336  
[2023/09/06 16:02:16 834] isr_local  2126 ASR_LOCAL_MSG_AUW  
[2023/09/06 16:02:16 834] isr_local  1558 auwl =   3200  
[2023/09/06 16:02:16 835] isr_local  2135 esr_audio_write, ret =  nil  
[2023/09/06 16:02:16 835] isr_local  2265 last gc at  1693987336  
[2023/09/06 16:02:16 938] isr_local  2126 ASR_LOCAL_MSG_AUW  
[2023/09/06 16:02:16 939] isr_local  1558 auwl =   3200  
[2023/09/06 16:02:16 939] isr_local  2135 esr_audio_write, ret =  nil  
[2023/09/06 16:02:16 939] isr_local  2265 last gc at  1693987336  
[2023/09/06 16:02:17 043] isr_local  2126 ASR_LOCAL_MSG_AUW  
[2023/09/06 16:02:17 044] isr_local  1558 auwl =   3200  
[2023/09/06 16:02:17 045] isr_local  2135 esr_audio_write, ret =  nil  
[2023/09/06 16:02:17 045] isr_local  2265 last gc at  1693987336  
[2023/09/06 16:02:17 143] isr_local  2126 ASR_LOCAL_MSG_AUW  
[2023/09/06 16:02:17 144] isr_local  1558 auwl =   3200  
[2023/09/06 16:02:17 144] isr_local  2135 esr_audio_write, ret =  nil  
[2023/09/06 16:02:17 145] isr_local  2265 last gc at  1693987336  
[2023/09/06 16:02:17 243] isr_local  2126 ASR_LOCAL_MSG_AUW  
[2023/09/06 16:02:17 244] isr_local  1558 auwl =   3200  
[2023/09/06 16:02:17 245] isr_local  2135 esr_audio_write, ret =  nil  
[2023/09/06 16:02:17 245] isr_local  2265 last gc at  1693987336  
[2023/09/06 16:02:17 343] isr_local  2126 ASR_LOCAL_MSG_AUW  
[2023/09/06 16:02:17 344] isr_local  1558 auwl =   3200  
[2023/09/06 16:02:17 345] isr_local  2135 esr_audio_write, ret =  nil  
[2023/09/06 16:02:17 346] isr_local  2265 last gc at  1693987336  
[2023/09/06 16:02:17 443] isr_local  2126 ASR_LOCAL_MSG_AUW  
[2023/09/06 16:02:17 444] isr_local  1558 auwl =   3200  
[2023/09/06 16:02:17 445] isr_local  2135 esr_audio_write, ret =  nil  
[2023/09/06 16:02:17 445] isr_local  2265 last gc at  1693987336  
[2023/09/06 16:02:17 543] isr_local  2126 ASR_LOCAL_MSG_AUW  
[2023/09/06 16:02:17 544] isr_local  1558 auwl =   3200  
[2023/09/06 16:02:17 544] isr_local  2135 esr_audio_write, ret =  nil  
[2023/09/06 16:02:17 545] isr_local  2265 last gc at  1693987336  
[2023/09/06 16:02:17 643] isr_local  2126 ASR_LOCAL_MSG_AUW  
[2023/09/06 16:02:17 644] isr_local  1558 auwl =   3200  
[2023/09/06 16:02:17 645] isr_local  2135 esr_audio_write, ret =  nil  
[2023/09/06 16:02:17 646] isr_local  2265 last gc at  1693987336  
[2023/09/06 16:02:17 743] isr_local  2126 ASR_LOCAL_MSG_AUW  
[2023/09/06 16:02:17 744] isr_local  1558 auwl =   3200  
[2023/09/06 16:02:17 744] isr_local  2135 esr_audio_write, ret =  nil  
[2023/09/06 16:02:17 745] isr_local  2265 last gc at  1693987336  
[2023/09/06 16:02:17 843] isr_local  2126 ASR_LOCAL_MSG_AUW  
[2023/09/06 16:02:17 844] isr_local  1558 auwl =   3200  
[2023/09/06 16:02:17 844] isr_local  2135 esr_audio_write, ret =  nil  
[2023/09/06 16:02:17 845] isr_local  2265 last gc at  1693987336  
[2023/09/06 16:02:17 934] isr_local  2126 ASR_LOCAL_MSG_AUW  
[2023/09/06 16:02:17 934] isr_local  1558 auwl =   3200  
[2023/09/06 16:02:17 934] isr_local  2135 esr_audio_write, ret =  nil  
[2023/09/06 16:02:17 934] isr_local  2265 last gc at  1693987336  
[2023/09/06 16:02:18 033] isr_local  2126 ASR_LOCAL_MSG_AUW  
[2023/09/06 16:02:18 033] isr_local  1558 auwl =   3200  
[2023/09/06 16:02:18 033] isr_local  2135 esr_audio_write, ret =  nil  
[2023/09/06 16:02:18 033] isr_local  2265 last gc at  1693987336  
[2023/09/06 16:02:18 143] isr_local  2126 ASR_LOCAL_MSG_AUW  
[2023/09/06 16:02:18 144] isr_local  1558 auwl =   3200  
[2023/09/06 16:02:18 145] isr_local  2135 esr_audio_write, ret =  nil  
[2023/09/06 16:02:18 145] isr_local  2265 last gc at  1693987336  
[2023/09/06 16:02:18 244] isr_local  2126 ASR_LOCAL_MSG_AUW  
[2023/09/06 16:02:18 244] isr_local  1558 auwl =   3200  
[2023/09/06 16:02:18 245] isr_local  2135 esr_audio_write, ret =  nil  
[2023/09/06 16:02:18 245] isr_local  2265 last gc at  1693987336  
[2023/09/06 16:02:18 343] isr_local  2126 ASR_LOCAL_MSG_AUW  
[2023/09/06 16:02:18 344] isr_local  1558 auwl =   3200  
[2023/09/06 16:02:18 345] isr_local  2135 esr_audio_write, ret =  nil  
[2023/09/06 16:02:18 345] isr_local  2265 last gc at  1693987336  
[2023/09/06 16:02:18 443] isr_local  2126 ASR_LOCAL_MSG_AUW  
[2023/09/06 16:02:18 444] isr_local  1558 auwl =   3200  
[2023/09/06 16:02:18 445] isr_local  2135 esr_audio_write, ret =  nil  
[2023/09/06 16:02:18 445] isr_local  2265 last gc at  1693987336  
[2023/09/06 16:02:18 543] isr_local  2126 ASR_LOCAL_MSG_AUW  
[2023/09/06 16:02:18 544] isr_local  1558 auwl =   3200  
[2023/09/06 16:02:18 544] isr_local  2135 esr_audio_write, ret =  nil  
[2023/09/06 16:02:18 544] isr_local  2265 last gc at  1693987336  
[2023/09/06 16:02:18 643] isr_local  2126 ASR_LOCAL_MSG_AUW  
[2023/09/06 16:02:18 643] isr_local  1558 auwl =   3200  
[2023/09/06 16:02:18 643] isr_local  2135 esr_audio_write, ret =  nil  
[2023/09/06 16:02:18 643] isr_local  2265 last gc at  1693987336  
[2023/09/06 16:02:18 743] isr_local  2126 ASR_LOCAL_MSG_AUW  
[2023/09/06 16:02:18 743] isr_local  1558 auwl =   3200  
[2023/09/06 16:02:18 743] isr_local  2135 esr_audio_write, ret =  nil  
[2023/09/06 16:02:18 743] isr_local  2265 last gc at  1693987336  
[2023/09/06 16:02:18 843] isr_local  2126 ASR_LOCAL_MSG_AUW  
[2023/09/06 16:02:18 843] isr_local  1558 auwl =   3200  
[2023/09/06 16:02:18 843] isr_local  2135 esr_audio_write, ret =  nil  
[2023/09/06 16:02:18 843] isr_local  2265 last gc at  1693987336  
[2023/09/06 16:02:18 943] isr_local  2126 ASR_LOCAL_MSG_AUW  
[2023/09/06 16:02:18 943] isr_local  1558 auwl =   3200  
[2023/09/06 16:02:18 943] isr_local  2135 esr_audio_write, ret =  nil  
[2023/09/06 16:02:18 943] isr_local  2265 last gc at  1693987336  
[2023/09/06 16:02:19 043] isr_local  2126 ASR_LOCAL_MSG_AUW  
[2023/09/06 16:02:19 043] isr_local  1558 auwl =   3200  
[2023/09/06 16:02:19 043] isr_local  2135 esr_audio_write, ret =  nil  
[2023/09/06 16:02:19 043] isr_local  2265 last gc at  1693987336  
[2023/09/06 16:02:19 140] isr_local  2126 ASR_LOCAL_MSG_AUW  
[2023/09/06 16:02:19 140] isr_local  1558 auwl =   3200  
[2023/09/06 16:02:19 140] isr_local  2135 esr_audio_write, ret =  nil  
[2023/09/06 16:02:19 140] isr_local  2265 last gc at  1693987336  
[2023/09/06 16:02:19 233] isr_local  2126 ASR_LOCAL_MSG_AUW  
[2023/09/06 16:02:19 233] isr_local  1558 auwl =   3200  
[2023/09/06 16:02:19 233] isr_local  2135 esr_audio_write, ret =  nil  
[2023/09/06 16:02:19 233] isr_local  2265 last gc at  1693987336  
[2023/09/06 16:02:19 234] isr_local  2126 ASR_LOCAL_MSG_AUW  
[2023/09/06 16:02:19 234] isr_local  1558 auwl =   640  
[2023/09/06 16:02:19 234] isr_local  2135 esr_audio_write, ret =  nil  
[2023/09/06 16:02:19 234] isr_local  2265 last gc at  1693987336  
[2023/09/06 16:02:19 309] isr_local  669  final result will throw out next!  
[2023/09/06 16:02:19 309] isr_local  679  nRecognizeState:  1  
[2023/09/06 16:02:19 310] isr_local  680  nConfidenceScore:  0  
[2023/09/06 16:02:19 310] isr_local  728  result_type :   xml  
[2023/09/06 16:02:19 310] isr_local  729  result_encoding :   UTF-8  
[2023/09/06 16:02:19 310] isr_local  730  is iat :   true  
[2023/09/06 16:02:19 310] isr_local  771  no recognized result!  
[2023/09/06 16:02:19 310] isr_local  675  recognized end!  
[2023/09/06 16:02:19 448] isr_local  2140 ASR_LOCAL_MSG_SSE  
[2023/09/06 16:02:19 449] isr_local  1518 esr_session_end | esr_obj:stop ret =  0  
[2023/09/06 16:02:19 450] isr_local  2142 esr_session_end, ret =  0  
[2023/09/06 16:02:19 465] isr_local  2265 last gc at  1693987336  
[2023/09/06 16:02:19 510] isr_local  638  local engine already stopped! stop cmd ignored  
[2023/09/06 16:02:19 554] isr_local  2182 SYS_MSG_SHUTDOWN_LOCAL  
[2023/09/06 16:02:19 614] isr_local  2265 last gc at  1693987336  
============================================================
Time  2023/09/06 16:05:19 931 
============================================================
[2023/09/06 16:05:19 931] isr_local  2168 os_type is:  Linux  
[2023/09/06 16:05:19 931] isr_local  2177 SYS_MSG_LOAD_LOCAL  
[2023/09/06 16:05:19 931] isr_local  2265 last gc at  1693987519  
[2023/09/06 16:05:19 932] isr_local  2206 SYS_MSG_REGCB_LOCAL| param0 =  msp_status_cb  
[2023/09/06 16:05:19 932] isr_local  2265 last gc at  1693987519  
[2023/09/06 16:05:19 932] isr_local  2206 SYS_MSG_REGCB_LOCAL| param0 =  local_service_cbmsg  
[2023/09/06 16:05:19 932] isr_local  2265 last gc at  1693987519  
[2023/09/06 16:05:19 932] isr_local  2114 ASR_LOCAL_MSG_SSB  
[2023/09/06 16:05:19 933] isr_local  1251 esr_session_begin | params:  engine_type=local,asr_res_path=fo|res/asr/common.jet,sample_rate=16000,grm_build_path=res/asr/GrmBuilld,local_grammar=call,result_type=xml,result_encoding=UTF-8  
[2023/09/06 16:05:19 933] isr_local  803  engine_type  :  local  
[2023/09/06 16:05:19 933] isr_local  803  asr_res_path  :  fo|res/asr/common.jet  
[2023/09/06 16:05:19 933] isr_local  803  sample_rate  :  16000  
[2023/09/06 16:05:19 933] isr_local  803  grm_build_path  :  res/asr/GrmBuilld  
[2023/09/06 16:05:19 933] isr_local  803  local_grammar  :  call  
[2023/09/06 16:05:19 933] isr_local  803  result_type  :  xml  
[2023/09/06 16:05:19 933] isr_local  803  result_encoding  :  UTF-8  
[2023/09/06 16:05:19 933] isr_local  1280 init aitalk in ssb  
[2023/09/06 16:05:19 933] isr_local  1162 esr_init | params:  engine_type=local,asr_res_path=fo|res/asr/common.jet,sample_rate=16000,grm_build_path=res/asr/GrmBuilld,local_grammar=call,result_type=xml,result_encoding=UTF-8  
[2023/09/06 16:05:19 934] isr_local  803  engine_type  :  local  
[2023/09/06 16:05:19 934] isr_local  803  asr_res_path  :  fo|res/asr/common.jet  
[2023/09/06 16:05:19 934] isr_local  803  sample_rate  :  16000  
[2023/09/06 16:05:19 934] isr_local  803  grm_build_path  :  res/asr/GrmBuilld  
[2023/09/06 16:05:19 934] isr_local  803  local_grammar  :  call  
[2023/09/06 16:05:19 934] isr_local  803  result_type  :  xml  
[2023/09/06 16:05:19 934] isr_local  803  result_encoding  :  UTF-8  
[2023/09/06 16:05:19 934] isr_local  1083  lucEsr.new   
[2023/09/06 16:05:19 934] isr_local  1000 file count =   1  
[2023/09/06 16:05:19 935] isr_local  923  file open type is:   fo  
[2023/09/06 16:05:19 935] isr_local  956  res/asr/common.jet  0  0  
[2023/09/06 16:05:19 935] isr_local  1018 speech_plus_setting  0  
[2023/09/06 16:05:19 935] isr_local  1031 2  nil  res/asr/common.jet  0  0  
[2023/09/06 16:05:19 935] isr_local  1033 res_ver  2  
[2023/09/06 16:05:19 935] isr_local  1034 res 5  62dd61c88201165be2937d82ec3543bf  
[2023/09/06 16:05:19 935] isr_local  1035 res_new_old_mark  v5pp  
[2023/09/06 16:05:19 935] isr_local  1036 res_usr_name  ""  
[2023/09/06 16:05:19 935] isr_local  1037 res_expires    
[2023/09/06 16:05:19 936] isr_local  1038 err  0  
[2023/09/06 16:05:19 936] isr_local  1054 lgi appid 5  62dd61c88201165be2937d82ec3543bf  
[2023/09/06 16:05:19 936] isr_local  1065 res_expires is null  
[2023/09/06 16:05:19 936] auth       74   aitalk  app  nil  nil  {"aitalk":{"ver":"2","bus":{"forbid":"0","nlimit":2020}}}  
[2023/09/06 16:05:19 937] auth       312  nil  
[2023/09/06 16:05:19 957] isr_local  1294 authorized_aitalk=  nil  
[2023/09/06 16:05:19 957] isr_local  1295 forbid_aitalk=  0  
[2023/09/06 16:05:19 957] auth       570  aitalk  table(64063f50) nil  nil  appid = 5e7d9f3e  
[2023/09/06 16:05:19 957] auth       579  app  nil  nil  nil  
[2023/09/06 16:05:19 957] auth       636  ath rquest  {"authorize":[{"ver":"2.1.1","busin":"aitalk"}]}  
[2023/09/06 16:05:19 960] transport  642  paramkvsport is   nil  
[2023/09/06 16:05:19 960] transport  654  ns_enable=  1  
[2023/09/06 16:05:19 960] transport  656  2017-08--24 is_ns_need_close =   nil  
[2023/09/06 16:05:19 960] transport  662  net.nettype=  standard  
[2023/09/06 16:05:19 961] transport  672  url.full=  nil  
[2023/09/06 16:05:19 961] transport  673  urltmp=  nil  
[2023/09/06 16:05:19 961] transport  677  server_url_host=, server_url_port=, server_url_path=  open.xf-yun.com  nil  /msp.do  
[2023/09/06 16:05:19 961] transport  705  url.full=  nil  
[2023/09/06 16:05:19 961] transport  890  switch 80  
[2023/09/06 16:05:19 961] transport  902  net type:  standard  
[2023/09/06 16:05:19 961] transport  903  net operator:  def  
[2023/09/06 16:05:19 961] transport  904  use proxy:  false  
[2023/09/06 16:05:19 961] auth       691  not login!  
[2023/09/06 16:05:19 961] auth       528  [session] send auth request  
[2023/09/06 16:05:19 962] transport  1102 session.domain=  open.xf-yun.com  
[2023/09/06 16:05:19 962] transport  1103 url.host=  open.xf-yun.com  
[2023/09/06 16:05:19 962] transport  1080 NAMESERVER START  
[2023/09/06 16:05:19 962] transport  1083 name =   ath  
[2023/09/06 16:05:19 962] ns         629  ntt=  standard  
[2023/09/06 16:05:19 962] transport  1086 trans,ns_inprog =  0  
[2023/09/06 16:05:19 962] ns         585  name server start  
[2023/09/06 16:05:19 962] ns         586  ns_sub =   ath  
[2023/09/06 16:05:19 962] ns         588  ns_host=  open.xf-yun.com  
[2023/09/06 16:05:19 962] ns         479  ns_host=  open.xf-yun.com  
[2023/09/06 16:05:19 963] ns         558  GET /sip/resolver?srand=0906160511.32 HTTP/1.1
Host: hdns.openspeech.cn
Connection: Keep-Alive
X-Par: ver=1.3&appid=5e7d9f3e&operator=UNKNOW&nettype=STANDARD&cver=5.0.38.1195&svc=ath&host=open.xf-yun.com&sign=30edf317457c27b8f470e46c48e542eb
User-Agent: iFLYCloud

  
[2023/09/06 16:05:19 963] ns         559  net_type =  standard  
[2023/09/06 16:05:19 963] ns         560  cmwapascmnet =  
[2023/09/06 16:05:19 963] ns         561  uniwapasuninet =  
[2023/09/06 16:05:19 963] ns         562  ctwapasctnet =  
[2023/09/06 16:05:19 963] ns         579  host=  hdns.openspeech.cn  
[2023/09/06 16:05:19 963] network    263  gethostbyname  hdns.openspeech.cn  ns1  
[2023/09/06 16:05:19 964] auth       535  0  
[2023/09/06 16:05:19 964] auth       498  lver:  nil  
[2023/09/06 16:05:19 964] auth       503  cfg_ver:  nil  
[2023/09/06 16:05:19 965] transport  1849 transport_obj.send | in  
[2023/09/06 16:05:19 965] transport  1855 self.msg_flag_q  table(6401bd50) 
[2023/09/06 16:05:19 965] transport  1856 self.msg_q  table(6402c5e0) 
[2023/09/06 16:05:19 965] transport  1788 transport_obj.try2send | in  
[2023/09/06 16:05:19 965] transport  1789 self.soc  nil  
[2023/09/06 16:05:19 965] transport  1790 self.connected  false  
[2023/09/06 16:05:19 965] transport  1791 self.latesterr  0  
[2023/09/06 16:05:19 965] transport  1862 transport_obj.send | out  
[2023/09/06 16:05:19 966] isr_local  2038 commit path:   res/asr/GrmBuilld/temp/commit  
[2023/09/06 16:05:19 976] isr_local  2076 commit success!  
[2023/09/06 16:05:19 980] isr_local  1409 esr_session_begin | esr_obj:start ret =  0  
[2023/09/06 16:05:19 980] isr_local  2122 esr_session_begin, ret =   0  
[2023/09/06 16:05:19 980] isr_local  2265 last gc at  1693987519  
[2023/09/06 16:05:20 078] isr_local  655  local engine ready  
[2023/09/06 16:05:20 078] isr_local  585  esr_flush_buf_audio buffer audio num:  0  
[2023/09/06 16:05:20 078] isr_local  630  local engine started  
[2023/09/06 16:05:20 134] isr_local  2126 ASR_LOCAL_MSG_AUW  
[2023/09/06 16:05:20 134] isr_local  1558 auwl =   3200  
[2023/09/06 16:05:20 135] isr_local  2135 esr_audio_write, ret =  nil  
[2023/09/06 16:05:20 135] isr_local  2265 last gc at  1693987519  
[2023/09/06 16:05:20 234] isr_local  2126 ASR_LOCAL_MSG_AUW  
[2023/09/06 16:05:20 234] isr_local  1558 auwl =   3200  
[2023/09/06 16:05:20 234] isr_local  2135 esr_audio_write, ret =  nil  
[2023/09/06 16:05:20 234] isr_local  2265 last gc at  1693987519  
[2023/09/06 16:05:20 334] isr_local  2126 ASR_LOCAL_MSG_AUW  
[2023/09/06 16:05:20 334] isr_local  1558 auwl =   3200  
[2023/09/06 16:05:20 335] isr_local  2135 esr_audio_write, ret =  nil  
[2023/09/06 16:05:20 335] isr_local  2265 last gc at  1693987519  
[2023/09/06 16:05:20 445] isr_local  2126 ASR_LOCAL_MSG_AUW  
[2023/09/06 16:05:20 446] isr_local  1558 auwl =   3200  
[2023/09/06 16:05:20 447] isr_local  2135 esr_audio_write, ret =  nil  
[2023/09/06 16:05:20 447] isr_local  2265 last gc at  1693987519  
[2023/09/06 16:05:20 546] isr_local  2126 ASR_LOCAL_MSG_AUW  
[2023/09/06 16:05:20 547] isr_local  1558 auwl =   3200  
[2023/09/06 16:05:20 547] isr_local  2135 esr_audio_write, ret =  nil  
[2023/09/06 16:05:20 547] isr_local  2265 last gc at  1693987519  
[2023/09/06 16:05:20 645] isr_local  2126 ASR_LOCAL_MSG_AUW  
[2023/09/06 16:05:20 646] isr_local  1558 auwl =   3200  
[2023/09/06 16:05:20 647] isr_local  2135 esr_audio_write, ret =  nil  
[2023/09/06 16:05:20 647] isr_local  2265 last gc at  1693987519  
[2023/09/06 16:05:20 736] isr_local  2126 ASR_LOCAL_MSG_AUW  
[2023/09/06 16:05:20 736] isr_local  1558 auwl =   3200  
[2023/09/06 16:05:20 736] isr_local  2135 esr_audio_write, ret =  nil  
[2023/09/06 16:05:20 736] isr_local  2265 last gc at  1693987519  
[2023/09/06 16:05:20 834] isr_local  2126 ASR_LOCAL_MSG_AUW  
[2023/09/06 16:05:20 835] isr_local  1558 auwl =   3200  
[2023/09/06 16:05:20 835] isr_local  2135 esr_audio_write, ret =  nil  
[2023/09/06 16:05:20 835] isr_local  2265 last gc at  1693987519  
[2023/09/06 16:05:20 946] isr_local  2126 ASR_LOCAL_MSG_AUW  
[2023/09/06 16:05:20 947] isr_local  1558 auwl =   3200  
[2023/09/06 16:05:20 947] isr_local  2135 esr_audio_write, ret =  nil  
[2023/09/06 16:05:20 948] isr_local  2265 last gc at  1693987519  
[2023/09/06 16:05:21 046] isr_local  2126 ASR_LOCAL_MSG_AUW  
[2023/09/06 16:05:21 046] isr_local  1558 auwl =   3200  
[2023/09/06 16:05:21 047] isr_local  2135 esr_audio_write, ret =  nil  
[2023/09/06 16:05:21 048] isr_local  2265 last gc at  1693987519  
[2023/09/06 16:05:21 145] isr_local  2126 ASR_LOCAL_MSG_AUW  
[2023/09/06 16:05:21 146] isr_local  1558 auwl =   3200  
[2023/09/06 16:05:21 147] isr_local  2135 esr_audio_write, ret =  nil  
[2023/09/06 16:05:21 147] isr_local  2265 last gc at  1693987519  
[2023/09/06 16:05:21 246] isr_local  2126 ASR_LOCAL_MSG_AUW  
[2023/09/06 16:05:21 246] isr_local  1558 auwl =   3200  
[2023/09/06 16:05:21 247] isr_local  2135 esr_audio_write, ret =  nil  
[2023/09/06 16:05:21 247] isr_local  2265 last gc at  1693987519  
[2023/09/06 16:05:21 347] isr_local  2126 ASR_LOCAL_MSG_AUW  
[2023/09/06 16:05:21 347] isr_local  1558 auwl =   3200  
[2023/09/06 16:05:21 348] isr_local  2135 esr_audio_write, ret =  nil  
[2023/09/06 16:05:21 348] isr_local  2265 last gc at  1693987519  
[2023/09/06 16:05:21 445] isr_local  2126 ASR_LOCAL_MSG_AUW  
[2023/09/06 16:05:21 446] isr_local  1558 auwl =   3200  
[2023/09/06 16:05:21 447] isr_local  2135 esr_audio_write, ret =  nil  
[2023/09/06 16:05:21 447] isr_local  2265 last gc at  1693987519  
[2023/09/06 16:05:21 546] isr_local  2126 ASR_LOCAL_MSG_AUW  
[2023/09/06 16:05:21 546] isr_local  1558 auwl =   3200  
[2023/09/06 16:05:21 547] isr_local  2135 esr_audio_write, ret =  nil  
[2023/09/06 16:05:21 548] isr_local  2265 last gc at  1693987519  
[2023/09/06 16:05:21 646] isr_local  2126 ASR_LOCAL_MSG_AUW  
[2023/09/06 16:05:21 646] isr_local  1558 auwl =   3200  
[2023/09/06 16:05:21 647] isr_local  2135 esr_audio_write, ret =  nil  
[2023/09/06 16:05:21 647] isr_local  2265 last gc at  1693987519  
[2023/09/06 16:05:21 746] isr_local  2126 ASR_LOCAL_MSG_AUW  
[2023/09/06 16:05:21 746] isr_local  1558 auwl =   3200  
[2023/09/06 16:05:21 748] isr_local  2135 esr_audio_write, ret =  nil  
[2023/09/06 16:05:21 748] isr_local  2265 last gc at  1693987519  
[2023/09/06 16:05:21 845] isr_local  2126 ASR_LOCAL_MSG_AUW  
[2023/09/06 16:05:21 846] isr_local  1558 auwl =   3200  
[2023/09/06 16:05:21 847] isr_local  2135 esr_audio_write, ret =  nil  
[2023/09/06 16:05:21 847] isr_local  2265 last gc at  1693987519  
[2023/09/06 16:05:21 946] isr_local  2126 ASR_LOCAL_MSG_AUW  
[2023/09/06 16:05:21 946] isr_local  1558 auwl =   3200  
[2023/09/06 16:05:21 947] isr_local  2135 esr_audio_write, ret =  nil  
[2023/09/06 16:05:21 947] isr_local  2265 last gc at  1693987519  
[2023/09/06 16:05:22 046] isr_local  2126 ASR_LOCAL_MSG_AUW  
[2023/09/06 16:05:22 046] isr_local  1558 auwl =   3200  
[2023/09/06 16:05:22 048] isr_local  2135 esr_audio_write, ret =  nil  
[2023/09/06 16:05:22 049] isr_local  2265 last gc at  1693987519  
[2023/09/06 16:05:22 145] isr_local  2126 ASR_LOCAL_MSG_AUW  
[2023/09/06 16:05:22 146] isr_local  1558 auwl =   3200  
[2023/09/06 16:05:22 147] isr_local  2135 esr_audio_write, ret =  nil  
[2023/09/06 16:05:22 147] isr_local  2265 last gc at  1693987519  
[2023/09/06 16:05:22 246] isr_local  2126 ASR_LOCAL_MSG_AUW  
[2023/09/06 16:05:22 246] isr_local  1558 auwl =   3200  
[2023/09/06 16:05:22 247] isr_local  2135 esr_audio_write, ret =  nil  
[2023/09/06 16:05:22 247] isr_local  2265 last gc at  1693987519  
[2023/09/06 16:05:22 346] isr_local  2126 ASR_LOCAL_MSG_AUW  
[2023/09/06 16:05:22 346] isr_local  1558 auwl =   3200  
[2023/09/06 16:05:22 347] isr_local  2135 esr_audio_write, ret =  nil  
[2023/09/06 16:05:22 347] isr_local  2265 last gc at  1693987519  
[2023/09/06 16:05:22 438] isr_local  2126 ASR_LOCAL_MSG_AUW  
[2023/09/06 16:05:22 438] isr_local  1558 auwl =   3200  
[2023/09/06 16:05:22 439] isr_local  2135 esr_audio_write, ret =  nil  
[2023/09/06 16:05:22 440] isr_local  2265 last gc at  1693987519  
[2023/09/06 16:05:22 542] isr_local  2126 ASR_LOCAL_MSG_AUW  
[2023/09/06 16:05:22 542] isr_local  1558 auwl =   3200  
[2023/09/06 16:05:22 543] isr_local  2135 esr_audio_write, ret =  nil  
[2023/09/06 16:05:22 543] isr_local  2265 last gc at  1693987519  
[2023/09/06 16:05:22 635] isr_local  2126 ASR_LOCAL_MSG_AUW  
[2023/09/06 16:05:22 636] isr_local  1558 auwl =   3200  
[2023/09/06 16:05:22 636] isr_local  2135 esr_audio_write, ret =  nil  
[2023/09/06 16:05:22 637] isr_local  2265 last gc at  1693987519  
[2023/09/06 16:05:22 735] isr_local  2126 ASR_LOCAL_MSG_AUW  
[2023/09/06 16:05:22 735] isr_local  1558 auwl =   3200  
[2023/09/06 16:05:22 735] isr_local  2135 esr_audio_write, ret =  nil  
[2023/09/06 16:05:22 735] isr_local  2265 last gc at  1693987519  
[2023/09/06 16:05:22 835] isr_local  2126 ASR_LOCAL_MSG_AUW  
[2023/09/06 16:05:22 835] isr_local  1558 auwl =   3200  
[2023/09/06 16:05:22 835] isr_local  2135 esr_audio_write, ret =  nil  
[2023/09/06 16:05:22 835] isr_local  2265 last gc at  1693987519  
[2023/09/06 16:05:22 932] isr_local  2126 ASR_LOCAL_MSG_AUW  
[2023/09/06 16:05:22 932] isr_local  1558 auwl =   2560  
[2023/09/06 16:05:22 933] isr_local  2135 esr_audio_write, ret =  nil  
[2023/09/06 16:05:22 933] isr_local  2265 last gc at  1693987519  
[2023/09/06 16:05:22 964] transport  306  [dns] [1] timeout!   
[2023/09/06 16:05:22 964] transport  74   dns_failed  
[2023/09/06 16:05:22 964] network    90   ipfromenv ,  ipcache  open.xf-yun.com  def  nil  
[2023/09/06 16:05:22 964] network    90   ipfromenv ,  ipcfg  open.xf-yun.com  def  nil  
[2023/09/06 16:05:22 964] transport  1298 [soc] connect   116.213.69.195  80  
[2023/09/06 16:05:22 964] transport  1310 mspsoc.open,prot_type=  tcp  
[2023/09/06 16:05:22 966] network    231  dns timeout!  ns1  
[2023/09/06 16:05:22 966] ns         457  ns dns failed, err =   10114  
[2023/09/06 16:05:22 966] network    445  gethttpresp2  117.121.48.5  80  ns2  
[2023/09/06 16:05:22 966] network    465  prot_type  tcp  
[2023/09/06 16:05:22 972] transport  539  MSC:[soc] [1] error 10202 113!  
[2023/09/06 16:05:22 974] transport  64   clear_ip ip_type =  nil  
[2023/09/06 16:05:22 974] transport  339  soc_conn_failed  
[2023/09/06 16:05:22 974] network    95   iptoenv ,  ipcache  open.xf-yun.com  def  nil  
[2023/09/06 16:05:22 976] transport  413  switch 80  
[2023/09/06 16:05:22 980] transport  1326 [soc] disconnect   
[2023/09/06 16:05:22 983] network    418  soc error  10202  ns2  
[2023/09/06 16:05:22 985] ns         256  name server http resp  table(6402e530) 10202  nil  
[2023/09/06 16:05:22 985] ns         415  ns response failed, err =  10202  
[2023/09/06 16:05:22 985] ns         116  ns_host=  open.xf-yun.com  
[2023/09/06 16:05:22 986] ns         118  use default ip  
[2023/09/06 16:05:22 986] transport  1060 ns_ip =   116.213.69.195  
[2023/09/06 16:05:22 986] transport  1061 ip_type =  def_athopen.xf-yun.com  
[2023/09/06 16:05:22 986] transport  1298 [soc] connect   116.213.69.195  80  
[2023/09/06 16:05:22 986] transport  1310 mspsoc.open,prot_type=  tcp  
[2023/09/06 16:05:22 987] ns         658  no data in ns_q  
[2023/09/06 16:05:22 987] ns         659  conti_ns,ns_inprog =   1  
[2023/09/06 16:05:23 006] isr_local  669  final result will throw out next!  
[2023/09/06 16:05:23 006] isr_local  679  nRecognizeState:  1  
[2023/09/06 16:05:23 006] isr_local  680  nConfidenceScore:  21  
[2023/09/06 16:05:23 006] isr_local  728  result_type :   xml  
[2023/09/06 16:05:23 006] isr_local  729  result_encoding :   UTF-8  
[2023/09/06 16:05:23 006] isr_local  730  is iat :   false  
[2023/09/06 16:05:23 007] isr_local  469  item_count:1  
[2023/09/06 16:05:23 007] isr_local  469  item_count:1  
[2023/09/06 16:05:23 007] isr_local  293  nil  
[2023/09/06 16:05:23 007] isr_local  675  recognized end!  
[2023/09/06 16:05:23 010] isr_local  2140 ASR_LOCAL_MSG_SSE  
[2023/09/06 16:05:23 010] isr_local  1518 esr_session_end | esr_obj:stop ret =  0  
[2023/09/06 16:05:23 010] isr_local  2142 esr_session_end, ret =  0  
[2023/09/06 16:05:23 013] isr_local  2265 last gc at  1693987519  
[2023/09/06 16:05:23 042] isr_local  2182 SYS_MSG_SHUTDOWN_LOCAL  
[2023/09/06 16:05:23 152] isr_local  2265 last gc at  1693987519  
============================================================
Time  2023/09/06 16:05:23 812 
============================================================
[2023/09/06 16:05:23 813] isr_local  2168 os_type is:  Linux  
[2023/09/06 16:05:23 813] isr_local  2177 SYS_MSG_LOAD_LOCAL  
[2023/09/06 16:05:23 813] isr_local  2265 last gc at  1693987523  
[2023/09/06 16:05:23 813] isr_local  2206 SYS_MSG_REGCB_LOCAL| param0 =  msp_status_cb  
[2023/09/06 16:05:23 814] isr_local  2265 last gc at  1693987523  
[2023/09/06 16:05:23 814] isr_local  2206 SYS_MSG_REGCB_LOCAL| param0 =  local_service_cbmsg  
[2023/09/06 16:05:23 814] isr_local  2265 last gc at  1693987523  
[2023/09/06 16:05:23 815] isr_local  2114 ASR_LOCAL_MSG_SSB  
[2023/09/06 16:05:23 815] isr_local  1251 esr_session_begin | params:  engine_type=local,asr_res_path=fo|res/asr/common.jet,sample_rate=16000,grm_build_path=res/asr/GrmBuilld,local_grammar=call,result_type=xml,result_encoding=UTF-8  
[2023/09/06 16:05:23 815] isr_local  803  engine_type  :  local  
[2023/09/06 16:05:23 815] isr_local  803  asr_res_path  :  fo|res/asr/common.jet  
[2023/09/06 16:05:23 815] isr_local  803  sample_rate  :  16000  
[2023/09/06 16:05:23 815] isr_local  803  grm_build_path  :  res/asr/GrmBuilld  
[2023/09/06 16:05:23 815] isr_local  803  local_grammar  :  call  
[2023/09/06 16:05:23 816] isr_local  803  result_type  :  xml  
[2023/09/06 16:05:23 816] isr_local  803  result_encoding  :  UTF-8  
[2023/09/06 16:05:23 816] isr_local  1280 init aitalk in ssb  
[2023/09/06 16:05:23 816] isr_local  1162 esr_init | params:  engine_type=local,asr_res_path=fo|res/asr/common.jet,sample_rate=16000,grm_build_path=res/asr/GrmBuilld,local_grammar=call,result_type=xml,result_encoding=UTF-8  
[2023/09/06 16:05:23 816] isr_local  803  engine_type  :  local  
[2023/09/06 16:05:23 816] isr_local  803  asr_res_path  :  fo|res/asr/common.jet  
[2023/09/06 16:05:23 816] isr_local  803  sample_rate  :  16000  
[2023/09/06 16:05:23 816] isr_local  803  grm_build_path  :  res/asr/GrmBuilld  
[2023/09/06 16:05:23 817] isr_local  803  local_grammar  :  call  
[2023/09/06 16:05:23 817] isr_local  803  result_type  :  xml  
[2023/09/06 16:05:23 817] isr_local  803  result_encoding  :  UTF-8  
[2023/09/06 16:05:23 817] isr_local  1083  lucEsr.new   
[2023/09/06 16:05:23 817] isr_local  1000 file count =   1  
[2023/09/06 16:05:23 817] isr_local  923  file open type is:   fo  
[2023/09/06 16:05:23 818] isr_local  956  res/asr/common.jet  0  0  
[2023/09/06 16:05:23 818] isr_local  1018 speech_plus_setting  0  
[2023/09/06 16:05:23 818] isr_local  1031 2  nil  res/asr/common.jet  0  0  
[2023/09/06 16:05:23 818] isr_local  1033 res_ver  2  
[2023/09/06 16:05:23 818] isr_local  1034 res 5  62dd61c88201165be2937d82ec3543bf  
[2023/09/06 16:05:23 818] isr_local  1035 res_new_old_mark  v5pp  
[2023/09/06 16:05:23 819] isr_local  1036 res_usr_name  ""  
[2023/09/06 16:05:23 819] isr_local  1037 res_expires    
[2023/09/06 16:05:23 819] isr_local  1038 err  0  
[2023/09/06 16:05:23 819] isr_local  1054 lgi appid 5  62dd61c88201165be2937d82ec3543bf  
[2023/09/06 16:05:23 819] isr_local  1065 res_expires is null  
[2023/09/06 16:05:23 820] auth       74   aitalk  app  nil  nil  {"aitalk":{"ver":"2","bus":{"forbid":"0","nlimit":2020}}}  
[2023/09/06 16:05:23 820] auth       312  nil  
[2023/09/06 16:05:23 845] isr_local  1294 authorized_aitalk=  nil  
[2023/09/06 16:05:23 845] isr_local  1295 forbid_aitalk=  0  
[2023/09/06 16:05:23 845] auth       570  aitalk  table(7c063fc0) nil  nil  appid = 5e7d9f3e  
[2023/09/06 16:05:23 845] auth       579  app  nil  nil  nil  
[2023/09/06 16:05:23 846] auth       636  ath rquest  {"authorize":[{"busin":"aitalk","ver":"2.1.1"}]}  
[2023/09/06 16:05:23 848] transport  642  paramkvsport is   nil  
[2023/09/06 16:05:23 849] transport  654  ns_enable=  1  
[2023/09/06 16:05:23 849] transport  656  2017-08--24 is_ns_need_close =   nil  
[2023/09/06 16:05:23 849] transport  662  net.nettype=  standard  
[2023/09/06 16:05:23 849] transport  672  url.full=  nil  
[2023/09/06 16:05:23 849] transport  673  urltmp=  nil  
[2023/09/06 16:05:23 849] transport  677  server_url_host=, server_url_port=, server_url_path=  open.xf-yun.com  nil  /msp.do  
[2023/09/06 16:05:23 849] transport  705  url.full=  nil  
[2023/09/06 16:05:23 850] transport  890  switch 80  
[2023/09/06 16:05:23 850] transport  902  net type:  standard  
[2023/09/06 16:05:23 850] transport  903  net operator:  def  
[2023/09/06 16:05:23 850] transport  904  use proxy:  false  
[2023/09/06 16:05:23 850] auth       691  not login!  
[2023/09/06 16:05:23 850] auth       528  [session] send auth request  
[2023/09/06 16:05:23 850] transport  1102 session.domain=  open.xf-yun.com  
[2023/09/06 16:05:23 850] transport  1103 url.host=  open.xf-yun.com  
[2023/09/06 16:05:23 851] transport  1080 NAMESERVER START  
[2023/09/06 16:05:23 851] transport  1083 name =   ath  
[2023/09/06 16:05:23 851] ns         629  ntt=  standard  
[2023/09/06 16:05:23 851] transport  1086 trans,ns_inprog =  0  
[2023/09/06 16:05:23 851] ns         585  name server start  
[2023/09/06 16:05:23 851] ns         586  ns_sub =   ath  
[2023/09/06 16:05:23 851] ns         588  ns_host=  open.xf-yun.com  
[2023/09/06 16:05:23 851] ns         479  ns_host=  open.xf-yun.com  
[2023/09/06 16:05:23 852] ns         558  GET /sip/resolver?srand=0906160511.32 HTTP/1.1
Host: hdns.openspeech.cn
Connection: Keep-Alive
X-Par: ver=1.3&appid=5e7d9f3e&operator=UNKNOW&nettype=STANDARD&cver=5.0.38.1195&svc=ath&host=open.xf-yun.com&sign=30edf317457c27b8f470e46c48e542eb
User-Agent: iFLYCloud

  
[2023/09/06 16:05:23 852] ns         559  net_type =  standard  
[2023/09/06 16:05:23 852] ns         560  cmwapascmnet =  
[2023/09/06 16:05:23 852] ns         561  uniwapasuninet =  
[2023/09/06 16:05:23 852] ns         562  ctwapasctnet =  
[2023/09/06 16:05:23 852] ns         579  host=  hdns.openspeech.cn  
[2023/09/06 16:05:23 853] network    263  gethostbyname  hdns.openspeech.cn  ns1  
[2023/09/06 16:05:23 853] auth       535  0  
[2023/09/06 16:05:23 853] auth       498  lver:  nil  
[2023/09/06 16:05:23 853] auth       503  cfg_ver:  nil  
[2023/09/06 16:05:23 854] transport  1849 transport_obj.send | in  
[2023/09/06 16:05:23 854] transport  1855 self.msg_flag_q  table(7c41c700) 
[2023/09/06 16:05:23 854] transport  1856 self.msg_q  table(7c020890) 
[2023/09/06 16:05:23 854] transport  1788 transport_obj.try2send | in  
[2023/09/06 16:05:23 854] transport  1789 self.soc  nil  
[2023/09/06 16:05:23 854] transport  1790 self.connected  false  
[2023/09/06 16:05:23 854] transport  1791 self.latesterr  0  
[2023/09/06 16:05:23 854] transport  1862 transport_obj.send | out  
[2023/09/06 16:05:23 855] isr_local  2038 commit path:   res/asr/GrmBuilld/temp/commit  
[2023/09/06 16:05:23 874] isr_local  2076 commit success!  
[2023/09/06 16:05:23 879] isr_local  1409 esr_session_begin | esr_obj:start ret =  0  
[2023/09/06 16:05:23 879] isr_local  2122 esr_session_begin, ret =   0  
[2023/09/06 16:05:23 879] isr_local  2265 last gc at  1693987523  
[2023/09/06 16:05:23 983] isr_local  655  local engine ready  
[2023/09/06 16:05:23 985] isr_local  585  esr_flush_buf_audio buffer audio num:  0  
[2023/09/06 16:05:23 986] isr_local  630  local engine started  
[2023/09/06 16:05:24 005] isr_local  2126 ASR_LOCAL_MSG_AUW  
[2023/09/06 16:05:24 005] isr_local  1558 auwl =   3200  
[2023/09/06 16:05:24 006] isr_local  2135 esr_audio_write, ret =  nil  
[2023/09/06 16:05:24 006] isr_local  2265 last gc at  1693987523  
[2023/09/06 16:05:24 099] isr_local  2126 ASR_LOCAL_MSG_AUW  
[2023/09/06 16:05:24 099] isr_local  1558 auwl =   3200  
[2023/09/06 16:05:24 099] isr_local  2135 esr_audio_write, ret =  nil  
[2023/09/06 16:05:24 099] isr_local  2265 last gc at  1693987523  
[2023/09/06 16:05:24 208] isr_local  2126 ASR_LOCAL_MSG_AUW  
[2023/09/06 16:05:24 208] isr_local  1558 auwl =   3200  
[2023/09/06 16:05:24 209] isr_local  2135 esr_audio_write, ret =  nil  
[2023/09/06 16:05:24 209] isr_local  2265 last gc at  1693987523  
[2023/09/06 16:05:24 313] isr_local  2126 ASR_LOCAL_MSG_AUW  
[2023/09/06 16:05:24 314] isr_local  1558 auwl =   3200  
[2023/09/06 16:05:24 314] isr_local  2135 esr_audio_write, ret =  nil  
[2023/09/06 16:05:24 315] isr_local  2265 last gc at  1693987523  
[2023/09/06 16:05:24 410] isr_local  2126 ASR_LOCAL_MSG_AUW  
[2023/09/06 16:05:24 411] isr_local  1558 auwl =   3200  
[2023/09/06 16:05:24 412] isr_local  2135 esr_audio_write, ret =  nil  
[2023/09/06 16:05:24 413] isr_local  2265 last gc at  1693987523  
[2023/09/06 16:05:24 510] isr_local  2126 ASR_LOCAL_MSG_AUW  
[2023/09/06 16:05:24 511] isr_local  1558 auwl =   3200  
[2023/09/06 16:05:24 512] isr_local  2135 esr_audio_write, ret =  nil  
[2023/09/06 16:05:24 512] isr_local  2265 last gc at  1693987523  
[2023/09/06 16:05:24 610] isr_local  2126 ASR_LOCAL_MSG_AUW  
[2023/09/06 16:05:24 611] isr_local  1558 auwl =   3200  
[2023/09/06 16:05:24 611] isr_local  2135 esr_audio_write, ret =  nil  
[2023/09/06 16:05:24 612] isr_local  2265 last gc at  1693987523  
[2023/09/06 16:05:24 710] isr_local  2126 ASR_LOCAL_MSG_AUW  
[2023/09/06 16:05:24 711] isr_local  1558 auwl =   3200  
[2023/09/06 16:05:24 711] isr_local  2135 esr_audio_write, ret =  nil  
[2023/09/06 16:05:24 712] isr_local  2265 last gc at  1693987523  
[2023/09/06 16:05:24 810] isr_local  2126 ASR_LOCAL_MSG_AUW  
[2023/09/06 16:05:24 811] isr_local  1558 auwl =   3200  
[2023/09/06 16:05:24 812] isr_local  2135 esr_audio_write, ret =  nil  
[2023/09/06 16:05:24 813] isr_local  2265 last gc at  1693987523  
[2023/09/06 16:05:24 911] isr_local  2126 ASR_LOCAL_MSG_AUW  
[2023/09/06 16:05:24 911] isr_local  1558 auwl =   3200  
[2023/09/06 16:05:24 912] isr_local  2135 esr_audio_write, ret =  nil  
[2023/09/06 16:05:24 912] isr_local  2265 last gc at  1693987523  
[2023/09/06 16:05:25 011] isr_local  2126 ASR_LOCAL_MSG_AUW  
[2023/09/06 16:05:25 012] isr_local  1558 auwl =   3200  
[2023/09/06 16:05:25 013] isr_local  2135 esr_audio_write, ret =  nil  
[2023/09/06 16:05:25 013] isr_local  2265 last gc at  1693987523  
[2023/09/06 16:05:25 111] isr_local  2126 ASR_LOCAL_MSG_AUW  
[2023/09/06 16:05:25 112] isr_local  1558 auwl =   3200  
[2023/09/06 16:05:25 112] isr_local  2135 esr_audio_write, ret =  nil  
[2023/09/06 16:05:25 113] isr_local  2265 last gc at  1693987523  
[2023/09/06 16:05:25 210] isr_local  2126 ASR_LOCAL_MSG_AUW  
[2023/09/06 16:05:25 211] isr_local  1558 auwl =   3200  
[2023/09/06 16:05:25 212] isr_local  2135 esr_audio_write, ret =  nil  
[2023/09/06 16:05:25 212] isr_local  2265 last gc at  1693987523  
[2023/09/06 16:05:25 310] isr_local  2126 ASR_LOCAL_MSG_AUW  
[2023/09/06 16:05:25 311] isr_local  1558 auwl =   3200  
[2023/09/06 16:05:25 312] isr_local  2135 esr_audio_write, ret =  nil  
[2023/09/06 16:05:25 312] isr_local  2265 last gc at  1693987523  
[2023/09/06 16:05:25 410] isr_local  2126 ASR_LOCAL_MSG_AUW  
[2023/09/06 16:05:25 411] isr_local  1558 auwl =   3200  
[2023/09/06 16:05:25 412] isr_local  2135 esr_audio_write, ret =  nil  
[2023/09/06 16:05:25 412] isr_local  2265 last gc at  1693987523  
[2023/09/06 16:05:25 511] isr_local  2126 ASR_LOCAL_MSG_AUW  
[2023/09/06 16:05:25 511] isr_local  1558 auwl =   3200  
[2023/09/06 16:05:25 512] isr_local  2135 esr_audio_write, ret =  nil  
[2023/09/06 16:05:25 513] isr_local  2265 last gc at  1693987523  
[2023/09/06 16:05:25 611] isr_local  2126 ASR_LOCAL_MSG_AUW  
[2023/09/06 16:05:25 611] isr_local  1558 auwl =   3200  
[2023/09/06 16:05:25 612] isr_local  2135 esr_audio_write, ret =  nil  
[2023/09/06 16:05:25 612] isr_local  2265 last gc at  1693987523  
[2023/09/06 16:05:25 696] isr_local  2126 ASR_LOCAL_MSG_AUW  
[2023/09/06 16:05:25 697] isr_local  1558 auwl =   3200  
[2023/09/06 16:05:25 697] isr_local  2135 esr_audio_write, ret =  nil  
[2023/09/06 16:05:25 698] isr_local  2265 last gc at  1693987523  
[2023/09/06 16:05:25 796] isr_local  2126 ASR_LOCAL_MSG_AUW  
[2023/09/06 16:05:25 796] isr_local  1558 auwl =   3200  
[2023/09/06 16:05:25 796] isr_local  2135 esr_audio_write, ret =  nil  
[2023/09/06 16:05:25 796] isr_local  2265 last gc at  1693987523  
[2023/09/06 16:05:25 896] isr_local  2126 ASR_LOCAL_MSG_AUW  
[2023/09/06 16:05:25 896] isr_local  1558 auwl =   3200  
[2023/09/06 16:05:25 896] isr_local  2135 esr_audio_write, ret =  nil  
[2023/09/06 16:05:25 896] isr_local  2265 last gc at  1693987523  
[2023/09/06 16:05:25 996] isr_local  2126 ASR_LOCAL_MSG_AUW  
[2023/09/06 16:05:25 996] isr_local  1558 auwl =   3200  
[2023/09/06 16:05:25 996] isr_local  2135 esr_audio_write, ret =  nil  
[2023/09/06 16:05:25 996] isr_local  2265 last gc at  1693987523  
[2023/09/06 16:05:26 103] isr_local  2126 ASR_LOCAL_MSG_AUW  
[2023/09/06 16:05:26 103] isr_local  1558 auwl =   3200  
[2023/09/06 16:05:26 104] isr_local  2135 esr_audio_write, ret =  nil  
[2023/09/06 16:05:26 104] isr_local  2265 last gc at  1693987523  
[2023/09/06 16:05:26 196] isr_local  2126 ASR_LOCAL_MSG_AUW  
[2023/09/06 16:05:26 197] isr_local  1558 auwl =   3200  
[2023/09/06 16:05:26 197] isr_local  2135 esr_audio_write, ret =  nil  
[2023/09/06 16:05:26 198] isr_local  2265 last gc at  1693987523  
[2023/09/06 16:05:26 296] isr_local  2126 ASR_LOCAL_MSG_AUW  
[2023/09/06 16:05:26 297] isr_local  1558 auwl =   3200  
[2023/09/06 16:05:26 297] isr_local  2135 esr_audio_write, ret =  nil  
[2023/09/06 16:05:26 298] isr_local  2265 last gc at  1693987523  
[2023/09/06 16:05:26 396] isr_local  2126 ASR_LOCAL_MSG_AUW  
[2023/09/06 16:05:26 397] isr_local  1558 auwl =   3200  
[2023/09/06 16:05:26 397] isr_local  2135 esr_audio_write, ret =  nil  
[2023/09/06 16:05:26 398] isr_local  2265 last gc at  1693987523  
[2023/09/06 16:05:26 496] isr_local  2126 ASR_LOCAL_MSG_AUW  
[2023/09/06 16:05:26 497] isr_local  1558 auwl =   3200  
[2023/09/06 16:05:26 497] isr_local  2135 esr_audio_write, ret =  nil  
[2023/09/06 16:05:26 498] isr_local  2265 last gc at  1693987523  
[2023/09/06 16:05:26 596] isr_local  2126 ASR_LOCAL_MSG_AUW  
[2023/09/06 16:05:26 597] isr_local  1558 auwl =   3200  
[2023/09/06 16:05:26 597] isr_local  2135 esr_audio_write, ret =  nil  
[2023/09/06 16:05:26 598] isr_local  2265 last gc at  1693987523  
[2023/09/06 16:05:26 696] isr_local  2126 ASR_LOCAL_MSG_AUW  
[2023/09/06 16:05:26 697] isr_local  1558 auwl =   3200  
[2023/09/06 16:05:26 697] isr_local  2135 esr_audio_write, ret =  nil  
[2023/09/06 16:05:26 698] isr_local  2265 last gc at  1693987523  
[2023/09/06 16:05:26 803] isr_local  2126 ASR_LOCAL_MSG_AUW  
[2023/09/06 16:05:26 803] isr_local  1558 auwl =   2560  
[2023/09/06 16:05:26 803] isr_local  2135 esr_audio_write, ret =  nil  
[2023/09/06 16:05:26 803] isr_local  2265 last gc at  1693987523  
[2023/09/06 16:05:26 854] transport  306  [dns] [1] timeout!   
[2023/09/06 16:05:26 854] transport  74   dns_failed  
[2023/09/06 16:05:26 855] network    90   ipfromenv ,  ipcache  open.xf-yun.com  def  nil  
[2023/09/06 16:05:26 855] network    90   ipfromenv ,  ipcfg  open.xf-yun.com  def  nil  
[2023/09/06 16:05:26 856] transport  1298 [soc] connect   116.213.69.195  80  
[2023/09/06 16:05:26 857] transport  1310 mspsoc.open,prot_type=  tcp  
[2023/09/06 16:05:26 861] network    231  dns timeout!  ns1  
[2023/09/06 16:05:26 862] ns         457  ns dns failed, err =   10114  
[2023/09/06 16:05:26 862] network    445  gethttpresp2  117.121.48.5  80  ns2  
[2023/09/06 16:05:26 863] network    465  prot_type  tcp  
[2023/09/06 16:05:26 892] isr_local  669  final result will throw out next!  
[2023/09/06 16:05:26 892] isr_local  679  nRecognizeState:  1  
[2023/09/06 16:05:26 892] isr_local  680  nConfidenceScore:  0  
[2023/09/06 16:05:26 892] isr_local  728  result_type :   xml  
[2023/09/06 16:05:26 892] isr_local  729  result_encoding :   UTF-8  
[2023/09/06 16:05:26 892] isr_local  730  is iat :   true  
[2023/09/06 16:05:26 892] isr_local  771  no recognized result!  
[2023/09/06 16:05:26 892] isr_local  675  recognized end!  
[2023/09/06 16:05:26 895] isr_local  2140 ASR_LOCAL_MSG_SSE  
[2023/09/06 16:05:26 895] isr_local  1518 esr_session_end | esr_obj:stop ret =  0  
[2023/09/06 16:05:26 896] isr_local  2142 esr_session_end, ret =  0  
[2023/09/06 16:05:26 898] isr_local  2265 last gc at  1693987523  
[2023/09/06 16:05:26 952] isr_local  2182 SYS_MSG_SHUTDOWN_LOCAL  
[2023/09/06 16:05:27 009] isr_local  2265 last gc at  1693987523  
============================================================
Time  2023/09/06 16:05:27 603 
============================================================
[2023/09/06 16:05:27 603] isr_local  2168 os_type is:  Linux  
[2023/09/06 16:05:27 603] isr_local  2177 SYS_MSG_LOAD_LOCAL  
[2023/09/06 16:05:27 603] isr_local  2265 last gc at  1693987527  
[2023/09/06 16:05:27 604] isr_local  2206 SYS_MSG_REGCB_LOCAL| param0 =  msp_status_cb  
[2023/09/06 16:05:27 604] isr_local  2265 last gc at  1693987527  
[2023/09/06 16:05:27 604] isr_local  2206 SYS_MSG_REGCB_LOCAL| param0 =  local_service_cbmsg  
[2023/09/06 16:05:27 605] isr_local  2265 last gc at  1693987527  
[2023/09/06 16:05:27 605] isr_local  2114 ASR_LOCAL_MSG_SSB  
[2023/09/06 16:05:27 605] isr_local  1251 esr_session_begin | params:  engine_type=local,asr_res_path=fo|res/asr/common.jet,sample_rate=16000,grm_build_path=res/asr/GrmBuilld,local_grammar=call,result_type=xml,result_encoding=UTF-8  
[2023/09/06 16:05:27 605] isr_local  803  engine_type  :  local  
[2023/09/06 16:05:27 605] isr_local  803  asr_res_path  :  fo|res/asr/common.jet  
[2023/09/06 16:05:27 605] isr_local  803  sample_rate  :  16000  
[2023/09/06 16:05:27 606] isr_local  803  grm_build_path  :  res/asr/GrmBuilld  
[2023/09/06 16:05:27 606] isr_local  803  local_grammar  :  call  
[2023/09/06 16:05:27 606] isr_local  803  result_type  :  xml  
[2023/09/06 16:05:27 606] isr_local  803  result_encoding  :  UTF-8  
[2023/09/06 16:05:27 606] isr_local  1280 init aitalk in ssb  
[2023/09/06 16:05:27 606] isr_local  1162 esr_init | params:  engine_type=local,asr_res_path=fo|res/asr/common.jet,sample_rate=16000,grm_build_path=res/asr/GrmBuilld,local_grammar=call,result_type=xml,result_encoding=UTF-8  
[2023/09/06 16:05:27 606] isr_local  803  engine_type  :  local  
[2023/09/06 16:05:27 607] isr_local  803  asr_res_path  :  fo|res/asr/common.jet  
[2023/09/06 16:05:27 607] isr_local  803  sample_rate  :  16000  
[2023/09/06 16:05:27 607] isr_local  803  grm_build_path  :  res/asr/GrmBuilld  
[2023/09/06 16:05:27 607] isr_local  803  local_grammar  :  call  
[2023/09/06 16:05:27 607] isr_local  803  result_type  :  xml  
[2023/09/06 16:05:27 607] isr_local  803  result_encoding  :  UTF-8  
[2023/09/06 16:05:27 607] isr_local  1083  lucEsr.new   
[2023/09/06 16:05:27 608] isr_local  1000 file count =   1  
[2023/09/06 16:05:27 608] isr_local  923  file open type is:   fo  
[2023/09/06 16:05:27 608] isr_local  956  res/asr/common.jet  0  0  
[2023/09/06 16:05:27 608] isr_local  1018 speech_plus_setting  0  
[2023/09/06 16:05:27 608] isr_local  1031 2  nil  res/asr/common.jet  0  0  
[2023/09/06 16:05:27 609] isr_local  1033 res_ver  2  
[2023/09/06 16:05:27 609] isr_local  1034 res 5  62dd61c88201165be2937d82ec3543bf  
[2023/09/06 16:05:27 609] isr_local  1035 res_new_old_mark  v5pp  
[2023/09/06 16:05:27 609] isr_local  1036 res_usr_name  ""  
[2023/09/06 16:05:27 609] isr_local  1037 res_expires    
[2023/09/06 16:05:27 609] isr_local  1038 err  0  
[2023/09/06 16:05:27 610] isr_local  1054 lgi appid 5  62dd61c88201165be2937d82ec3543bf  
[2023/09/06 16:05:27 610] isr_local  1065 res_expires is null  
[2023/09/06 16:05:27 611] auth       74   aitalk  app  nil  nil  {"aitalk":{"ver":"2","bus":{"forbid":"0","nlimit":2020}}}  
[2023/09/06 16:05:27 611] auth       312  nil  
[2023/09/06 16:05:27 637] isr_local  1294 authorized_aitalk=  nil  
[2023/09/06 16:05:27 637] isr_local  1295 forbid_aitalk=  0  
[2023/09/06 16:05:27 637] auth       570  aitalk  table(74063fc0) nil  nil  appid = 5e7d9f3e  
[2023/09/06 16:05:27 638] auth       579  app  nil  nil  nil  
[2023/09/06 16:05:27 638] auth       636  ath rquest  {"authorize":[{"busin":"aitalk","ver":"2.1.1"}]}  
[2023/09/06 16:05:27 640] transport  642  paramkvsport is   nil  
[2023/09/06 16:05:27 641] transport  654  ns_enable=  1  
[2023/09/06 16:05:27 641] transport  656  2017-08--24 is_ns_need_close =   nil  
[2023/09/06 16:05:27 641] transport  662  net.nettype=  standard  
[2023/09/06 16:05:27 641] transport  672  url.full=  nil  
[2023/09/06 16:05:27 641] transport  673  urltmp=  nil  
[2023/09/06 16:05:27 641] transport  677  server_url_host=, server_url_port=, server_url_path=  open.xf-yun.com  nil  /msp.do  
[2023/09/06 16:05:27 641] transport  705  url.full=  nil  
[2023/09/06 16:05:27 642] transport  890  switch 80  
[2023/09/06 16:05:27 642] transport  902  net type:  standard  
[2023/09/06 16:05:27 642] transport  903  net operator:  def  
[2023/09/06 16:05:27 642] transport  904  use proxy:  false  
[2023/09/06 16:05:27 642] auth       691  not login!  
[2023/09/06 16:05:27 642] auth       528  [session] send auth request  
[2023/09/06 16:05:27 642] transport  1102 session.domain=  open.xf-yun.com  
[2023/09/06 16:05:27 642] transport  1103 url.host=  open.xf-yun.com  
[2023/09/06 16:05:27 643] transport  1080 NAMESERVER START  
[2023/09/06 16:05:27 643] transport  1083 name =   ath  
[2023/09/06 16:05:27 643] ns         629  ntt=  standard  
[2023/09/06 16:05:27 643] transport  1086 trans,ns_inprog =  0  
[2023/09/06 16:05:27 643] ns         585  name server start  
[2023/09/06 16:05:27 643] ns         586  ns_sub =   ath  
[2023/09/06 16:05:27 643] ns         588  ns_host=  open.xf-yun.com  
[2023/09/06 16:05:27 643] ns         479  ns_host=  open.xf-yun.com  
[2023/09/06 16:05:27 644] ns         558  GET /sip/resolver?srand=0906160511.32 HTTP/1.1
Host: hdns.openspeech.cn
Connection: Keep-Alive
X-Par: ver=1.3&appid=5e7d9f3e&operator=UNKNOW&nettype=STANDARD&cver=5.0.38.1195&svc=ath&host=open.xf-yun.com&sign=30edf317457c27b8f470e46c48e542eb
User-Agent: iFLYCloud

  
[2023/09/06 16:05:27 644] ns         559  net_type =  standard  
[2023/09/06 16:05:27 644] ns         560  cmwapascmnet =  
[2023/09/06 16:05:27 644] ns         561  uniwapasuninet =  
[2023/09/06 16:05:27 644] ns         562  ctwapasctnet =  
[2023/09/06 16:05:27 644] ns         579  host=  hdns.openspeech.cn  
[2023/09/06 16:05:27 644] network    263  gethostbyname  hdns.openspeech.cn  ns1  
[2023/09/06 16:05:27 645] auth       535  0  
[2023/09/06 16:05:27 645] auth       498  lver:  nil  
[2023/09/06 16:05:27 645] auth       503  cfg_ver:  nil  
[2023/09/06 16:05:27 645] transport  1849 transport_obj.send | in  
[2023/09/06 16:05:27 646] transport  1855 self.msg_flag_q  table(7402f1b0) 
[2023/09/06 16:05:27 646] transport  1856 self.msg_q  table(74080e20) 
[2023/09/06 16:05:27 646] transport  1788 transport_obj.try2send | in  
[2023/09/06 16:05:27 646] transport  1789 self.soc  nil  
[2023/09/06 16:05:27 646] transport  1790 self.connected  false  
[2023/09/06 16:05:27 646] transport  1791 self.latesterr  0  
[2023/09/06 16:05:27 646] transport  1862 transport_obj.send | out  
[2023/09/06 16:05:27 647] isr_local  2038 commit path:   res/asr/GrmBuilld/temp/commit  
[2023/09/06 16:05:27 659] isr_local  2076 commit success!  
[2023/09/06 16:05:27 663] isr_local  1409 esr_session_begin | esr_obj:start ret =  0  
[2023/09/06 16:05:27 663] isr_local  2122 esr_session_begin, ret =   0  
[2023/09/06 16:05:27 664] isr_local  2265 last gc at  1693987527  
[2023/09/06 16:05:27 762] isr_local  655  local engine ready  
[2023/09/06 16:05:27 763] isr_local  585  esr_flush_buf_audio buffer audio num:  0  
[2023/09/06 16:05:27 764] isr_local  630  local engine started  
[2023/09/06 16:05:27 794] isr_local  2126 ASR_LOCAL_MSG_AUW  
[2023/09/06 16:05:27 794] isr_local  1558 auwl =   3200  
[2023/09/06 16:05:27 795] isr_local  2135 esr_audio_write, ret =  nil  
[2023/09/06 16:05:27 795] isr_local  2265 last gc at  1693987527  
[2023/09/06 16:05:27 888] isr_local  2126 ASR_LOCAL_MSG_AUW  
[2023/09/06 16:05:27 889] isr_local  1558 auwl =   3200  
[2023/09/06 16:05:27 889] isr_local  2135 esr_audio_write, ret =  nil  
[2023/09/06 16:05:27 889] isr_local  2265 last gc at  1693987527  
[2023/09/06 16:05:27 999] isr_local  2126 ASR_LOCAL_MSG_AUW  
[2023/09/06 16:05:28 000] isr_local  1558 auwl =   3200  
[2023/09/06 16:05:28 000] isr_local  2135 esr_audio_write, ret =  nil  
[2023/09/06 16:05:28 001] isr_local  2265 last gc at  1693987527  
[2023/09/06 16:05:28 099] isr_local  2126 ASR_LOCAL_MSG_AUW  
[2023/09/06 16:05:28 100] isr_local  1558 auwl =   3200  
[2023/09/06 16:05:28 100] isr_local  2135 esr_audio_write, ret =  nil  
[2023/09/06 16:05:28 101] isr_local  2265 last gc at  1693987527  
[2023/09/06 16:05:28 199] isr_local  2126 ASR_LOCAL_MSG_AUW  
[2023/09/06 16:05:28 200] isr_local  1558 auwl =   3200  
[2023/09/06 16:05:28 200] isr_local  2135 esr_audio_write, ret =  nil  
[2023/09/06 16:05:28 201] isr_local  2265 last gc at  1693987527  
[2023/09/06 16:05:28 293] isr_local  2126 ASR_LOCAL_MSG_AUW  
[2023/09/06 16:05:28 294] isr_local  1558 auwl =   3200  
[2023/09/06 16:05:28 294] isr_local  2135 esr_audio_write, ret =  nil  
[2023/09/06 16:05:28 294] isr_local  2265 last gc at  1693987527  
[2023/09/06 16:05:28 398] isr_local  2126 ASR_LOCAL_MSG_AUW  
[2023/09/06 16:05:28 399] isr_local  1558 auwl =   3200  
[2023/09/06 16:05:28 400] isr_local  2135 esr_audio_write, ret =  nil  
[2023/09/06 16:05:28 400] isr_local  2265 last gc at  1693987527  
[2023/09/06 16:05:28 498] isr_local  2126 ASR_LOCAL_MSG_AUW  
[2023/09/06 16:05:28 499] isr_local  1558 auwl =   3200  
[2023/09/06 16:05:28 500] isr_local  2135 esr_audio_write, ret =  nil  
[2023/09/06 16:05:28 500] isr_local  2265 last gc at  1693987527  
[2023/09/06 16:05:28 598] isr_local  2126 ASR_LOCAL_MSG_AUW  
[2023/09/06 16:05:28 599] isr_local  1558 auwl =   3200  
[2023/09/06 16:05:28 600] isr_local  2135 esr_audio_write, ret =  nil  
[2023/09/06 16:05:28 600] isr_local  2265 last gc at  1693987527  
[2023/09/06 16:05:28 698] isr_local  2126 ASR_LOCAL_MSG_AUW  
[2023/09/06 16:05:28 699] isr_local  1558 auwl =   3200  
[2023/09/06 16:05:28 700] isr_local  2135 esr_audio_write, ret =  nil  
[2023/09/06 16:05:28 700] isr_local  2265 last gc at  1693987527  
[2023/09/06 16:05:28 798] isr_local  2126 ASR_LOCAL_MSG_AUW  
[2023/09/06 16:05:28 799] isr_local  1558 auwl =   3200  
[2023/09/06 16:05:28 800] isr_local  2135 esr_audio_write, ret =  nil  
[2023/09/06 16:05:28 800] isr_local  2265 last gc at  1693987527  
[2023/09/06 16:05:28 899] isr_local  2126 ASR_LOCAL_MSG_AUW  
[2023/09/06 16:05:28 899] isr_local  1558 auwl =   3200  
[2023/09/06 16:05:28 900] isr_local  2135 esr_audio_write, ret =  nil  
[2023/09/06 16:05:28 901] isr_local  2265 last gc at  1693987527  
[2023/09/06 16:05:28 998] isr_local  2126 ASR_LOCAL_MSG_AUW  
[2023/09/06 16:05:28 999] isr_local  1558 auwl =   3200  
[2023/09/06 16:05:29 000] isr_local  2135 esr_audio_write, ret =  nil  
[2023/09/06 16:05:29 000] isr_local  2265 last gc at  1693987527  
[2023/09/06 16:05:29 098] isr_local  2126 ASR_LOCAL_MSG_AUW  
[2023/09/06 16:05:29 099] isr_local  1558 auwl =   3200  
[2023/09/06 16:05:29 100] isr_local  2135 esr_audio_write, ret =  nil  
[2023/09/06 16:05:29 100] isr_local  2265 last gc at  1693987527  
[2023/09/06 16:05:29 198] isr_local  2126 ASR_LOCAL_MSG_AUW  
[2023/09/06 16:05:29 199] isr_local  1558 auwl =   3200  
[2023/09/06 16:05:29 200] isr_local  2135 esr_audio_write, ret =  nil  
[2023/09/06 16:05:29 200] isr_local  2265 last gc at  1693987527  
[2023/09/06 16:05:29 301] isr_local  2126 ASR_LOCAL_MSG_AUW  
[2023/09/06 16:05:29 315] isr_local  1558 auwl =   3200  
[2023/09/06 16:05:29 316] isr_local  2135 esr_audio_write, ret =  nil  
[2023/09/06 16:05:29 316] isr_local  2265 last gc at  1693987527  
[2023/09/06 16:05:29 386] isr_local  2126 ASR_LOCAL_MSG_AUW  
[2023/09/06 16:05:29 386] isr_local  1558 auwl =   3200  
[2023/09/06 16:05:29 386] isr_local  2135 esr_audio_write, ret =  nil  
[2023/09/06 16:05:29 386] isr_local  2265 last gc at  1693987527  
[2023/09/06 16:05:29 489] isr_local  2126 ASR_LOCAL_MSG_AUW  
[2023/09/06 16:05:29 489] isr_local  1558 auwl =   3200  
[2023/09/06 16:05:29 490] isr_local  2135 esr_audio_write, ret =  nil  
[2023/09/06 16:05:29 490] isr_local  2265 last gc at  1693987527  
[2023/09/06 16:05:29 589] isr_local  2126 ASR_LOCAL_MSG_AUW  
[2023/09/06 16:05:29 589] isr_local  1558 auwl =   3200  
[2023/09/06 16:05:29 590] isr_local  2135 esr_audio_write, ret =  nil  
[2023/09/06 16:05:29 590] isr_local  2265 last gc at  1693987527  
[2023/09/06 16:05:29 689] isr_local  2126 ASR_LOCAL_MSG_AUW  
[2023/09/06 16:05:29 689] isr_local  1558 auwl =   3200  
[2023/09/06 16:05:29 690] isr_local  2135 esr_audio_write, ret =  nil  
[2023/09/06 16:05:29 690] isr_local  2265 last gc at  1693987527  
[2023/09/06 16:05:29 789] isr_local  2126 ASR_LOCAL_MSG_AUW  
[2023/09/06 16:05:29 789] isr_local  1558 auwl =   3200  
[2023/09/06 16:05:29 790] isr_local  2135 esr_audio_write, ret =  nil  
[2023/09/06 16:05:29 790] isr_local  2265 last gc at  1693987527  
[2023/09/06 16:05:29 885] isr_local  2126 ASR_LOCAL_MSG_AUW  
[2023/09/06 16:05:29 885] isr_local  1558 auwl =   3200  
[2023/09/06 16:05:29 886] isr_local  2135 esr_audio_write, ret =  nil  
[2023/09/06 16:05:29 886] isr_local  2265 last gc at  1693987527  
[2023/09/06 16:05:29 984] isr_local  2126 ASR_LOCAL_MSG_AUW  
[2023/09/06 16:05:29 985] isr_local  1558 auwl =   3200  
[2023/09/06 16:05:29 985] isr_local  2135 esr_audio_write, ret =  nil  
[2023/09/06 16:05:29 986] isr_local  2265 last gc at  1693987527  
[2023/09/06 16:05:30 084] isr_local  2126 ASR_LOCAL_MSG_AUW  
[2023/09/06 16:05:30 084] isr_local  1558 auwl =   3200  
[2023/09/06 16:05:30 084] isr_local  2135 esr_audio_write, ret =  nil  
[2023/09/06 16:05:30 084] isr_local  2265 last gc at  1693987527  
[2023/09/06 16:05:30 184] isr_local  2126 ASR_LOCAL_MSG_AUW  
[2023/09/06 16:05:30 185] isr_local  1558 auwl =   3200  
[2023/09/06 16:05:30 185] isr_local  2135 esr_audio_write, ret =  nil  
[2023/09/06 16:05:30 186] isr_local  2265 last gc at  1693987527  
[2023/09/06 16:05:30 284] isr_local  2126 ASR_LOCAL_MSG_AUW  
[2023/09/06 16:05:30 284] isr_local  1558 auwl =   3200  
[2023/09/06 16:05:30 284] isr_local  2135 esr_audio_write, ret =  nil  
[2023/09/06 16:05:30 284] isr_local  2265 last gc at  1693987527  
[2023/09/06 16:05:30 392] isr_local  2126 ASR_LOCAL_MSG_AUW  
[2023/09/06 16:05:30 392] isr_local  1558 auwl =   3200  
[2023/09/06 16:05:30 392] isr_local  2135 esr_audio_write, ret =  nil  
[2023/09/06 16:05:30 392] isr_local  2265 last gc at  1693987527  
[2023/09/06 16:05:30 484] isr_local  2126 ASR_LOCAL_MSG_AUW  
[2023/09/06 16:05:30 484] isr_local  1558 auwl =   3200  
[2023/09/06 16:05:30 484] isr_local  2135 esr_audio_write, ret =  nil  
[2023/09/06 16:05:30 484] isr_local  2265 last gc at  1693987527  
[2023/09/06 16:05:30 590] isr_local  2126 ASR_LOCAL_MSG_AUW  
[2023/09/06 16:05:30 590] isr_local  1558 auwl =   2560  
[2023/09/06 16:05:30 590] isr_local  2135 esr_audio_write, ret =  nil  
[2023/09/06 16:05:30 590] isr_local  2265 last gc at  1693987527  
[2023/09/06 16:05:30 645] transport  306  [dns] [1] timeout!   
[2023/09/06 16:05:30 646] transport  74   dns_failed  
[2023/09/06 16:05:30 646] network    90   ipfromenv ,  ipcache  open.xf-yun.com  def  nil  
[2023/09/06 16:05:30 647] network    90   ipfromenv ,  ipcfg  open.xf-yun.com  def  nil  
[2023/09/06 16:05:30 648] transport  1298 [soc] connect   116.213.69.195  80  
[2023/09/06 16:05:30 649] transport  1310 mspsoc.open,prot_type=  tcp  
[2023/09/06 16:05:30 653] network    231  dns timeout!  ns1  
[2023/09/06 16:05:30 654] ns         457  ns dns failed, err =   10114  
[2023/09/06 16:05:30 654] network    445  gethttpresp2  117.121.48.5  80  ns2  
[2023/09/06 16:05:30 655] network    465  prot_type  tcp  
[2023/09/06 16:05:30 684] isr_local  669  final result will throw out next!  
[2023/09/06 16:05:30 684] isr_local  679  nRecognizeState:  1  
[2023/09/06 16:05:30 684] isr_local  680  nConfidenceScore:  39  
[2023/09/06 16:05:30 684] isr_local  728  result_type :   xml  
[2023/09/06 16:05:30 684] isr_local  729  result_encoding :   UTF-8  
[2023/09/06 16:05:30 684] isr_local  730  is iat :   false  
[2023/09/06 16:05:30 684] isr_local  469  item_count:1  
[2023/09/06 16:05:30 684] isr_local  469  item_count:1  
[2023/09/06 16:05:30 685] isr_local  293  nil  
[2023/09/06 16:05:30 685] isr_local  675  recognized end!  
[2023/09/06 16:05:30 688] isr_local  2140 ASR_LOCAL_MSG_SSE  
[2023/09/06 16:05:30 688] isr_local  1518 esr_session_end | esr_obj:stop ret =  0  
[2023/09/06 16:05:30 688] isr_local  2142 esr_session_end, ret =  0  
[2023/09/06 16:05:30 696] isr_local  2265 last gc at  1693987527  
[2023/09/06 16:05:30 765] isr_local  638  local engine already stopped! stop cmd ignored  
[2023/09/06 16:05:30 860] isr_local  2182 SYS_MSG_SHUTDOWN_LOCAL  
[2023/09/06 16:05:30 919] isr_local  2265 last gc at  1693987527  
============================================================
Time  2023/09/06 16:05:31 537 
============================================================
[2023/09/06 16:05:31 537] isr_local  2168 os_type is:  Linux  
[2023/09/06 16:05:31 537] isr_local  2177 SYS_MSG_LOAD_LOCAL  
[2023/09/06 16:05:31 538] isr_local  2265 last gc at  1693987531  
[2023/09/06 16:05:31 538] isr_local  2206 SYS_MSG_REGCB_LOCAL| param0 =  msp_status_cb  
[2023/09/06 16:05:31 538] isr_local  2265 last gc at  1693987531  
[2023/09/06 16:05:31 539] isr_local  2206 SYS_MSG_REGCB_LOCAL| param0 =  local_service_cbmsg  
[2023/09/06 16:05:31 539] isr_local  2265 last gc at  1693987531  
[2023/09/06 16:05:31 539] isr_local  2114 ASR_LOCAL_MSG_SSB  
[2023/09/06 16:05:31 539] isr_local  1251 esr_session_begin | params:  engine_type=local,asr_res_path=fo|res/asr/common.jet,sample_rate=16000,grm_build_path=res/asr/GrmBuilld,local_grammar=call,result_type=xml,result_encoding=UTF-8  
[2023/09/06 16:05:31 539] isr_local  803  engine_type  :  local  
[2023/09/06 16:05:31 540] isr_local  803  asr_res_path  :  fo|res/asr/common.jet  
[2023/09/06 16:05:31 540] isr_local  803  sample_rate  :  16000  
[2023/09/06 16:05:31 540] isr_local  803  grm_build_path  :  res/asr/GrmBuilld  
[2023/09/06 16:05:31 540] isr_local  803  local_grammar  :  call  
[2023/09/06 16:05:31 540] isr_local  803  result_type  :  xml  
[2023/09/06 16:05:31 540] isr_local  803  result_encoding  :  UTF-8  
[2023/09/06 16:05:31 540] isr_local  1280 init aitalk in ssb  
[2023/09/06 16:05:31 540] isr_local  1162 esr_init | params:  engine_type=local,asr_res_path=fo|res/asr/common.jet,sample_rate=16000,grm_build_path=res/asr/GrmBuilld,local_grammar=call,result_type=xml,result_encoding=UTF-8  
[2023/09/06 16:05:31 541] isr_local  803  engine_type  :  local  
[2023/09/06 16:05:31 541] isr_local  803  asr_res_path  :  fo|res/asr/common.jet  
[2023/09/06 16:05:31 541] isr_local  803  sample_rate  :  16000  
[2023/09/06 16:05:31 541] isr_local  803  grm_build_path  :  res/asr/GrmBuilld  
[2023/09/06 16:05:31 541] isr_local  803  local_grammar  :  call  
[2023/09/06 16:05:31 541] isr_local  803  result_type  :  xml  
[2023/09/06 16:05:31 541] isr_local  803  result_encoding  :  UTF-8  
[2023/09/06 16:05:31 541] isr_local  1083  lucEsr.new   
[2023/09/06 16:05:31 542] isr_local  1000 file count =   1  
[2023/09/06 16:05:31 542] isr_local  923  file open type is:   fo  
[2023/09/06 16:05:31 542] isr_local  956  res/asr/common.jet  0  0  
[2023/09/06 16:05:31 542] isr_local  1018 speech_plus_setting  0  
[2023/09/06 16:05:31 542] isr_local  1031 2  nil  res/asr/common.jet  0  0  
[2023/09/06 16:05:31 543] isr_local  1033 res_ver  2  
[2023/09/06 16:05:31 543] isr_local  1034 res 5  62dd61c88201165be2937d82ec3543bf  
[2023/09/06 16:05:31 543] isr_local  1035 res_new_old_mark  v5pp  
[2023/09/06 16:05:31 543] isr_local  1036 res_usr_name  ""  
[2023/09/06 16:05:31 543] isr_local  1037 res_expires    
[2023/09/06 16:05:31 543] isr_local  1038 err  0  
[2023/09/06 16:05:31 543] isr_local  1054 lgi appid 5  62dd61c88201165be2937d82ec3543bf  
[2023/09/06 16:05:31 543] isr_local  1065 res_expires is null  
[2023/09/06 16:05:31 544] auth       74   aitalk  app  nil  nil  {"aitalk":{"ver":"2","bus":{"forbid":"0","nlimit":2020}}}  
[2023/09/06 16:05:31 545] auth       312  nil  
[2023/09/06 16:05:31 568] isr_local  1294 authorized_aitalk=  nil  
[2023/09/06 16:05:31 569] isr_local  1295 forbid_aitalk=  0  
[2023/09/06 16:05:31 569] auth       570  aitalk  table(90063fa0) nil  nil  appid = 5e7d9f3e  
[2023/09/06 16:05:31 569] auth       579  app  nil  nil  nil  
[2023/09/06 16:05:31 569] auth       636  ath rquest  {"authorize":[{"busin":"aitalk","ver":"2.1.1"}]}  
[2023/09/06 16:05:31 572] transport  642  paramkvsport is   nil  
[2023/09/06 16:05:31 572] transport  654  ns_enable=  1  
[2023/09/06 16:05:31 572] transport  656  2017-08--24 is_ns_need_close =   nil  
[2023/09/06 16:05:31 572] transport  662  net.nettype=  standard  
[2023/09/06 16:05:31 572] transport  672  url.full=  nil  
[2023/09/06 16:05:31 572] transport  673  urltmp=  nil  
[2023/09/06 16:05:31 572] transport  677  server_url_host=, server_url_port=, server_url_path=  open.xf-yun.com  nil  /msp.do  
[2023/09/06 16:05:31 573] transport  705  url.full=  nil  
[2023/09/06 16:05:31 573] transport  890  switch 80  
[2023/09/06 16:05:31 573] transport  902  net type:  standard  
[2023/09/06 16:05:31 573] transport  903  net operator:  def  
[2023/09/06 16:05:31 573] transport  904  use proxy:  false  
[2023/09/06 16:05:31 573] auth       691  not login!  
[2023/09/06 16:05:31 573] auth       528  [session] send auth request  
[2023/09/06 16:05:31 573] transport  1102 session.domain=  open.xf-yun.com  
[2023/09/06 16:05:31 574] transport  1103 url.host=  open.xf-yun.com  
[2023/09/06 16:05:31 574] transport  1080 NAMESERVER START  
[2023/09/06 16:05:31 574] transport  1083 name =   ath  
[2023/09/06 16:05:31 574] ns         629  ntt=  standard  
[2023/09/06 16:05:31 574] transport  1086 trans,ns_inprog =  0  
[2023/09/06 16:05:31 574] ns         585  name server start  
[2023/09/06 16:05:31 574] ns         586  ns_sub =   ath  
[2023/09/06 16:05:31 574] ns         588  ns_host=  open.xf-yun.com  
[2023/09/06 16:05:31 574] ns         479  ns_host=  open.xf-yun.com  
[2023/09/06 16:05:31 575] ns         558  GET /sip/resolver?srand=0906160511.32 HTTP/1.1
Host: hdns.openspeech.cn
Connection: Keep-Alive
X-Par: ver=1.3&appid=5e7d9f3e&operator=UNKNOW&nettype=STANDARD&cver=5.0.38.1195&svc=ath&host=open.xf-yun.com&sign=30edf317457c27b8f470e46c48e542eb
User-Agent: iFLYCloud

  
[2023/09/06 16:05:31 575] ns         559  net_type =  standard  
[2023/09/06 16:05:31 575] ns         560  cmwapascmnet =  
[2023/09/06 16:05:31 575] ns         561  uniwapasuninet =  
[2023/09/06 16:05:31 575] ns         562  ctwapasctnet =  
[2023/09/06 16:05:31 575] ns         579  host=  hdns.openspeech.cn  
[2023/09/06 16:05:31 575] network    263  gethostbyname  hdns.openspeech.cn  ns1  
[2023/09/06 16:05:31 576] auth       535  0  
[2023/09/06 16:05:31 576] auth       498  lver:  nil  
[2023/09/06 16:05:31 576] auth       503  cfg_ver:  nil  
[2023/09/06 16:05:31 577] transport  1849 transport_obj.send | in  
[2023/09/06 16:05:31 577] transport  1855 self.msg_flag_q  table(9006d1e0) 
[2023/09/06 16:05:31 577] transport  1856 self.msg_q  table(90026370) 
[2023/09/06 16:05:31 577] transport  1788 transport_obj.try2send | in  
[2023/09/06 16:05:31 577] transport  1789 self.soc  nil  
[2023/09/06 16:05:31 577] transport  1790 self.connected  false  
[2023/09/06 16:05:31 577] transport  1791 self.latesterr  0  
[2023/09/06 16:05:31 577] transport  1862 transport_obj.send | out  
[2023/09/06 16:05:31 578] isr_local  2038 commit path:   res/asr/GrmBuilld/temp/commit  
[2023/09/06 16:05:31 591] isr_local  2076 commit success!  
[2023/09/06 16:05:31 595] isr_local  1409 esr_session_begin | esr_obj:start ret =  0  
[2023/09/06 16:05:31 595] isr_local  2122 esr_session_begin, ret =   0  
[2023/09/06 16:05:31 595] isr_local  2265 last gc at  1693987531  
[2023/09/06 16:05:31 694] isr_local  655  local engine ready  
[2023/09/06 16:05:31 695] isr_local  585  esr_flush_buf_audio buffer audio num:  0  
[2023/09/06 16:05:31 696] isr_local  630  local engine started  
[2023/09/06 16:05:31 718] isr_local  2126 ASR_LOCAL_MSG_AUW  
[2023/09/06 16:05:31 718] isr_local  1558 auwl =   3200  
[2023/09/06 16:05:31 719] isr_local  2135 esr_audio_write, ret =  nil  
[2023/09/06 16:05:31 719] isr_local  2265 last gc at  1693987531  
[2023/09/06 16:05:31 812] isr_local  2126 ASR_LOCAL_MSG_AUW  
[2023/09/06 16:05:31 812] isr_local  1558 auwl =   3200  
[2023/09/06 16:05:31 812] isr_local  2135 esr_audio_write, ret =  nil  
[2023/09/06 16:05:31 812] isr_local  2265 last gc at  1693987531  
[2023/09/06 16:05:31 923] isr_local  2126 ASR_LOCAL_MSG_AUW  
[2023/09/06 16:05:31 924] isr_local  1558 auwl =   3200  
[2023/09/06 16:05:31 924] isr_local  2135 esr_audio_write, ret =  nil  
[2023/09/06 16:05:31 925] isr_local  2265 last gc at  1693987531  
[2023/09/06 16:05:32 023] isr_local  2126 ASR_LOCAL_MSG_AUW  
[2023/09/06 16:05:32 023] isr_local  1558 auwl =   3200  
[2023/09/06 16:05:32 024] isr_local  2135 esr_audio_write, ret =  nil  
[2023/09/06 16:05:32 024] isr_local  2265 last gc at  1693987531  
[2023/09/06 16:05:32 123] isr_local  2126 ASR_LOCAL_MSG_AUW  
[2023/09/06 16:05:32 124] isr_local  1558 auwl =   3200  
[2023/09/06 16:05:32 124] isr_local  2135 esr_audio_write, ret =  nil  
[2023/09/06 16:05:32 125] isr_local  2265 last gc at  1693987531  
[2023/09/06 16:05:32 223] isr_local  2126 ASR_LOCAL_MSG_AUW  
[2023/09/06 16:05:32 224] isr_local  1558 auwl =   3200  
[2023/09/06 16:05:32 224] isr_local  2135 esr_audio_write, ret =  nil  
[2023/09/06 16:05:32 225] isr_local  2265 last gc at  1693987531  
[2023/09/06 16:05:32 323] isr_local  2126 ASR_LOCAL_MSG_AUW  
[2023/09/06 16:05:32 324] isr_local  1558 auwl =   3200  
[2023/09/06 16:05:32 324] isr_local  2135 esr_audio_write, ret =  nil  
[2023/09/06 16:05:32 325] isr_local  2265 last gc at  1693987531  
[2023/09/06 16:05:32 424] isr_local  2126 ASR_LOCAL_MSG_AUW  
[2023/09/06 16:05:32 424] isr_local  1558 auwl =   3200  
[2023/09/06 16:05:32 425] isr_local  2135 esr_audio_write, ret =  nil  
[2023/09/06 16:05:32 425] isr_local  2265 last gc at  1693987531  
[2023/09/06 16:05:32 523] isr_local  2126 ASR_LOCAL_MSG_AUW  
[2023/09/06 16:05:32 524] isr_local  1558 auwl =   3200  
[2023/09/06 16:05:32 525] isr_local  2135 esr_audio_write, ret =  nil  
[2023/09/06 16:05:32 525] isr_local  2265 last gc at  1693987531  
[2023/09/06 16:05:32 612] isr_local  2126 ASR_LOCAL_MSG_AUW  
[2023/09/06 16:05:32 612] isr_local  1558 auwl =   3200  
[2023/09/06 16:05:32 613] isr_local  2135 esr_audio_write, ret =  nil  
[2023/09/06 16:05:32 613] isr_local  2265 last gc at  1693987531  
[2023/09/06 16:05:32 723] isr_local  2126 ASR_LOCAL_MSG_AUW  
[2023/09/06 16:05:32 724] isr_local  1558 auwl =   3200  
[2023/09/06 16:05:32 724] isr_local  2135 esr_audio_write, ret =  nil  
[2023/09/06 16:05:32 725] isr_local  2265 last gc at  1693987531  
[2023/09/06 16:05:32 823] isr_local  2126 ASR_LOCAL_MSG_AUW  
[2023/09/06 16:05:32 824] isr_local  1558 auwl =   3200  
[2023/09/06 16:05:32 825] isr_local  2135 esr_audio_write, ret =  nil  
[2023/09/06 16:05:32 825] isr_local  2265 last gc at  1693987531  
[2023/09/06 16:05:32 923] isr_local  2126 ASR_LOCAL_MSG_AUW  
[2023/09/06 16:05:32 924] isr_local  1558 auwl =   3200  
[2023/09/06 16:05:32 924] isr_local  2135 esr_audio_write, ret =  nil  
[2023/09/06 16:05:32 925] isr_local  2265 last gc at  1693987531  
[2023/09/06 16:05:33 022] isr_local  2126 ASR_LOCAL_MSG_AUW  
[2023/09/06 16:05:33 022] isr_local  1558 auwl =   3200  
[2023/09/06 16:05:33 023] isr_local  2135 esr_audio_write, ret =  nil  
[2023/09/06 16:05:33 023] isr_local  2265 last gc at  1693987531  
[2023/09/06 16:05:33 114] isr_local  2126 ASR_LOCAL_MSG_AUW  
[2023/09/06 16:05:33 114] isr_local  1558 auwl =   3200  
[2023/09/06 16:05:33 115] isr_local  2135 esr_audio_write, ret =  nil  
[2023/09/06 16:05:33 115] isr_local  2265 last gc at  1693987531  
[2023/09/06 16:05:33 213] isr_local  2126 ASR_LOCAL_MSG_AUW  
[2023/09/06 16:05:33 214] isr_local  1558 auwl =   3200  
[2023/09/06 16:05:33 214] isr_local  2135 esr_audio_write, ret =  nil  
[2023/09/06 16:05:33 215] isr_local  2265 last gc at  1693987531  
[2023/09/06 16:05:33 313] isr_local  2126 ASR_LOCAL_MSG_AUW  
[2023/09/06 16:05:33 313] isr_local  1558 auwl =   3200  
[2023/09/06 16:05:33 313] isr_local  2135 esr_audio_write, ret =  nil  
[2023/09/06 16:05:33 313] isr_local  2265 last gc at  1693987531  
[2023/09/06 16:05:33 414] isr_local  2126 ASR_LOCAL_MSG_AUW  
[2023/09/06 16:05:33 414] isr_local  1558 auwl =   3200  
[2023/09/06 16:05:33 415] isr_local  2135 esr_audio_write, ret =  nil  
[2023/09/06 16:05:33 415] isr_local  2265 last gc at  1693987531  
[2023/09/06 16:05:33 509] isr_local  2126 ASR_LOCAL_MSG_AUW  
[2023/09/06 16:05:33 509] isr_local  1558 auwl =   3200  
[2023/09/06 16:05:33 509] isr_local  2135 esr_audio_write, ret =  nil  
[2023/09/06 16:05:33 509] isr_local  2265 last gc at  1693987531  
[2023/09/06 16:05:33 624] isr_local  2126 ASR_LOCAL_MSG_AUW  
[2023/09/06 16:05:33 625] isr_local  1558 auwl =   3200  
[2023/09/06 16:05:33 626] isr_local  2135 esr_audio_write, ret =  nil  
[2023/09/06 16:05:33 626] isr_local  2265 last gc at  1693987531  
[2023/09/06 16:05:33 709] isr_local  2126 ASR_LOCAL_MSG_AUW  
[2023/09/06 16:05:33 709] isr_local  1558 auwl =   3200  
[2023/09/06 16:05:33 709] isr_local  2135 esr_audio_write, ret =  nil  
[2023/09/06 16:05:33 709] isr_local  2265 last gc at  1693987531  
[2023/09/06 16:05:33 809] isr_local  2126 ASR_LOCAL_MSG_AUW  
[2023/09/06 16:05:33 809] isr_local  1558 auwl =   3200  
[2023/09/06 16:05:33 809] isr_local  2135 esr_audio_write, ret =  nil  
[2023/09/06 16:05:33 809] isr_local  2265 last gc at  1693987531  
[2023/09/06 16:05:33 918] isr_local  2126 ASR_LOCAL_MSG_AUW  
[2023/09/06 16:05:33 918] isr_local  1558 auwl =   3200  
[2023/09/06 16:05:33 919] isr_local  2135 esr_audio_write, ret =  nil  
[2023/09/06 16:05:33 919] isr_local  2265 last gc at  1693987531  
[2023/09/06 16:05:34 009] isr_local  2126 ASR_LOCAL_MSG_AUW  
[2023/09/06 16:05:34 010] isr_local  1558 auwl =   3200  
[2023/09/06 16:05:34 011] isr_local  2135 esr_audio_write, ret =  nil  
[2023/09/06 16:05:34 011] isr_local  2265 last gc at  1693987531  
[2023/09/06 16:05:34 109] isr_local  2126 ASR_LOCAL_MSG_AUW  
[2023/09/06 16:05:34 110] isr_local  1558 auwl =   3200  
[2023/09/06 16:05:34 110] isr_local  2135 esr_audio_write, ret =  nil  
[2023/09/06 16:05:34 111] isr_local  2265 last gc at  1693987531  
[2023/09/06 16:05:34 209] isr_local  2126 ASR_LOCAL_MSG_AUW  
[2023/09/06 16:05:34 209] isr_local  1558 auwl =   3200  
[2023/09/06 16:05:34 209] isr_local  2135 esr_audio_write, ret =  nil  
[2023/09/06 16:05:34 209] isr_local  2265 last gc at  1693987531  
[2023/09/06 16:05:34 310] isr_local  2126 ASR_LOCAL_MSG_AUW  
[2023/09/06 16:05:34 310] isr_local  1558 auwl =   3200  
[2023/09/06 16:05:34 311] isr_local  2135 esr_audio_write, ret =  nil  
[2023/09/06 16:05:34 311] isr_local  2265 last gc at  1693987531  
[2023/09/06 16:05:34 409] isr_local  2126 ASR_LOCAL_MSG_AUW  
[2023/09/06 16:05:34 409] isr_local  1558 auwl =   3200  
[2023/09/06 16:05:34 409] isr_local  2135 esr_audio_write, ret =  nil  
[2023/09/06 16:05:34 409] isr_local  2265 last gc at  1693987531  
[2023/09/06 16:05:34 520] isr_local  2126 ASR_LOCAL_MSG_AUW  
[2023/09/06 16:05:34 520] isr_local  1558 auwl =   2560  
[2023/09/06 16:05:34 521] isr_local  2135 esr_audio_write, ret =  nil  
[2023/09/06 16:05:34 521] isr_local  2265 last gc at  1693987531  
[2023/09/06 16:05:34 577] transport  306  [dns] [1] timeout!   
[2023/09/06 16:05:34 577] transport  74   dns_failed  
[2023/09/06 16:05:34 578] network    90   ipfromenv ,  ipcache  open.xf-yun.com  def  nil  
[2023/09/06 16:05:34 578] network    90   ipfromenv ,  ipcfg  open.xf-yun.com  def  nil  
[2023/09/06 16:05:34 579] transport  1298 [soc] connect   116.213.69.195  80  
[2023/09/06 16:05:34 580] transport  1310 mspsoc.open,prot_type=  tcp  
[2023/09/06 16:05:34 585] network    231  dns timeout!  ns1  
[2023/09/06 16:05:34 585] ns         457  ns dns failed, err =   10114  
[2023/09/06 16:05:34 586] network    445  gethttpresp2  117.121.48.5  80  ns2  
[2023/09/06 16:05:34 586] network    465  prot_type  tcp  
[2023/09/06 16:05:34 615] isr_local  669  final result will throw out next!  
[2023/09/06 16:05:34 615] isr_local  679  nRecognizeState:  1  
[2023/09/06 16:05:34 615] isr_local  680  nConfidenceScore:  0  
[2023/09/06 16:05:34 616] isr_local  728  result_type :   xml  
[2023/09/06 16:05:34 616] isr_local  729  result_encoding :   UTF-8  
[2023/09/06 16:05:34 616] isr_local  730  is iat :   true  
[2023/09/06 16:05:34 616] isr_local  771  no recognized result!  
[2023/09/06 16:05:34 617] isr_local  675  recognized end!  
[2023/09/06 16:05:34 620] isr_local  2140 ASR_LOCAL_MSG_SSE  
[2023/09/06 16:05:34 620] isr_local  1518 esr_session_end | esr_obj:stop ret =  0  
[2023/09/06 16:05:34 621] isr_local  2142 esr_session_end, ret =  0  
[2023/09/06 16:05:34 636] isr_local  2265 last gc at  1693987531  
[2023/09/06 16:05:34 638] isr_local  2182 SYS_MSG_SHUTDOWN_LOCAL  
[2023/09/06 16:05:34 743] isr_local  2265 last gc at  1693987531  
============================================================
Time  2023/09/06 16:05:35 319 
============================================================
[2023/09/06 16:05:35 319] isr_local  2168 os_type is:  Linux  
[2023/09/06 16:05:35 320] isr_local  2177 SYS_MSG_LOAD_LOCAL  
[2023/09/06 16:05:35 320] isr_local  2265 last gc at  1693987534  
[2023/09/06 16:05:35 320] isr_local  2206 SYS_MSG_REGCB_LOCAL| param0 =  msp_status_cb  
[2023/09/06 16:05:35 321] isr_local  2265 last gc at  1693987534  
[2023/09/06 16:05:35 321] isr_local  2206 SYS_MSG_REGCB_LOCAL| param0 =  local_service_cbmsg  
[2023/09/06 16:05:35 321] isr_local  2265 last gc at  1693987534  
[2023/09/06 16:05:35 322] isr_local  2114 ASR_LOCAL_MSG_SSB  
[2023/09/06 16:05:35 322] isr_local  1251 esr_session_begin | params:  engine_type=local,asr_res_path=fo|res/asr/common.jet,sample_rate=16000,grm_build_path=res/asr/GrmBuilld,local_grammar=call,result_type=xml,result_encoding=UTF-8  
[2023/09/06 16:05:35 322] isr_local  803  engine_type  :  local  
[2023/09/06 16:05:35 322] isr_local  803  asr_res_path  :  fo|res/asr/common.jet  
[2023/09/06 16:05:35 322] isr_local  803  sample_rate  :  16000  
[2023/09/06 16:05:35 322] isr_local  803  grm_build_path  :  res/asr/GrmBuilld  
[2023/09/06 16:05:35 322] isr_local  803  local_grammar  :  call  
[2023/09/06 16:05:35 323] isr_local  803  result_type  :  xml  
[2023/09/06 16:05:35 323] isr_local  803  result_encoding  :  UTF-8  
[2023/09/06 16:05:35 323] isr_local  1280 init aitalk in ssb  
[2023/09/06 16:05:35 323] isr_local  1162 esr_init | params:  engine_type=local,asr_res_path=fo|res/asr/common.jet,sample_rate=16000,grm_build_path=res/asr/GrmBuilld,local_grammar=call,result_type=xml,result_encoding=UTF-8  
[2023/09/06 16:05:35 323] isr_local  803  engine_type  :  local  
[2023/09/06 16:05:35 323] isr_local  803  asr_res_path  :  fo|res/asr/common.jet  
[2023/09/06 16:05:35 323] isr_local  803  sample_rate  :  16000  
[2023/09/06 16:05:35 323] isr_local  803  grm_build_path  :  res/asr/GrmBuilld  
[2023/09/06 16:05:35 324] isr_local  803  local_grammar  :  call  
[2023/09/06 16:05:35 324] isr_local  803  result_type  :  xml  
[2023/09/06 16:05:35 324] isr_local  803  result_encoding  :  UTF-8  
[2023/09/06 16:05:35 324] isr_local  1083  lucEsr.new   
[2023/09/06 16:05:35 324] isr_local  1000 file count =   1  
[2023/09/06 16:05:35 325] isr_local  923  file open type is:   fo  
[2023/09/06 16:05:35 325] isr_local  956  res/asr/common.jet  0  0  
[2023/09/06 16:05:35 325] isr_local  1018 speech_plus_setting  0  
[2023/09/06 16:05:35 325] isr_local  1031 2  nil  res/asr/common.jet  0  0  
[2023/09/06 16:05:35 325] isr_local  1033 res_ver  2  
[2023/09/06 16:05:35 325] isr_local  1034 res 5  62dd61c88201165be2937d82ec3543bf  
[2023/09/06 16:05:35 326] isr_local  1035 res_new_old_mark  v5pp  
[2023/09/06 16:05:35 326] isr_local  1036 res_usr_name  ""  
[2023/09/06 16:05:35 326] isr_local  1037 res_expires    
[2023/09/06 16:05:35 326] isr_local  1038 err  0  
[2023/09/06 16:05:35 326] isr_local  1054 lgi appid 5  62dd61c88201165be2937d82ec3543bf  
[2023/09/06 16:05:35 326] isr_local  1065 res_expires is null  
[2023/09/06 16:05:35 327] auth       74   aitalk  app  nil  nil  {"aitalk":{"ver":"2","bus":{"forbid":"0","nlimit":2020}}}  
[2023/09/06 16:05:35 327] auth       312  nil  
[2023/09/06 16:05:35 355] isr_local  1294 authorized_aitalk=  nil  
[2023/09/06 16:05:35 355] isr_local  1295 forbid_aitalk=  0  
[2023/09/06 16:05:35 355] auth       570  aitalk  table(800641c0) nil  nil  appid = 5e7d9f3e  
[2023/09/06 16:05:35 355] auth       579  app  nil  nil  nil  
[2023/09/06 16:05:35 356] auth       636  ath rquest  {"authorize":[{"ver":"2.1.1","busin":"aitalk"}]}  
[2023/09/06 16:05:35 358] transport  642  paramkvsport is   nil  
[2023/09/06 16:05:35 359] transport  654  ns_enable=  1  
[2023/09/06 16:05:35 359] transport  656  2017-08--24 is_ns_need_close =   nil  
[2023/09/06 16:05:35 359] transport  662  net.nettype=  standard  
[2023/09/06 16:05:35 359] transport  672  url.full=  nil  
[2023/09/06 16:05:35 359] transport  673  urltmp=  nil  
[2023/09/06 16:05:35 359] transport  677  server_url_host=, server_url_port=, server_url_path=  open.xf-yun.com  nil  /msp.do  
[2023/09/06 16:05:35 359] transport  705  url.full=  nil  
[2023/09/06 16:05:35 359] transport  890  switch 80  
[2023/09/06 16:05:35 359] transport  902  net type:  standard  
[2023/09/06 16:05:35 360] transport  903  net operator:  def  
[2023/09/06 16:05:35 360] transport  904  use proxy:  false  
[2023/09/06 16:05:35 360] auth       691  not login!  
[2023/09/06 16:05:35 360] auth       528  [session] send auth request  
[2023/09/06 16:05:35 360] transport  1102 session.domain=  open.xf-yun.com  
[2023/09/06 16:05:35 360] transport  1103 url.host=  open.xf-yun.com  
[2023/09/06 16:05:35 360] transport  1080 NAMESERVER START  
[2023/09/06 16:05:35 361] transport  1083 name =   ath  
[2023/09/06 16:05:35 361] ns         629  ntt=  standard  
[2023/09/06 16:05:35 361] transport  1086 trans,ns_inprog =  0  
[2023/09/06 16:05:35 361] ns         585  name server start  
[2023/09/06 16:05:35 361] ns         586  ns_sub =   ath  
[2023/09/06 16:05:35 361] ns         588  ns_host=  open.xf-yun.com  
[2023/09/06 16:05:35 361] ns         479  ns_host=  open.xf-yun.com  
[2023/09/06 16:05:35 361] ns         558  GET /sip/resolver?srand=0906160511.32 HTTP/1.1
Host: hdns.openspeech.cn
Connection: Keep-Alive
X-Par: ver=1.3&appid=5e7d9f3e&operator=UNKNOW&nettype=STANDARD&cver=5.0.38.1195&svc=ath&host=open.xf-yun.com&sign=30edf317457c27b8f470e46c48e542eb
User-Agent: iFLYCloud

  
[2023/09/06 16:05:35 362] ns         559  net_type =  standard  
[2023/09/06 16:05:35 362] ns         560  cmwapascmnet =  
[2023/09/06 16:05:35 362] ns         561  uniwapasuninet =  
[2023/09/06 16:05:35 362] ns         562  ctwapasctnet =  
[2023/09/06 16:05:35 362] ns         579  host=  hdns.openspeech.cn  
[2023/09/06 16:05:35 362] network    263  gethostbyname  hdns.openspeech.cn  ns1  
[2023/09/06 16:05:35 363] auth       535  0  
[2023/09/06 16:05:35 363] auth       498  lver:  nil  
[2023/09/06 16:05:35 363] auth       503  cfg_ver:  nil  
[2023/09/06 16:05:35 363] transport  1849 transport_obj.send | in  
[2023/09/06 16:05:35 363] transport  1855 self.msg_flag_q  table(80081090) 
[2023/09/06 16:05:35 363] transport  1856 self.msg_q  table(80081680) 
[2023/09/06 16:05:35 363] transport  1788 transport_obj.try2send | in  
[2023/09/06 16:05:35 363] transport  1789 self.soc  nil  
[2023/09/06 16:05:35 364] transport  1790 self.connected  false  
[2023/09/06 16:05:35 364] transport  1791 self.latesterr  0  
[2023/09/06 16:05:35 364] transport  1862 transport_obj.send | out  
[2023/09/06 16:05:35 364] isr_local  2038 commit path:   res/asr/GrmBuilld/temp/commit  
[2023/09/06 16:05:35 376] isr_local  2076 commit success!  
[2023/09/06 16:05:35 380] isr_local  1409 esr_session_begin | esr_obj:start ret =  0  
[2023/09/06 16:05:35 381] isr_local  2122 esr_session_begin, ret =   0  
[2023/09/06 16:05:35 381] isr_local  2265 last gc at  1693987534  
[2023/09/06 16:05:35 479] isr_local  655  local engine ready  
[2023/09/06 16:05:35 479] isr_local  585  esr_flush_buf_audio buffer audio num:  0  
[2023/09/06 16:05:35 480] isr_local  630  local engine started  
[2023/09/06 16:05:35 512] isr_local  2126 ASR_LOCAL_MSG_AUW  
[2023/09/06 16:05:35 512] isr_local  1558 auwl =   3200  
[2023/09/06 16:05:35 513] isr_local  2135 esr_audio_write, ret =  nil  
[2023/09/06 16:05:35 513] isr_local  2265 last gc at  1693987534  
[2023/09/06 16:05:35 612] isr_local  2126 ASR_LOCAL_MSG_AUW  
[2023/09/06 16:05:35 612] isr_local  1558 auwl =   3200  
[2023/09/06 16:05:35 612] isr_local  2135 esr_audio_write, ret =  nil  
[2023/09/06 16:05:35 612] isr_local  2265 last gc at  1693987534  
[2023/09/06 16:05:35 718] isr_local  2126 ASR_LOCAL_MSG_AUW  
[2023/09/06 16:05:35 718] isr_local  1558 auwl =   3200  
[2023/09/06 16:05:35 719] isr_local  2135 esr_audio_write, ret =  nil  
[2023/09/06 16:05:35 719] isr_local  2265 last gc at  1693987534  
[2023/09/06 16:05:35 812] isr_local  2126 ASR_LOCAL_MSG_AUW  
[2023/09/06 16:05:35 812] isr_local  1558 auwl =   3200  
[2023/09/06 16:05:35 812] isr_local  2135 esr_audio_write, ret =  nil  
[2023/09/06 16:05:35 813] isr_local  2265 last gc at  1693987534  
[2023/09/06 16:05:35 922] isr_local  2126 ASR_LOCAL_MSG_AUW  
[2023/09/06 16:05:35 922] isr_local  1558 auwl =   3200  
[2023/09/06 16:05:35 923] isr_local  2135 esr_audio_write, ret =  nil  
[2023/09/06 16:05:35 923] isr_local  2265 last gc at  1693987534  
[2023/09/06 16:05:36 021] isr_local  2126 ASR_LOCAL_MSG_AUW  
[2023/09/06 16:05:36 023] isr_local  1558 auwl =   3200  
[2023/09/06 16:05:36 024] isr_local  2135 esr_audio_write, ret =  nil  
[2023/09/06 16:05:36 024] isr_local  2265 last gc at  1693987534  
[2023/09/06 16:05:36 121] isr_local  2126 ASR_LOCAL_MSG_AUW  
[2023/09/06 16:05:36 122] isr_local  1558 auwl =   3200  
[2023/09/06 16:05:36 122] isr_local  2135 esr_audio_write, ret =  nil  
[2023/09/06 16:05:36 123] isr_local  2265 last gc at  1693987534  
[2023/09/06 16:05:36 221] isr_local  2126 ASR_LOCAL_MSG_AUW  
[2023/09/06 16:05:36 222] isr_local  1558 auwl =   3200  
[2023/09/06 16:05:36 223] isr_local  2135 esr_audio_write, ret =  nil  
[2023/09/06 16:05:36 223] isr_local  2265 last gc at  1693987534  
[2023/09/06 16:05:36 321] isr_local  2126 ASR_LOCAL_MSG_AUW  
[2023/09/06 16:05:36 323] isr_local  1558 auwl =   3200  
[2023/09/06 16:05:36 324] isr_local  2135 esr_audio_write, ret =  nil  
[2023/09/06 16:05:36 324] isr_local  2265 last gc at  1693987534  
[2023/09/06 16:05:36 421] isr_local  2126 ASR_LOCAL_MSG_AUW  
[2023/09/06 16:05:36 422] isr_local  1558 auwl =   3200  
[2023/09/06 16:05:36 423] isr_local  2135 esr_audio_write, ret =  nil  
[2023/09/06 16:05:36 423] isr_local  2265 last gc at  1693987534  
[2023/09/06 16:05:36 521] isr_local  2126 ASR_LOCAL_MSG_AUW  
[2023/09/06 16:05:36 522] isr_local  1558 auwl =   3200  
[2023/09/06 16:05:36 523] isr_local  2135 esr_audio_write, ret =  nil  
[2023/09/06 16:05:36 523] isr_local  2265 last gc at  1693987534  
[2023/09/06 16:05:36 622] isr_local  2126 ASR_LOCAL_MSG_AUW  
[2023/09/06 16:05:36 623] isr_local  1558 auwl =   3200  
[2023/09/06 16:05:36 624] isr_local  2135 esr_audio_write, ret =  nil  
[2023/09/06 16:05:36 625] isr_local  2265 last gc at  1693987534  
[2023/09/06 16:05:36 721] isr_local  2126 ASR_LOCAL_MSG_AUW  
[2023/09/06 16:05:36 722] isr_local  1558 auwl =   3200  
[2023/09/06 16:05:36 722] isr_local  2135 esr_audio_write, ret =  nil  
[2023/09/06 16:05:36 723] isr_local  2265 last gc at  1693987534  
[2023/09/06 16:05:36 822] isr_local  2126 ASR_LOCAL_MSG_AUW  
[2023/09/06 16:05:36 823] isr_local  1558 auwl =   3200  
[2023/09/06 16:05:36 823] isr_local  2135 esr_audio_write, ret =  nil  
[2023/09/06 16:05:36 824] isr_local  2265 last gc at  1693987534  
[2023/09/06 16:05:36 911] isr_local  2126 ASR_LOCAL_MSG_AUW  
[2023/09/06 16:05:36 911] isr_local  1558 auwl =   3200  
[2023/09/06 16:05:36 911] isr_local  2135 esr_audio_write, ret =  nil  
[2023/09/06 16:05:36 911] isr_local  2265 last gc at  1693987534  
[2023/09/06 16:05:37 010] isr_local  2126 ASR_LOCAL_MSG_AUW  
[2023/09/06 16:05:37 010] isr_local  1558 auwl =   3200  
[2023/09/06 16:05:37 010] isr_local  2135 esr_audio_write, ret =  nil  
[2023/09/06 16:05:37 010] isr_local  2265 last gc at  1693987534  
[2023/09/06 16:05:37 117] isr_local  2126 ASR_LOCAL_MSG_AUW  
[2023/09/06 16:05:37 119] isr_local  1558 auwl =   3200  
[2023/09/06 16:05:37 120] isr_local  2135 esr_audio_write, ret =  nil  
[2023/09/06 16:05:37 120] isr_local  2265 last gc at  1693987534  
[2023/09/06 16:05:37 217] isr_local  2126 ASR_LOCAL_MSG_AUW  
[2023/09/06 16:05:37 218] isr_local  1558 auwl =   3200  
[2023/09/06 16:05:37 218] isr_local  2135 esr_audio_write, ret =  nil  
[2023/09/06 16:05:37 219] isr_local  2265 last gc at  1693987534  
[2023/09/06 16:05:37 317] isr_local  2126 ASR_LOCAL_MSG_AUW  
[2023/09/06 16:05:37 318] isr_local  1558 auwl =   3200  
[2023/09/06 16:05:37 318] isr_local  2135 esr_audio_write, ret =  nil  
[2023/09/06 16:05:37 319] isr_local  2265 last gc at  1693987534  
[2023/09/06 16:05:37 417] isr_local  2126 ASR_LOCAL_MSG_AUW  
[2023/09/06 16:05:37 419] isr_local  1558 auwl =   3200  
[2023/09/06 16:05:37 420] isr_local  2135 esr_audio_write, ret =  nil  
[2023/09/06 16:05:37 420] isr_local  2265 last gc at  1693987534  
[2023/09/06 16:05:37 518] isr_local  2126 ASR_LOCAL_MSG_AUW  
[2023/09/06 16:05:37 518] isr_local  1558 auwl =   3200  
[2023/09/06 16:05:37 519] isr_local  2135 esr_audio_write, ret =  nil  
[2023/09/06 16:05:37 519] isr_local  2265 last gc at  1693987534  
[2023/09/06 16:05:37 607] isr_local  2126 ASR_LOCAL_MSG_AUW  
[2023/09/06 16:05:37 607] isr_local  1558 auwl =   3200  
[2023/09/06 16:05:37 607] isr_local  2135 esr_audio_write, ret =  nil  
[2023/09/06 16:05:37 607] isr_local  2265 last gc at  1693987534  
[2023/09/06 16:05:37 707] isr_local  2126 ASR_LOCAL_MSG_AUW  
[2023/09/06 16:05:37 707] isr_local  1558 auwl =   3200  
[2023/09/06 16:05:37 707] isr_local  2135 esr_audio_write, ret =  nil  
[2023/09/06 16:05:37 707] isr_local  2265 last gc at  1693987534  
[2023/09/06 16:05:37 807] isr_local  2126 ASR_LOCAL_MSG_AUW  
[2023/09/06 16:05:37 807] isr_local  1558 auwl =   3200  
[2023/09/06 16:05:37 807] isr_local  2135 esr_audio_write, ret =  nil  
[2023/09/06 16:05:37 807] isr_local  2265 last gc at  1693987534  
[2023/09/06 16:05:37 914] isr_local  2126 ASR_LOCAL_MSG_AUW  
[2023/09/06 16:05:37 914] isr_local  1558 auwl =   3200  
[2023/09/06 16:05:37 914] isr_local  2135 esr_audio_write, ret =  nil  
[2023/09/06 16:05:37 914] isr_local  2265 last gc at  1693987534  
[2023/09/06 16:05:38 007] isr_local  2126 ASR_LOCAL_MSG_AUW  
[2023/09/06 16:05:38 007] isr_local  1558 auwl =   3200  
[2023/09/06 16:05:38 007] isr_local  2135 esr_audio_write, ret =  nil  
[2023/09/06 16:05:38 007] isr_local  2265 last gc at  1693987534  
[2023/09/06 16:05:38 107] isr_local  2126 ASR_LOCAL_MSG_AUW  
[2023/09/06 16:05:38 107] isr_local  1558 auwl =   3200  
[2023/09/06 16:05:38 107] isr_local  2135 esr_audio_write, ret =  nil  
[2023/09/06 16:05:38 107] isr_local  2265 last gc at  1693987534  
[2023/09/06 16:05:38 208] isr_local  2126 ASR_LOCAL_MSG_AUW  
[2023/09/06 16:05:38 208] isr_local  1558 auwl =   3200  
[2023/09/06 16:05:38 209] isr_local  2135 esr_audio_write, ret =  nil  
[2023/09/06 16:05:38 209] isr_local  2265 last gc at  1693987534  
[2023/09/06 16:05:38 307] isr_local  2126 ASR_LOCAL_MSG_AUW  
[2023/09/06 16:05:38 307] isr_local  1558 auwl =   2880  
[2023/09/06 16:05:38 308] isr_local  2135 esr_audio_write, ret =  nil  
[2023/09/06 16:05:38 308] isr_local  2265 last gc at  1693987534  
[2023/09/06 16:05:38 363] network    231  dns timeout!  ns1  
[2023/09/06 16:05:38 364] ns         457  ns dns failed, err =   10114  
[2023/09/06 16:05:38 365] network    445  gethttpresp2  117.121.48.5  80  ns2  
[2023/09/06 16:05:38 365] network    465  prot_type  tcp  
[2023/09/06 16:05:38 369] transport  306  [dns] [1] timeout!   
[2023/09/06 16:05:38 369] transport  74   dns_failed  
[2023/09/06 16:05:38 369] network    90   ipfromenv ,  ipcache  open.xf-yun.com  def  nil  
[2023/09/06 16:05:38 369] network    90   ipfromenv ,  ipcfg  open.xf-yun.com  def  nil  
[2023/09/06 16:05:38 369] transport  1298 [soc] connect   116.213.69.195  80  
[2023/09/06 16:05:38 369] transport  1310 mspsoc.open,prot_type=  tcp  
[2023/09/06 16:05:38 399] isr_local  669  final result will throw out next!  
[2023/09/06 16:05:38 399] isr_local  679  nRecognizeState:  1  
[2023/09/06 16:05:38 399] isr_local  680  nConfidenceScore:  0  
[2023/09/06 16:05:38 399] isr_local  728  result_type :   xml  
[2023/09/06 16:05:38 399] isr_local  729  result_encoding :   UTF-8  
[2023/09/06 16:05:38 399] isr_local  730  is iat :   true  
[2023/09/06 16:05:38 400] isr_local  771  no recognized result!  
[2023/09/06 16:05:38 400] isr_local  675  recognized end!  
[2023/09/06 16:05:38 403] isr_local  2140 ASR_LOCAL_MSG_SSE  
[2023/09/06 16:05:38 403] isr_local  1518 esr_session_end | esr_obj:stop ret =  0  
[2023/09/06 16:05:38 403] isr_local  2142 esr_session_end, ret =  0  
[2023/09/06 16:05:38 408] isr_local  2265 last gc at  1693987534  
[2023/09/06 16:05:38 462] isr_local  2182 SYS_MSG_SHUTDOWN_LOCAL  
[2023/09/06 16:05:38 522] isr_local  2265 last gc at  1693987534  
============================================================
Time  2023/09/06 16:05:39 162 
============================================================
[2023/09/06 16:05:39 163] isr_local  2168 os_type is:  Linux  
[2023/09/06 16:05:39 163] isr_local  2177 SYS_MSG_LOAD_LOCAL  
[2023/09/06 16:05:39 163] isr_local  2265 last gc at  1693987538  
[2023/09/06 16:05:39 164] isr_local  2206 SYS_MSG_REGCB_LOCAL| param0 =  msp_status_cb  
[2023/09/06 16:05:39 164] isr_local  2265 last gc at  1693987538  
[2023/09/06 16:05:39 164] isr_local  2206 SYS_MSG_REGCB_LOCAL| param0 =  local_service_cbmsg  
[2023/09/06 16:05:39 164] isr_local  2265 last gc at  1693987538  
[2023/09/06 16:05:39 165] isr_local  2114 ASR_LOCAL_MSG_SSB  
[2023/09/06 16:05:39 165] isr_local  1251 esr_session_begin | params:  engine_type=local,asr_res_path=fo|res/asr/common.jet,sample_rate=16000,grm_build_path=res/asr/GrmBuilld,local_grammar=call,result_type=xml,result_encoding=UTF-8  
[2023/09/06 16:05:39 165] isr_local  803  engine_type  :  local  
[2023/09/06 16:05:39 165] isr_local  803  asr_res_path  :  fo|res/asr/common.jet  
[2023/09/06 16:05:39 165] isr_local  803  sample_rate  :  16000  
[2023/09/06 16:05:39 165] isr_local  803  grm_build_path  :  res/asr/GrmBuilld  
[2023/09/06 16:05:39 166] isr_local  803  local_grammar  :  call  
[2023/09/06 16:05:39 166] isr_local  803  result_type  :  xml  
[2023/09/06 16:05:39 166] isr_local  803  result_encoding  :  UTF-8  
[2023/09/06 16:05:39 166] isr_local  1280 init aitalk in ssb  
[2023/09/06 16:05:39 166] isr_local  1162 esr_init | params:  engine_type=local,asr_res_path=fo|res/asr/common.jet,sample_rate=16000,grm_build_path=res/asr/GrmBuilld,local_grammar=call,result_type=xml,result_encoding=UTF-8  
[2023/09/06 16:05:39 166] isr_local  803  engine_type  :  local  
[2023/09/06 16:05:39 166] isr_local  803  asr_res_path  :  fo|res/asr/common.jet  
[2023/09/06 16:05:39 166] isr_local  803  sample_rate  :  16000  
[2023/09/06 16:05:39 167] isr_local  803  grm_build_path  :  res/asr/GrmBuilld  
[2023/09/06 16:05:39 167] isr_local  803  local_grammar  :  call  
[2023/09/06 16:05:39 167] isr_local  803  result_type  :  xml  
[2023/09/06 16:05:39 167] isr_local  803  result_encoding  :  UTF-8  
[2023/09/06 16:05:39 167] isr_local  1083  lucEsr.new   
[2023/09/06 16:05:39 167] isr_local  1000 file count =   1  
[2023/09/06 16:05:39 168] isr_local  923  file open type is:   fo  
[2023/09/06 16:05:39 168] isr_local  956  res/asr/common.jet  0  0  
[2023/09/06 16:05:39 168] isr_local  1018 speech_plus_setting  0  
[2023/09/06 16:05:39 168] isr_local  1031 2  nil  res/asr/common.jet  0  0  
[2023/09/06 16:05:39 168] isr_local  1033 res_ver  2  
[2023/09/06 16:05:39 169] isr_local  1034 res 5  62dd61c88201165be2937d82ec3543bf  
[2023/09/06 16:05:39 169] isr_local  1035 res_new_old_mark  v5pp  
[2023/09/06 16:05:39 169] isr_local  1036 res_usr_name  ""  
[2023/09/06 16:05:39 169] isr_local  1037 res_expires    
[2023/09/06 16:05:39 169] isr_local  1038 err  0  
[2023/09/06 16:05:39 169] isr_local  1054 lgi appid 5  62dd61c88201165be2937d82ec3543bf  
[2023/09/06 16:05:39 169] isr_local  1065 res_expires is null  
[2023/09/06 16:05:39 170] auth       74   aitalk  app  nil  nil  {"aitalk":{"ver":"2","bus":{"forbid":"0","nlimit":2020}}}  
[2023/09/06 16:05:39 171] auth       312  nil  
[2023/09/06 16:05:39 197] isr_local  1294 authorized_aitalk=  nil  
[2023/09/06 16:05:39 197] isr_local  1295 forbid_aitalk=  0  
[2023/09/06 16:05:39 198] auth       570  aitalk  table(64063e50) nil  nil  appid = 5e7d9f3e  
[2023/09/06 16:05:39 198] auth       579  app  nil  nil  nil  
[2023/09/06 16:05:39 198] auth       636  ath rquest  {"authorize":[{"ver":"2.1.1","busin":"aitalk"}]}  
[2023/09/06 16:05:39 201] transport  642  paramkvsport is   nil  
[2023/09/06 16:05:39 201] transport  654  ns_enable=  1  
[2023/09/06 16:05:39 201] transport  656  2017-08--24 is_ns_need_close =   nil  
[2023/09/06 16:05:39 201] transport  662  net.nettype=  standard  
[2023/09/06 16:05:39 201] transport  672  url.full=  nil  
[2023/09/06 16:05:39 201] transport  673  urltmp=  nil  
[2023/09/06 16:05:39 202] transport  677  server_url_host=, server_url_port=, server_url_path=  open.xf-yun.com  nil  /msp.do  
[2023/09/06 16:05:39 202] transport  705  url.full=  nil  
[2023/09/06 16:05:39 202] transport  890  switch 80  
[2023/09/06 16:05:39 202] transport  902  net type:  standard  
[2023/09/06 16:05:39 202] transport  903  net operator:  def  
[2023/09/06 16:05:39 202] transport  904  use proxy:  false  
[2023/09/06 16:05:39 203] auth       691  not login!  
[2023/09/06 16:05:39 203] auth       528  [session] send auth request  
[2023/09/06 16:05:39 203] transport  1102 session.domain=  open.xf-yun.com  
[2023/09/06 16:05:39 203] transport  1103 url.host=  open.xf-yun.com  
[2023/09/06 16:05:39 203] transport  1080 NAMESERVER START  
[2023/09/06 16:05:39 203] transport  1083 name =   ath  
[2023/09/06 16:05:39 204] ns         629  ntt=  standard  
[2023/09/06 16:05:39 204] transport  1086 trans,ns_inprog =  0  
[2023/09/06 16:05:39 204] ns         585  name server start  
[2023/09/06 16:05:39 204] ns         586  ns_sub =   ath  
[2023/09/06 16:05:39 204] ns         588  ns_host=  open.xf-yun.com  
[2023/09/06 16:05:39 204] ns         479  ns_host=  open.xf-yun.com  
[2023/09/06 16:05:39 205] ns         558  GET /sip/resolver?srand=0906160511.32 HTTP/1.1
Host: hdns.openspeech.cn
Connection: Keep-Alive
X-Par: ver=1.3&appid=5e7d9f3e&operator=UNKNOW&nettype=STANDARD&cver=5.0.38.1195&svc=ath&host=open.xf-yun.com&sign=30edf317457c27b8f470e46c48e542eb
User-Agent: iFLYCloud

  
[2023/09/06 16:05:39 205] ns         559  net_type =  standard  
[2023/09/06 16:05:39 205] ns         560  cmwapascmnet =  
[2023/09/06 16:05:39 205] ns         561  uniwapasuninet =  
[2023/09/06 16:05:39 205] ns         562  ctwapasctnet =  
[2023/09/06 16:05:39 206] ns         579  host=  hdns.openspeech.cn  
[2023/09/06 16:05:39 206] network    263  gethostbyname  hdns.openspeech.cn  ns1  
[2023/09/06 16:05:39 209] auth       535  0  
[2023/09/06 16:05:39 209] auth       498  lver:  nil  
[2023/09/06 16:05:39 209] auth       503  cfg_ver:  nil  
[2023/09/06 16:05:39 209] transport  1849 transport_obj.send | in  
[2023/09/06 16:05:39 209] transport  1855 self.msg_flag_q  table(6402bbc0) 
[2023/09/06 16:05:39 210] transport  1856 self.msg_q  table(640498a0) 
[2023/09/06 16:05:39 210] transport  1788 transport_obj.try2send | in  
[2023/09/06 16:05:39 210] transport  1789 self.soc  nil  
[2023/09/06 16:05:39 210] transport  1790 self.connected  false  
[2023/09/06 16:05:39 210] transport  1791 self.latesterr  0  
[2023/09/06 16:05:39 210] transport  1862 transport_obj.send | out  
[2023/09/06 16:05:39 210] isr_local  2038 commit path:   res/asr/GrmBuilld/temp/commit  
[2023/09/06 16:05:39 221] isr_local  2076 commit success!  
[2023/09/06 16:05:39 226] isr_local  1409 esr_session_begin | esr_obj:start ret =  0  
[2023/09/06 16:05:39 226] isr_local  2122 esr_session_begin, ret =   0  
[2023/09/06 16:05:39 226] isr_local  2265 last gc at  1693987538  
[2023/09/06 16:05:39 323] isr_local  655  local engine ready  
[2023/09/06 16:05:39 323] isr_local  585  esr_flush_buf_audio buffer audio num:  0  
[2023/09/06 16:05:39 324] isr_local  630  local engine started  
[2023/09/06 16:05:39 348] isr_local  2126 ASR_LOCAL_MSG_AUW  
[2023/09/06 16:05:39 348] isr_local  1558 auwl =   3200  
[2023/09/06 16:05:39 349] isr_local  2135 esr_audio_write, ret =  nil  
[2023/09/06 16:05:39 349] isr_local  2265 last gc at  1693987538  
[2023/09/06 16:05:39 441] isr_local  2126 ASR_LOCAL_MSG_AUW  
[2023/09/06 16:05:39 442] isr_local  1558 auwl =   3200  
[2023/09/06 16:05:39 442] isr_local  2135 esr_audio_write, ret =  nil  
[2023/09/06 16:05:39 442] isr_local  2265 last gc at  1693987538  
[2023/09/06 16:05:39 554] isr_local  2126 ASR_LOCAL_MSG_AUW  
[2023/09/06 16:05:39 554] isr_local  1558 auwl =   3200  
[2023/09/06 16:05:39 555] isr_local  2135 esr_audio_write, ret =  nil  
[2023/09/06 16:05:39 555] isr_local  2265 last gc at  1693987538  
[2023/09/06 16:05:39 653] isr_local  2126 ASR_LOCAL_MSG_AUW  
[2023/09/06 16:05:39 654] isr_local  1558 auwl =   3200  
[2023/09/06 16:05:39 654] isr_local  2135 esr_audio_write, ret =  nil  
[2023/09/06 16:05:39 655] isr_local  2265 last gc at  1693987538  
[2023/09/06 16:05:39 752] isr_local  2126 ASR_LOCAL_MSG_AUW  
[2023/09/06 16:05:39 753] isr_local  1558 auwl =   3200  
[2023/09/06 16:05:39 754] isr_local  2135 esr_audio_write, ret =  nil  
[2023/09/06 16:05:39 754] isr_local  2265 last gc at  1693987538  
[2023/09/06 16:05:39 852] isr_local  2126 ASR_LOCAL_MSG_AUW  
[2023/09/06 16:05:39 853] isr_local  1558 auwl =   3200  
[2023/09/06 16:05:39 854] isr_local  2135 esr_audio_write, ret =  nil  
[2023/09/06 16:05:39 854] isr_local  2265 last gc at  1693987538  
[2023/09/06 16:05:39 952] isr_local  2126 ASR_LOCAL_MSG_AUW  
[2023/09/06 16:05:39 953] isr_local  1558 auwl =   3200  
[2023/09/06 16:05:39 953] isr_local  2135 esr_audio_write, ret =  nil  
[2023/09/06 16:05:39 954] isr_local  2265 last gc at  1693987538  
[2023/09/06 16:05:40 053] isr_local  2126 ASR_LOCAL_MSG_AUW  
[2023/09/06 16:05:40 054] isr_local  1558 auwl =   3200  
[2023/09/06 16:05:40 054] isr_local  2135 esr_audio_write, ret =  nil  
[2023/09/06 16:05:40 055] isr_local  2265 last gc at  1693987538  
[2023/09/06 16:05:40 143] isr_local  2126 ASR_LOCAL_MSG_AUW  
[2023/09/06 16:05:40 143] isr_local  1558 auwl =   3200  
[2023/09/06 16:05:40 143] isr_local  2135 esr_audio_write, ret =  nil  
[2023/09/06 16:05:40 144] isr_local  2265 last gc at  1693987538  
[2023/09/06 16:05:40 241] isr_local  2126 ASR_LOCAL_MSG_AUW  
[2023/09/06 16:05:40 242] isr_local  1558 auwl =   3200  
[2023/09/06 16:05:40 242] isr_local  2135 esr_audio_write, ret =  nil  
[2023/09/06 16:05:40 242] isr_local  2265 last gc at  1693987538  
[2023/09/06 16:05:40 352] isr_local  2126 ASR_LOCAL_MSG_AUW  
[2023/09/06 16:05:40 353] isr_local  1558 auwl =   3200  
[2023/09/06 16:05:40 353] isr_local  2135 esr_audio_write, ret =  nil  
[2023/09/06 16:05:40 354] isr_local  2265 last gc at  1693987538  
[2023/09/06 16:05:40 452] isr_local  2126 ASR_LOCAL_MSG_AUW  
[2023/09/06 16:05:40 453] isr_local  1558 auwl =   3200  
[2023/09/06 16:05:40 454] isr_local  2135 esr_audio_write, ret =  nil  
[2023/09/06 16:05:40 454] isr_local  2265 last gc at  1693987538  
[2023/09/06 16:05:40 553] isr_local  2126 ASR_LOCAL_MSG_AUW  
[2023/09/06 16:05:40 554] isr_local  1558 auwl =   3200  
[2023/09/06 16:05:40 554] isr_local  2135 esr_audio_write, ret =  nil  
[2023/09/06 16:05:40 555] isr_local  2265 last gc at  1693987538  
[2023/09/06 16:05:40 643] isr_local  2126 ASR_LOCAL_MSG_AUW  
[2023/09/06 16:05:40 644] isr_local  1558 auwl =   3200  
[2023/09/06 16:05:40 644] isr_local  2135 esr_audio_write, ret =  nil  
[2023/09/06 16:05:40 645] isr_local  2265 last gc at  1693987538  
[2023/09/06 16:05:40 738] isr_local  2126 ASR_LOCAL_MSG_AUW  
[2023/09/06 16:05:40 739] isr_local  1558 auwl =   3200  
[2023/09/06 16:05:40 739] isr_local  2135 esr_audio_write, ret =  nil  
[2023/09/06 16:05:40 740] isr_local  2265 last gc at  1693987538  
[2023/09/06 16:05:40 838] isr_local  2126 ASR_LOCAL_MSG_AUW  
[2023/09/06 16:05:40 839] isr_local  1558 auwl =   3200  
[2023/09/06 16:05:40 840] isr_local  2135 esr_audio_write, ret =  nil  
[2023/09/06 16:05:40 840] isr_local  2265 last gc at  1693987538  
[2023/09/06 16:05:40 938] isr_local  2126 ASR_LOCAL_MSG_AUW  
[2023/09/06 16:05:40 939] isr_local  1558 auwl =   3200  
[2023/09/06 16:05:40 939] isr_local  2135 esr_audio_write, ret =  nil  
[2023/09/06 16:05:40 940] isr_local  2265 last gc at  1693987538  
[2023/09/06 16:05:41 039] isr_local  2126 ASR_LOCAL_MSG_AUW  
[2023/09/06 16:05:41 039] isr_local  1558 auwl =   3200  
[2023/09/06 16:05:41 040] isr_local  2135 esr_audio_write, ret =  nil  
[2023/09/06 16:05:41 040] isr_local  2265 last gc at  1693987538  
[2023/09/06 16:05:41 139] isr_local  2126 ASR_LOCAL_MSG_AUW  
[2023/09/06 16:05:41 139] isr_local  1558 auwl =   3200  
[2023/09/06 16:05:41 140] isr_local  2135 esr_audio_write, ret =  nil  
[2023/09/06 16:05:41 140] isr_local  2265 last gc at  1693987538  
[2023/09/06 16:05:41 238] isr_local  2126 ASR_LOCAL_MSG_AUW  
[2023/09/06 16:05:41 238] isr_local  1558 auwl =   3200  
[2023/09/06 16:05:41 238] isr_local  2135 esr_audio_write, ret =  nil  
[2023/09/06 16:05:41 238] isr_local  2265 last gc at  1693987538  
[2023/09/06 16:05:41 338] isr_local  2126 ASR_LOCAL_MSG_AUW  
[2023/09/06 16:05:41 338] isr_local  1558 auwl =   3200  
[2023/09/06 16:05:41 338] isr_local  2135 esr_audio_write, ret =  nil  
[2023/09/06 16:05:41 338] isr_local  2265 last gc at  1693987538  
[2023/09/06 16:05:41 438] isr_local  2126 ASR_LOCAL_MSG_AUW  
[2023/09/06 16:05:41 438] isr_local  1558 auwl =   3200  
[2023/09/06 16:05:41 438] isr_local  2135 esr_audio_write, ret =  nil  
[2023/09/06 16:05:41 438] isr_local  2265 last gc at  1693987538  
[2023/09/06 16:05:41 538] isr_local  2126 ASR_LOCAL_MSG_AUW  
[2023/09/06 16:05:41 538] isr_local  1558 auwl =   3200  
[2023/09/06 16:05:41 538] isr_local  2135 esr_audio_write, ret =  nil  
[2023/09/06 16:05:41 538] isr_local  2265 last gc at  1693987538  
[2023/09/06 16:05:41 638] isr_local  2126 ASR_LOCAL_MSG_AUW  
[2023/09/06 16:05:41 638] isr_local  1558 auwl =   3200  
[2023/09/06 16:05:41 638] isr_local  2135 esr_audio_write, ret =  nil  
[2023/09/06 16:05:41 638] isr_local  2265 last gc at  1693987538  
[2023/09/06 16:05:41 739] isr_local  2126 ASR_LOCAL_MSG_AUW  
[2023/09/06 16:05:41 739] isr_local  1558 auwl =   3200  
[2023/09/06 16:05:41 740] isr_local  2135 esr_audio_write, ret =  nil  
[2023/09/06 16:05:41 740] isr_local  2265 last gc at  1693987538  
[2023/09/06 16:05:41 838] isr_local  2126 ASR_LOCAL_MSG_AUW  
[2023/09/06 16:05:41 838] isr_local  1558 auwl =   3200  
[2023/09/06 16:05:41 838] isr_local  2135 esr_audio_write, ret =  nil  
[2023/09/06 16:05:41 838] isr_local  2265 last gc at  1693987538  
[2023/09/06 16:05:41 939] isr_local  2126 ASR_LOCAL_MSG_AUW  
[2023/09/06 16:05:41 939] isr_local  1558 auwl =   3200  
[2023/09/06 16:05:41 940] isr_local  2135 esr_audio_write, ret =  nil  
[2023/09/06 16:05:41 940] isr_local  2265 last gc at  1693987538  
[2023/09/06 16:05:42 038] isr_local  2126 ASR_LOCAL_MSG_AUW  
[2023/09/06 16:05:42 038] isr_local  1558 auwl =   3200  
[2023/09/06 16:05:42 038] isr_local  2135 esr_audio_write, ret =  nil  
[2023/09/06 16:05:42 038] isr_local  2265 last gc at  1693987538  
[2023/09/06 16:05:42 151] isr_local  2126 ASR_LOCAL_MSG_AUW  
[2023/09/06 16:05:42 151] isr_local  1558 auwl =   2880  
[2023/09/06 16:05:42 151] isr_local  2135 esr_audio_write, ret =  nil  
[2023/09/06 16:05:42 151] isr_local  2265 last gc at  1693987538  
[2023/09/06 16:05:42 206] network    231  dns timeout!  ns1  
[2023/09/06 16:05:42 207] ns         457  ns dns failed, err =   10114  
[2023/09/06 16:05:42 208] network    445  gethttpresp2  117.121.48.5  80  ns2  
[2023/09/06 16:05:42 208] network    465  prot_type  tcp  
[2023/09/06 16:05:42 209] transport  306  [dns] [1] timeout!   
[2023/09/06 16:05:42 209] transport  74   dns_failed  
[2023/09/06 16:05:42 209] network    90   ipfromenv ,  ipcache  open.xf-yun.com  def  nil  
[2023/09/06 16:05:42 209] network    90   ipfromenv ,  ipcfg  open.xf-yun.com  def  nil  
[2023/09/06 16:05:42 209] transport  1298 [soc] connect   116.213.69.195  80  
[2023/09/06 16:05:42 210] transport  1310 mspsoc.open,prot_type=  tcp  
[2023/09/06 16:05:42 259] isr_local  669  final result will throw out next!  
[2023/09/06 16:05:42 260] isr_local  679  nRecognizeState:  1  
[2023/09/06 16:05:42 261] isr_local  680  nConfidenceScore:  0  
[2023/09/06 16:05:42 262] isr_local  728  result_type :   xml  
[2023/09/06 16:05:42 263] isr_local  729  result_encoding :   UTF-8  
[2023/09/06 16:05:42 264] isr_local  730  is iat :   false  
[2023/09/06 16:05:42 264] isr_local  469  item_count:1  
[2023/09/06 16:05:42 264] isr_local  293  nil  
[2023/09/06 16:05:42 265] isr_local  675  recognized end!  
[2023/09/06 16:05:42 268] isr_local  2140 ASR_LOCAL_MSG_SSE  
[2023/09/06 16:05:42 268] isr_local  1518 esr_session_end | esr_obj:stop ret =  0  
[2023/09/06 16:05:42 268] isr_local  2142 esr_session_end, ret =  0  
[2023/09/06 16:05:42 274] isr_local  2265 last gc at  1693987538  
[2023/09/06 16:05:42 359] isr_local  638  local engine already stopped! stop cmd ignored  
[2023/09/06 16:05:42 420] isr_local  2182 SYS_MSG_SHUTDOWN_LOCAL  
[2023/09/06 16:05:42 531] isr_local  2265 last gc at  1693987538  
